FrameIndex,VideoTimeSec,Status,SearchMode,Latitude,Longitude,MapCenterXPx,MapCenterYPx,Score,TileId,MatchCount,InlierCount,InlierRatio,MeanMatchConfidence,ReprojectionErrorPx
25200,420.0,localized,telemetry_prior,39.80284759,32.38083723,913.37,1008.83,27.6642,tile_512px_0020,22,8,0.3636,0.5916,1.5481
25218,420.3,localized,track_local,39.80223502,32.37886654,585.32,1138.40,24.4432,tile_512px_0020,23,8,0.3478,0.3037,1.3719
25225,420.417,localized,track_local,39.80215351,32.37934389,664.44,1156.49,23.2751,tile_512px_0020,50,10,0.2000,0.3549,1.6983
25241,420.683,localized,track_local,39.80167536,32.37861813,543.25,1258.56,19.0130,tile_512px_0025,39,7,0.1795,0.3832,0.9388
25253,420.883,localized,track_local,39.80134188,32.38048652,852.91,1332.48,22.9838,tile_512px_0026,31,8,0.2581,0.4296,1.4049
25261,421.017,localized,track_local,39.80155191,32.38151652,1024.20,1288.47,22.3827,tile_512px_0027,13,5,0.3846,0.3827,0.6431
25272,421.2,localized,telemetry_prior,39.80200083,32.37924598,647.96,1189.24,17.2426,tile_512px_0020,18,5,0.2778,0.1479,0.0932
25279,421.317,localized,track_local,39.80179828,32.38159628,1037.81,1235.53,23.6595,tile_512px_0020,13,5,0.3846,0.4844,0.2967
25287,421.45,localized,track_local,39.80191459,32.38173316,1060.71,1210.66,37.5619,tile_512px_0027,37,15,0.4054,0.4914,2.6862
25300,421.667,localized,track_local,39.80207503,32.38090335,923.19,1175.18,16.4769,tile_512px_0027,13,4,0.3077,0.1246,0.0000
25309,421.817,localized,track_local,39.80184817,32.38142308,1009.13,1224.60,25.8230,tile_512px_0021,16,7,0.4375,0.2867,0.8926
25321,422.017,localized,track_local,39.80234604,32.38185682,1081.87,1117.94,23.8403,tile_512px_0027,12,5,0.4167,0.4114,0.3647
25332,422.2,localized,telemetry_prior,39.80205635,32.38128418,986.38,1179.63,24.5779,tile_512px_0020,15,6,0.4000,0.3941,0.4846
25342,422.367,localized,track_local,39.80198799,32.38119236,971.04,1194.24,24.2836,tile_512px_0021,8,4,0.5000,0.3284,0.0000
25352,422.533,localized,track_local,39.80133000,32.38184536,1078.46,1336.60,35.9359,tile_512px_0027,48,16,0.3333,0.3302,1.8214
25362,422.7,localized,track_local,39.80115228,32.38156965,1032.43,1374.53,31.4825,tile_512px_0027,40,13,0.3250,0.3541,1.7448
25373,422.883,localized,track_local,39.80068844,32.38120669,971.49,1473.94,21.0418,tile_512px_0033,31,8,0.2581,0.2533,1.6440
25389,423.15,localized,track_local,39.80256590,32.38118968,971.46,1069.86,25.1063,tile_512px_0027,16,7,0.4375,0.2535,1.4046
25398,423.3,localized,track_local,39.80255033,32.38140547,1007.25,1073.46,28.5620,tile_512px_0027,17,8,0.4706,0.3527,1.4431
25404,423.4,localized,telemetry_prior,39.80255674,32.38223241,1144.53,1073.03,21.7292,tile_512px_0021,12,5,0.4167,0.2027,0.3967
25413,423.55,localized,track_local,39.80262681,32.38118438,970.67,1056.75,32.4980,tile_512px_0021,18,9,0.5000,0.4489,0.6550
25425,423.75,localized,track_local,39.80262340,32.38119418,972.29,1057.49,45.0674,tile_512px_0021,24,15,0.6250,0.5389,2.0955
25435,423.917,localized,track_local,39.80260344,32.38125608,982.53,1061.86,47.0873,tile_512px_0021,22,15,0.6818,0.5524,1.8547
25442,424.033,localized,track_local,39.80264110,32.38123089,978.41,1053.72,65.7866,tile_512px_0021,33,26,0.7879,0.4775,2.1664
25450,424.167,localized,track_local,39.80263842,32.38121677,976.06,1054.28,68.6770,tile_512px_0021,40,28,0.7000,0.6522,1.1266
25457,424.283,localized,track_local,39.80265229,32.38120769,974.57,1051.29,76.2549,tile_512px_0021,43,32,0.7442,0.7050,1.4948
25464,424.4,localized,telemetry_prior,39.80264666,32.38122711,977.79,1052.52,86.4449,tile_512px_0021,43,37,0.8605,0.6427,1.7283
25473,424.55,localized,track_local,39.80266160,32.38123761,979.55,1049.32,88.7027,tile_512px_0021,40,37,0.9250,0.6667,1.6187
25481,424.683,localized,track_local,39.80267175,32.38125858,983.05,1047.16,88.7352,tile_512px_0021,41,37,0.9024,0.7234,1.4291
25488,424.8,localized,telemetry_prior,39.80267977,32.38124146,980.22,1045.41,83.8024,tile_512px_0021,46,36,0.7826,0.7187,1.1499
25496,424.933,localized,track_local,39.80267787,32.38125006,981.65,1045.83,86.6859,tile_512px_0021,40,36,0.9000,0.6645,1.2793
25502,425.033,localized,track_local,39.80268285,32.38124676,981.11,1044.76,85.2939,tile_512px_0021,34,33,0.9706,0.7413,0.9824
25508,425.133,localized,track_local,39.80269160,32.38126131,983.53,1042.89,88.7181,tile_512px_0021,41,37,0.9024,0.6913,1.0236
25516,425.267,localized,track_local,39.80269982,32.38124695,981.16,1041.11,87.3099,tile_512px_0021,41,36,0.8780,0.7664,0.9277
25522,425.367,localized,track_local,39.80270367,32.38126083,983.47,1040.29,90.1483,tile_512px_0021,47,39,0.8298,0.7591,1.1158
25528,425.467,localized,track_local,39.80270975,32.38126234,983.73,1038.99,88.7150,tile_512px_0021,45,38,0.8444,0.7382,1.3335
25535,425.583,localized,track_local,39.80271505,32.38127121,985.21,1037.86,95.6667,tile_512px_0021,43,41,0.9535,0.6761,1.5980
25542,425.7,localized,track_local,39.80271863,32.38127815,986.37,1037.09,97.9931,tile_512px_0021,44,42,0.9545,0.7297,1.2543
25549,425.817,localized,track_local,39.80272520,32.38127362,985.63,1035.67,93.9370,tile_512px_0021,43,40,0.9302,0.6867,1.1154
25555,425.917,localized,track_local,39.80272915,32.38128045,986.77,1034.83,96.1076,tile_512px_0021,46,42,0.9130,0.6558,1.1217
25563,426.05,localized,track_local,39.80273024,32.38128134,986.92,1034.60,96.7392,tile_512px_0021,43,41,0.9535,0.7534,1.1997
25570,426.167,localized,track_local,39.80273457,32.38129395,989.02,1033.68,109.5440,tile_512px_0021,49,49,1.0000,0.7283,1.6515
25578,426.3,localized,track_local,39.80274349,32.38129093,988.53,1031.76,91.9110,tile_512px_0021,44,39,0.8864,0.7567,0.9953
25584,426.4,localized,telemetry_prior,39.80275000,32.38129236,988.78,1030.36,93.2233,tile_512px_0021,44,40,0.9091,0.7092,1.5213
25591,426.517,localized,track_local,39.80275880,32.38129520,989.26,1028.47,97.9354,tile_512px_0021,47,43,0.9149,0.7019,1.3742
25597,426.617,localized,track_local,39.80276333,32.38130041,990.13,1027.50,92.3239,tile_512px_0021,43,39,0.9070,0.7535,1.2279
25604,426.733,localized,track_local,39.80276140,32.38130434,990.78,1027.92,90.4571,tile_512px_0021,41,38,0.9268,0.6841,1.5851
25611,426.85,localized,track_local,39.80278313,32.38130211,990.44,1023.24,87.9575,tile_512px_0021,39,36,0.9231,0.7157,1.1888
25618,426.967,localized,track_local,39.80279253,32.38130558,991.03,1021.22,93.7710,tile_512px_0021,41,39,0.9512,0.7543,1.0777
25626,427.1,localized,track_local,39.80279063,32.38130086,990.25,1021.62,91.8906,tile_512px_0021,43,39,0.9070,0.7227,1.3941
25632,427.2,localized,telemetry_prior,39.80280005,32.38131129,991.99,1019.61,95.6700,tile_512px_0021,44,41,0.9318,0.7145,1.2397
25640,427.333,localized,track_local,39.80281013,32.38131272,992.24,1017.44,103.8934,tile_512px_0021,48,46,0.9583,0.7192,1.3979
25647,427.45,localized,track_local,39.80281574,32.38132427,994.17,1016.25,103.5316,tile_512px_0021,49,46,0.9388,0.7577,1.6120
25655,427.583,localized,track_local,39.80281247,32.38132117,993.65,1016.95,102.9086,tile_512px_0021,53,47,0.8868,0.7049,1.6594
25663,427.717,localized,track_local,39.80282619,32.38132957,995.06,1014.00,106.7820,tile_512px_0021,48,47,0.9792,0.7820,1.2168
25670,427.833,localized,track_local,39.80284023,32.38134189,997.13,1011.00,109.1358,tile_512px_0021,51,49,0.9608,0.7881,1.4254
25679,427.983,localized,track_local,39.80284687,32.38133781,996.46,1009.56,100.9818,tile_512px_0021,47,44,0.9362,0.7854,1.2766
25687,428.117,localized,track_local,39.80285557,32.38134080,996.97,1007.69,102.1085,tile_512px_0021,48,45,0.9375,0.7480,1.3290
25695,428.25,localized,track_local,39.80286600,32.38135109,998.70,1005.46,101.4025,tile_512px_0021,49,45,0.9184,0.7170,1.0918
25702,428.367,localized,track_local,39.80286667,32.38135121,998.72,1005.32,106.9267,tile_512px_0021,54,49,0.9074,0.7274,1.4260
25709,428.483,localized,track_local,39.80287169,32.38136388,1000.83,1004.25,111.1021,tile_512px_0021,55,51,0.9273,0.7601,1.0895
25716,428.6,localized,telemetry_prior,39.80287943,32.38137117,1002.05,1002.59,115.4490,tile_512px_0021,53,53,1.0000,0.6906,1.2757
25724,428.733,localized,track_local,39.80288649,32.38137027,1001.91,1001.07,113.9887,tile_512px_0021,53,52,0.9811,0.7617,1.4167
25733,428.883,localized,track_local,39.80289679,32.38138136,1003.77,998.87,117.7027,tile_512px_0021,57,55,0.9649,0.7382,1.5024
25740,429.0,localized,telemetry_prior,39.80289512,32.38136135,1000.44,999.20,111.0710,tile_512px_0021,54,51,0.9444,0.7449,1.6155
25747,429.117,localized,track_local,39.80291115,32.38138523,1004.43,995.78,113.0323,tile_512px_0021,54,52,0.9630,0.7143,1.3328
25755,429.25,localized,track_local,39.80291710,32.38139883,1006.70,994.52,107.7711,tile_512px_0021,52,49,0.9423,0.6981,1.3054
25766,429.433,localized,track_local,39.80292344,32.38139992,1006.89,993.15,112.4310,tile_512px_0021,55,52,0.9455,0.7152,1.4466
25775,429.583,localized,track_local,39.80293461,32.38141916,1010.10,990.77,123.1636,tile_512px_0021,58,58,1.0000,0.7100,1.2486
25782,429.7,localized,track_local,39.80293576,32.38140833,1008.30,990.51,114.8336,tile_512px_0021,54,53,0.9815,0.6879,1.3191
25789,429.817,localized,track_local,39.80294208,32.38139729,1006.48,989.14,103.4422,tile_512px_0021,49,46,0.9388,0.7335,1.4086
25796,429.933,localized,track_local,39.80294035,32.38142362,1010.85,989.54,111.7149,tile_512px_0021,56,52,0.9286,0.7158,1.7330
25805,430.083,localized,track_local,39.80295592,32.38143324,1012.47,986.20,113.2537,tile_512px_0021,56,53,0.9464,0.6438,1.4364
25812,430.2,localized,telemetry_prior,39.80295612,32.38145220,1015.62,986.18,114.4131,tile_512px_0021,58,54,0.9310,0.6691,1.6121
25821,430.35,localized,track_local,39.80296911,32.38145134,1015.49,983.38,115.0948,tile_512px_0021,57,54,0.9474,0.6596,1.2294
25829,430.483,localized,track_local,39.80297579,32.38146807,1018.28,981.96,107.5188,tile_512px_0021,56,50,0.8929,0.7087,1.8050
25837,430.617,localized,track_local,39.80297279,32.38146825,1018.30,982.61,106.2292,tile_512px_0021,61,51,0.8361,0.5875,1.6370
25845,430.75,localized,track_local,39.80296900,32.38148211,1020.60,983.44,99.7775,tile_512px_0021,53,45,0.8491,0.7776,1.2934
25852,430.867,localized,track_local,39.80298707,32.38146962,1018.55,979.54,115.9988,tile_512px_0021,60,55,0.9167,0.7332,1.7780
25861,431.017,localized,track_local,39.80300522,32.38148025,1020.34,975.65,111.2929,tile_512px_0021,57,52,0.9123,0.6970,1.3936
25868,431.133,localized,track_local,39.80301733,32.38148483,1021.12,973.04,116.8295,tile_512px_0021,59,55,0.9322,0.7295,1.2416
25877,431.283,localized,track_local,39.80302037,32.38149896,1023.47,972.41,115.7337,tile_512px_0021,61,55,0.9016,0.7205,1.3606
25886,431.433,localized,track_local,39.80303239,32.38150311,1024.18,969.82,112.9430,tile_512px_0021,56,53,0.9464,0.6340,1.7192
25894,431.567,localized,track_local,39.80301563,32.38151936,1026.85,973.45,93.6401,tile_512px_0021,58,44,0.7586,0.6597,2.2870
25901,431.683,localized,track_local,39.80304336,32.38150998,1025.34,967.47,97.3880,tile_512px_0021,47,43,0.9149,0.6536,1.4596
25909,431.817,localized,track_local,39.80305173,32.38152452,1027.76,965.69,112.4180,tile_512px_0021,53,52,0.9811,0.6162,1.5707
25916,431.933,localized,track_local,39.80306177,32.38153620,1029.72,963.54,89.1194,tile_512px_0021,47,39,0.8298,0.6990,1.6856
25924,432.067,localized,track_local,39.80307080,32.38153122,1028.90,961.59,94.9640,tile_512px_0015,57,44,0.7719,0.6746,1.2527
25933,432.217,localized,track_local,39.80307374,32.38153535,1029.59,960.96,95.8377,tile_512px_0015,49,43,0.8776,0.6100,1.4518
25941,432.35,localized,track_local,39.80308328,32.38154230,1030.76,958.92,99.0295,tile_512px_0015,51,45,0.8824,0.6287,1.6368
25950,432.5,localized,track_local,39.80309499,32.38154751,1031.64,956.40,101.1175,tile_512px_0015,54,47,0.8704,0.5941,1.9123
25957,432.617,localized,track_local,39.80309584,32.38155092,1032.21,956.22,98.1169,tile_512px_0015,57,46,0.8070,0.5803,1.1953
25966,432.767,localized,track_local,39.80310684,32.38156319,1034.26,953.87,90.5134,tile_512px_0015,52,41,0.7885,0.6217,1.1435
25974,432.9,localized,track_local,39.80311155,32.38157330,1035.95,952.87,117.2547,tile_512px_0015,55,54,0.9818,0.7659,1.1457
25981,433.017,localized,track_local,39.80311431,32.38158268,1037.51,952.28,119.1186,tile_512px_0015,55,55,1.0000,0.7592,1.2976
25990,433.167,localized,track_local,39.80312283,32.38158134,1037.30,950.45,108.1633,tile_512px_0015,57,50,0.8772,0.7733,1.1810
25998,433.3,localized,track_local,39.80313591,32.38158573,1038.05,947.64,105.0870,tile_512px_0015,54,48,0.8889,0.7343,1.2308
26005,433.417,localized,track_local,39.80314440,32.38158837,1038.50,945.82,109.2359,tile_512px_0015,54,50,0.9259,0.7276,1.0907
26013,433.55,localized,track_local,39.80315114,32.38158830,1038.50,944.37,117.7081,tile_512px_0015,58,55,0.9483,0.7772,1.3499
26020,433.667,localized,track_local,39.80314957,32.38159150,1039.03,944.71,110.8584,tile_512px_0015,55,51,0.9273,0.7526,1.3142
26028,433.8,localized,telemetry_prior,39.80315611,32.38160210,1040.79,943.31,113.6909,tile_512px_0015,60,54,0.9000,0.6987,1.7282
26035,433.917,localized,track_local,39.80316437,32.38160660,1041.56,941.54,112.6147,tile_512px_0015,58,53,0.9138,0.6954,1.6713
26043,434.05,localized,track_local,39.80317134,32.38161009,1042.14,940.04,108.3252,tile_512px_0015,57,50,0.8772,0.7937,1.2371
26052,434.2,localized,telemetry_prior,39.80317976,32.38161040,1042.21,938.23,109.3715,tile_512px_0015,63,52,0.8254,0.7461,1.1353
26060,434.333,localized,track_local,39.80318288,32.38162850,1045.22,937.58,108.5572,tile_512px_0015,60,51,0.8500,0.7663,1.4740
26067,434.45,localized,track_local,39.80318623,32.38162927,1045.35,936.86,103.0438,tile_512px_0015,54,47,0.8704,0.7504,1.4288
26075,434.583,localized,track_local,39.80319582,32.38163090,1045.64,934.80,99.1212,tile_512px_0015,58,46,0.7931,0.7224,1.1949
26083,434.717,localized,track_local,39.80320440,32.38163240,1045.90,932.95,95.7612,tile_512px_0015,54,43,0.7963,0.8183,1.0808
26090,434.833,localized,track_local,39.80321038,32.38163274,1045.96,931.67,90.8291,tile_512px_0015,50,40,0.8000,0.7689,1.1461
26097,434.95,localized,track_local,39.80321423,32.38163768,1046.79,930.84,95.8663,tile_512px_0015,52,43,0.8269,0.7633,1.4323
26105,435.083,localized,track_local,39.80321909,32.38164980,1048.81,929.81,96.6155,tile_512px_0015,50,43,0.8600,0.7205,1.1859
26112,435.2,localized,telemetry_prior,39.80322770,32.38165104,1049.03,927.96,102.2554,tile_512px_0015,54,47,0.8704,0.6675,1.3744
26120,435.333,localized,track_local,39.80323083,32.38165730,1050.07,927.29,97.7924,tile_512px_0015,50,44,0.8800,0.6742,1.7995
26127,435.45,localized,track_local,39.80323643,32.38166433,1051.25,926.10,103.1371,tile_512px_0015,50,46,0.9200,0.7483,1.2613
26135,435.583,localized,track_local,39.80324534,32.38166438,1051.27,924.18,92.3221,tile_512px_0015,49,41,0.8367,0.6706,1.3152
26142,435.7,localized,track_local,39.80324918,32.38166681,1051.67,923.35,101.2401,tile_512px_0015,48,45,0.9375,0.6829,1.6182
26151,435.85,localized,track_local,39.80326037,32.38167863,1053.65,920.96,94.1108,tile_512px_0015,45,41,0.9111,0.6664,1.8493
26159,435.983,localized,track_local,39.80327022,32.38169306,1056.06,918.86,86.3872,tile_512px_0015,47,38,0.8085,0.6500,1.8247
26167,436.117,localized,track_local,39.80327811,32.38170914,1058.75,917.18,93.5056,tile_512px_0015,51,42,0.8235,0.7087,1.7165
26174,436.233,localized,track_local,39.80328563,32.38171656,1059.99,915.57,93.6041,tile_512px_0015,46,41,0.8913,0.6449,1.4454
26183,436.383,localized,track_local,39.80329054,32.38172611,1061.58,914.52,70.9324,tile_512px_0015,47,31,0.6596,0.5718,1.4299
26190,436.5,localized,track_local,39.80329514,32.38172818,1061.93,913.53,87.8680,tile_512px_0015,48,39,0.8125,0.6418,1.9006
26196,436.6,localized,telemetry_prior,39.80330425,32.38173090,1062.40,911.58,67.7103,tile_512px_0015,40,28,0.7000,0.5609,1.1981
26204,436.733,localized,track_local,39.80331232,32.38173748,1063.50,909.85,81.5260,tile_512px_0015,42,34,0.8095,0.7313,1.4300
26211,436.85,localized,track_local,39.80331806,32.38173758,1063.53,908.61,82.3728,tile_512px_0015,40,34,0.8500,0.6946,1.4313
26218,436.967,localized,track_local,39.80332315,32.38174072,1064.05,907.52,74.0172,tile_512px_0015,42,31,0.7381,0.6651,1.7029
26225,437.083,localized,track_local,39.80332958,32.38173818,1063.64,906.13,81.2303,tile_512px_0015,39,33,0.8462,0.7328,1.3103
26233,437.217,localized,track_local,39.80333782,32.38174530,1064.84,904.37,87.6050,tile_512px_0015,43,37,0.8605,0.7410,1.4917
26241,437.35,localized,track_local,39.80334661,32.38175035,1065.69,902.48,80.6743,tile_512px_0015,42,34,0.8095,0.6590,1.6023
26249,437.483,localized,track_local,39.80335590,32.38175343,1066.21,900.49,75.4792,tile_512px_0015,38,31,0.8158,0.5790,1.7122
26256,437.6,localized,telemetry_prior,39.80335928,32.38175171,1065.93,899.76,72.3342,tile_512px_0015,40,30,0.7500,0.6054,1.6261
26265,437.75,localized,track_local,39.80336653,32.38175291,1066.14,898.20,75.0002,tile_512px_0015,33,29,0.8788,0.6315,1.5717
26272,437.867,localized,track_local,39.80337949,32.38175644,1066.75,895.41,77.7973,tile_512px_0015,32,30,0.9375,0.5983,1.7475
26280,438.0,localized,telemetry_prior,39.80338510,32.38176113,1067.53,894.21,84.7191,tile_512px_0015,39,35,0.8974,0.6301,1.3396
26287,438.117,localized,track_local,39.80339268,32.38176172,1067.64,892.58,78.8703,tile_512px_0015,43,34,0.7907,0.5387,1.6504
26295,438.25,localized,track_local,39.80339201,32.38177382,1069.65,892.74,84.8287,tile_512px_0015,38,35,0.9211,0.5886,1.5853
26303,438.383,localized,track_local,39.80339454,32.38178241,1071.08,892.20,78.1249,tile_512px_0015,42,33,0.7857,0.6350,1.7284
26311,438.517,localized,track_local,39.80340796,32.38179058,1072.46,889.33,71.7676,tile_512px_0015,37,29,0.7838,0.5879,1.5001
26318,438.633,localized,track_local,39.80341567,32.38179970,1073.98,887.68,67.5318,tile_512px_0015,35,26,0.7429,0.7289,1.3909
26326,438.767,localized,track_local,39.80342887,32.38180836,1075.44,884.84,69.6237,tile_512px_0015,38,28,0.7368,0.6454,1.2475
26334,438.9,localized,track_local,39.80342801,32.38181251,1076.13,885.04,67.8242,tile_512px_0015,34,26,0.7647,0.6707,1.0983
26341,439.017,localized,track_local,39.80342657,32.38181317,1076.23,885.35,63.6712,tile_512px_0015,36,25,0.6944,0.6331,1.3239
26349,439.15,localized,track_local,39.80343261,32.38182083,1077.52,884.05,71.2868,tile_512px_0015,33,27,0.8182,0.7095,1.1376
26356,439.267,localized,track_local,39.80343736,32.38182364,1077.99,883.03,54.0250,tile_512px_0015,29,19,0.6552,0.6653,1.0438
26365,439.417,localized,track_local,39.80344875,32.38183314,1079.58,880.59,64.5263,tile_512px_0015,31,24,0.7742,0.6236,1.2476
26371,439.517,localized,track_local,39.80345510,32.38183473,1079.86,879.23,70.6570,tile_512px_0015,33,27,0.8182,0.6511,1.1993
26378,439.633,localized,track_local,39.80345875,32.38183784,1080.38,878.45,54.6219,tile_512px_0015,30,20,0.6667,0.5472,1.1338
26385,439.75,localized,track_local,39.80346870,32.38184181,1081.05,876.31,81.0659,tile_512px_0015,38,33,0.8684,0.6677,1.5512
26392,439.867,localized,track_local,39.80347277,32.38184614,1081.78,875.44,64.8389,tile_512px_0016,27,23,0.8519,0.5804,1.3610
26401,440.017,localized,track_local,39.80347635,32.38185214,1082.78,874.68,60.4599,tile_512px_0015,32,23,0.7188,0.5269,1.1620
26411,440.183,localized,track_local,39.80348394,32.38186500,1084.92,873.06,82.2508,tile_512px_0015,40,34,0.8500,0.6609,1.1448
26419,440.317,localized,track_local,39.80349177,32.38187512,1086.61,871.38,76.8458,tile_512px_0015,38,31,0.8158,0.6822,1.2666
26426,440.433,localized,track_local,39.80349861,32.38187667,1086.88,869.91,81.9041,tile_512px_0015,41,34,0.8293,0.6813,1.0493
26434,440.567,localized,track_local,39.80350465,32.38188559,1088.37,868.62,87.6726,tile_512px_0015,40,36,0.9000,0.7404,0.9752
26443,440.717,localized,track_local,39.80351163,32.38189509,1089.96,867.13,93.5677,tile_512px_0015,41,39,0.9512,0.7570,1.3847
26452,440.867,localized,track_local,39.80352038,32.38190022,1090.82,865.26,83.9224,tile_512px_0015,38,34,0.8947,0.6870,1.0535
26460,441.0,localized,telemetry_prior,39.80352557,32.38190823,1092.16,864.15,85.5850,tile_512px_0015,42,36,0.8571,0.6849,1.3043
26467,441.117,localized,track_local,39.80353257,32.38191148,1092.71,862.65,90.7353,tile_512px_0015,38,37,0.9737,0.6865,1.1199
26476,441.267,localized,track_local,39.80354619,32.38192409,1094.82,859.73,73.4239,tile_512px_0015,41,31,0.7561,0.5849,2.1438
26486,441.433,localized,track_local,39.80356144,32.38191526,1093.38,856.44,80.5577,tile_512px_0015,37,32,0.8649,0.7417,1.0735
26495,441.583,localized,track_local,39.80356805,32.38193682,1096.97,855.04,60.5014,tile_512px_0016,30,23,0.7667,0.4333,1.7756
26505,441.75,localized,track_local,39.80358561,32.38192632,1095.25,851.25,69.5731,tile_512px_0015,33,27,0.8182,0.5283,1.0074
26515,441.917,localized,track_local,39.80359616,32.38192887,1095.69,848.98,69.3383,tile_512px_0015,32,27,0.8438,0.4897,1.8285
26526,442.1,localized,track_local,39.80360851,32.38192106,1094.41,846.31,69.4064,tile_512px_0016,32,27,0.8438,0.4980,1.8485
26537,442.283,localized,track_local,39.80362501,32.38193113,1096.11,842.77,75.0931,tile_512px_0016,33,29,0.8788,0.6215,1.3144
26547,442.45,localized,track_local,39.80363713,32.38194827,1098.97,840.18,78.7977,tile_512px_0016,36,31,0.8611,0.7039,0.7660
26555,442.583,localized,track_local,39.80364564,32.38195519,1100.13,838.36,65.3608,tile_512px_0016,31,25,0.8065,0.4899,1.6418
26567,442.783,localized,track_local,39.80365201,32.38196162,1101.21,837.00,60.4890,tile_512px_0016,37,24,0.6486,0.5922,1.1895
26580,443.0,localized,telemetry_prior,39.80365971,32.38197894,1104.10,835.36,91.6018,tile_512px_0016,41,38,0.9268,0.7392,0.7934
26589,443.15,localized,track_local,39.80366452,32.38198746,1105.52,834.33,82.7302,tile_512px_0015,40,35,0.8750,0.5012,1.3763
26600,443.333,localized,track_local,39.80366891,32.38198931,1105.83,833.39,85.8035,tile_512px_0016,42,36,0.8571,0.6746,0.8752
26610,443.5,localized,track_local,39.80367292,32.38199852,1107.37,832.54,88.5268,tile_512px_0016,39,36,0.9231,0.7442,0.8103
26622,443.7,localized,track_local,39.80367419,32.38200102,1107.79,832.27,88.8036,tile_512px_0015,42,37,0.8810,0.7434,0.7450
26632,443.867,localized,track_local,39.80367247,32.38202648,1112.01,832.67,70.8599,tile_512px_0015,37,29,0.7838,0.5283,1.9151
26644,444.067,localized,track_local,39.80368633,32.38201969,1110.90,829.68,78.9823,tile_512px_0016,36,31,0.8611,0.7289,0.8531
26653,444.217,localized,track_local,39.80369127,32.38202115,1111.15,828.62,87.7161,tile_512px_0016,42,37,0.8810,0.6616,1.1048
26661,444.35,localized,track_local,39.80370226,32.38202837,1112.37,826.26,90.4151,tile_512px_0016,43,38,0.8837,0.7504,0.8009
26670,444.5,localized,track_local,39.80370956,32.38203798,1113.97,824.70,88.8456,tile_512px_0016,42,37,0.8810,0.7654,0.9828
26678,444.633,localized,track_local,39.80372234,32.38203831,1114.05,821.95,84.1165,tile_512px_0015,41,35,0.8537,0.6890,1.1778
26687,444.783,localized,track_local,39.80373224,32.38204530,1115.22,819.83,94.3170,tile_512px_0016,43,40,0.9302,0.7348,1.2510
26696,444.933,localized,track_local,39.80374619,32.38205198,1116.35,816.83,94.5534,tile_512px_0015,45,41,0.9111,0.6700,1.3068
26705,445.083,localized,track_local,39.80376702,32.38205651,1117.13,812.35,92.9642,tile_512px_0015,41,39,0.9512,0.6812,1.1797
26713,445.217,localized,track_local,39.80377865,32.38205663,1117.17,809.85,100.4682,tile_512px_0016,44,43,0.9773,0.7510,1.1465
26723,445.383,localized,track_local,39.80378730,32.38206252,1118.16,808.00,90.4635,tile_512px_0015,45,39,0.8667,0.6877,1.2182
26732,445.533,localized,track_local,39.80379817,32.38206884,1119.23,805.66,99.7213,tile_512px_0015,47,44,0.9362,0.6793,1.5426
26741,445.683,localized,track_local,39.80381016,32.38207938,1121.00,803.10,99.5363,tile_512px_0016,47,44,0.9362,0.6751,1.7337
26751,445.85,localized,track_local,39.80382247,32.38208830,1122.49,800.46,78.5238,tile_512px_0015,39,32,0.8205,0.6875,1.2892
26758,445.967,localized,track_local,39.80383017,32.38209628,1123.83,798.81,85.6922,tile_512px_0015,38,35,0.9211,0.6864,1.7379
26767,446.117,localized,track_local,39.80384059,32.38211172,1126.41,796.58,83.2434,tile_512px_0016,41,35,0.8537,0.6606,1.9627
26775,446.25,localized,track_local,39.80385213,32.38212173,1128.09,794.11,80.9512,tile_512px_0016,46,35,0.7609,0.6607,1.3092
26784,446.4,localized,telemetry_prior,39.80385980,32.38212805,1129.15,792.47,83.5777,tile_512px_0015,37,34,0.9189,0.6256,1.6605
26792,446.533,localized,track_local,39.80386938,32.38213643,1130.55,790.42,96.6041,tile_512px_0016,46,42,0.9130,0.7026,1.0843
26802,446.7,localized,track_local,39.80388186,32.38214495,1131.99,787.74,85.6595,tile_512px_0016,42,36,0.8571,0.6944,1.3315
26809,446.817,localized,track_local,39.80389609,32.38214715,1132.37,784.68,92.1009,tile_512px_0016,43,39,0.9070,0.7266,1.1664
26818,446.967,localized,track_local,39.80391287,32.38215253,1133.29,781.07,99.9034,tile_512px_0016,49,45,0.9184,0.6200,1.7973
26828,447.133,localized,track_local,39.80391482,32.38216047,1134.61,780.66,96.7184,tile_512px_0016,43,41,0.9535,0.7543,1.2386
26836,447.267,localized,track_local,39.80391761,32.38215924,1134.41,780.06,98.3034,tile_512px_0016,46,43,0.9348,0.6930,1.5598
26846,447.433,localized,track_local,39.80392988,32.38217316,1136.74,777.44,98.9583,tile_512px_0016,43,42,0.9767,0.7541,1.1795
26854,447.567,localized,track_local,39.80393058,32.38218346,1138.45,777.30,88.8072,tile_512px_0015,35,35,1.0000,0.7183,1.1672
26863,447.717,localized,track_local,39.80393142,32.38219732,1140.75,777.13,71.8617,tile_512px_0015,35,28,0.8000,0.6809,1.2626
26870,447.833,localized,track_local,39.80393000,32.38220188,1141.51,777.44,82.9323,tile_512px_0015,37,34,0.9189,0.5784,1.8917
26878,447.967,localized,track_local,39.80393810,32.38220843,1142.61,775.71,79.7769,tile_512px_0016,31,30,0.9677,0.6890,1.5265
26888,448.133,localized,track_local,39.80394167,32.38221319,1143.40,774.95,86.1386,tile_512px_0016,38,35,0.9211,0.6874,1.1562
26902,448.367,localized,track_local,39.80395534,32.38222453,1145.30,772.02,89.4687,tile_512px_0016,46,39,0.8478,0.6559,1.3665
26916,448.6,localized,telemetry_prior,39.80395646,32.38223021,1146.25,771.78,82.3992,tile_512px_0015,36,33,0.9167,0.6577,1.5704
26925,448.75,localized,track_local,39.80395172,32.38222040,1144.61,772.79,86.5293,tile_512px_0016,37,35,0.9459,0.6752,1.4683
26936,448.933,localized,track_local,39.80397297,32.38223241,1146.64,768.23,86.7910,tile_512px_0015,40,36,0.9000,0.6852,1.4144
26946,449.1,localized,track_local,39.80397451,32.38223441,1146.97,767.90,91.3992,tile_512px_0016,46,40,0.8696,0.6703,1.8543
26958,449.3,localized,track_local,39.80398189,32.38226583,1152.20,766.35,80.7643,tile_512px_0016,50,36,0.7200,0.6242,1.4374
26970,449.5,localized,track_local,39.80401229,32.38226591,1152.26,759.81,80.0384,tile_512px_0015,43,34,0.7907,0.6481,1.5514
26983,449.717,localized,track_local,39.80402358,32.38227395,1153.61,757.39,87.1910,tile_512px_0016,37,35,0.9459,0.7265,1.2698
26991,449.85,localized,track_local,39.80403305,32.38227824,1154.34,755.35,83.5982,tile_512px_0015,36,33,0.9167,0.7419,1.0941
27000,450.0,localized,telemetry_prior,39.80404785,32.38226586,1152.30,752.15,93.0534,tile_512px_0010,45,41,0.9111,0.5661,1.9217
27012,450.2,localized,telemetry_prior,39.80405373,32.38227135,1153.22,750.90,109.0118,tile_512px_0010,53,50,0.9434,0.6716,1.3420
27020,450.333,localized,track_local,39.80405702,32.38227156,1153.26,750.19,94.0467,tile_512px_0016,43,40,0.9302,0.7245,1.4737
27028,450.467,localized,track_local,39.80408222,32.38227295,1153.53,744.77,94.8613,tile_512px_0016,50,43,0.8600,0.6226,2.2199
27036,450.6,localized,telemetry_prior,39.80407497,32.38226470,1152.15,746.32,109.2561,tile_512px_0010,52,50,0.9615,0.6653,1.6575
27045,450.75,localized,track_local,39.80407456,32.38226472,1152.15,746.40,98.9708,tile_512px_0015,48,44,0.9167,0.6762,1.7221
27054,450.9,localized,track_local,39.80408129,32.38226742,1152.61,744.96,102.1200,tile_512px_0015,50,46,0.9200,0.6681,1.5476
27064,451.067,localized,track_local,39.80409608,32.38227473,1153.85,741.79,111.1737,tile_512px_0015,55,52,0.9455,0.6279,1.9588
27073,451.217,localized,track_local,39.80409442,32.38227389,1153.70,742.14,92.6026,tile_512px_0016,50,42,0.8400,0.5701,1.7307
27084,451.4,localized,telemetry_prior,39.80410486,32.38228871,1156.18,739.91,123.4982,tile_512px_0010,62,59,0.9516,0.7477,1.3698
27094,451.567,localized,track_local,39.80411632,32.38229336,1156.97,737.45,92.0089,tile_512px_0015,44,40,0.9091,0.6005,1.6915
27103,451.717,localized,track_local,39.80414219,32.38230320,1158.64,731.89,80.6650,tile_512px_0016,45,35,0.7778,0.6174,1.7903
27113,451.883,localized,track_local,39.80413460,32.38231301,1160.26,733.54,89.3689,tile_512px_0015,43,38,0.8837,0.7151,1.7250
27125,452.083,localized,track_local,39.80413667,32.38231848,1161.17,733.10,104.1152,tile_512px_0016,51,47,0.9216,0.7103,1.5127
27135,452.25,localized,track_local,39.80414550,32.38233439,1163.82,731.22,108.9330,tile_512px_0015,57,51,0.8947,0.6833,1.6559
27146,452.433,localized,track_local,39.80415135,32.38234270,1165.21,729.97,108.9337,tile_512px_0016,54,50,0.9259,0.7232,1.4350
27156,452.6,localized,telemetry_prior,39.80416820,32.38235090,1166.60,726.35,131.0359,tile_512px_0010,70,65,0.9286,0.6705,1.3689
27167,452.783,localized,track_local,39.80417792,32.38235388,1167.11,724.26,102.7473,tile_512px_0016,54,47,0.8704,0.7135,1.3324
27179,452.983,localized,track_local,39.80419653,32.38236631,1169.20,720.27,99.9736,tile_512px_0015,47,44,0.9362,0.6712,1.0986
27189,453.15,localized,track_local,39.80419985,32.38237328,1170.36,719.56,105.6538,tile_512px_0015,53,48,0.9057,0.7431,1.2629
27199,453.317,localized,track_local,39.80421371,32.38239483,1173.96,716.61,104.3060,tile_512px_0015,55,48,0.8727,0.7202,1.4376
27209,453.483,localized,track_local,39.80422784,32.38238707,1172.69,713.56,106.7704,tile_512px_0016,50,48,0.9600,0.6835,1.1531
27219,453.65,localized,track_local,39.80423590,32.38240100,1175.01,711.84,112.5208,tile_512px_0015,57,53,0.9298,0.6160,1.3785
27227,453.783,localized,track_local,39.80424632,32.38240690,1176.01,709.60,101.4149,tile_512px_0015,55,47,0.8545,0.6364,1.4479
27237,453.95,localized,track_local,39.80425463,32.38240654,1175.96,707.81,102.7906,tile_512px_0016,54,47,0.8704,0.7167,1.3171
27245,454.083,localized,track_local,39.80425646,32.38240991,1176.52,707.42,106.9155,tile_512px_0016,50,48,0.9600,0.7101,1.3138
27254,454.233,localized,track_local,39.80426843,32.38241402,1177.23,704.85,108.8075,tile_512px_0016,54,50,0.9259,0.7156,1.5019
27263,454.383,localized,track_local,39.80427627,32.38242759,1179.49,703.18,107.0852,tile_512px_0016,51,48,0.9412,0.7787,1.2493
27271,454.517,localized,track_local,39.80428885,32.38243506,1180.75,700.48,108.6948,tile_512px_0016,51,49,0.9608,0.7422,1.4008
27279,454.65,localized,track_local,39.80429146,32.38244036,1181.63,699.92,93.7205,tile_512px_0016,46,41,0.8913,0.6490,1.3455
27288,454.8,localized,telemetry_prior,39.80430797,32.38244288,1182.07,696.37,113.3902,tile_512px_0011,55,53,0.9636,0.6198,1.6230
27301,455.017,localized,track_local,39.80430644,32.38246634,1185.97,696.73,88.5866,tile_512px_0016,49,39,0.7959,0.7128,1.2254
27314,455.233,localized,track_local,39.80431320,32.38247266,1187.02,695.28,99.6159,tile_512px_0015,48,44,0.9167,0.7078,1.2833
27323,455.383,localized,track_local,39.80431416,32.38248454,1189.00,695.09,95.5980,tile_512px_0015,43,41,0.9535,0.6404,1.2140
27332,455.533,localized,track_local,39.80432713,32.38249091,1190.08,692.31,89.5683,tile_512px_0015,45,39,0.8667,0.6112,1.3916
27341,455.683,localized,track_local,39.80433279,32.38248425,1188.98,691.08,95.6784,tile_512px_0016,44,41,0.9318,0.7270,1.3953
27350,455.833,localized,track_local,39.80437110,32.38253728,1197.84,682.90,88.0477,tile_512px_0016,47,39,0.8298,0.6253,2.1321
27360,456.0,localized,telemetry_prior,39.80436740,32.38249530,1190.86,683.64,111.8750,tile_512px_0011,53,52,0.9811,0.5602,1.5484
27371,456.183,localized,track_local,39.80438103,32.38250122,1191.87,680.72,96.0222,tile_512px_0016,43,41,0.9535,0.7063,1.5275
27380,456.333,localized,track_local,39.80439007,32.38250666,1192.78,678.78,91.2939,tile_512px_0016,40,38,0.9500,0.6903,1.4793
27388,456.467,localized,track_local,39.80439701,32.38251238,1193.74,677.29,97.4717,tile_512px_0016,42,41,0.9762,0.7836,1.5336
27397,456.617,localized,track_local,39.80440746,32.38251779,1194.66,675.05,100.2564,tile_512px_0010,48,45,0.9375,0.5962,1.7746
27406,456.767,localized,track_local,39.80441516,32.38252902,1196.53,673.40,103.8196,tile_512px_0010,52,48,0.9231,0.5587,1.9457
27415,456.917,localized,track_local,39.80441795,32.38253244,1197.10,672.81,84.3497,tile_512px_0016,38,34,0.8947,0.7674,1.5557
27423,457.05,localized,track_local,39.80442610,32.38254316,1198.89,671.07,99.4067,tile_512px_0010,50,45,0.9000,0.6024,1.4898
27432,457.2,localized,telemetry_prior,39.80443178,32.38254918,1199.90,669.85,99.6452,tile_512px_0011,48,45,0.9375,0.5433,1.8840
27441,457.35,localized,track_local,39.80444257,32.38255941,1201.62,667.54,102.9464,tile_512px_0010,47,46,0.9787,0.5922,1.7830
27451,457.517,localized,track_local,39.80444669,32.38256471,1202.50,666.66,90.9813,tile_512px_0016,43,39,0.9070,0.6685,1.8836
27462,457.7,localized,track_local,39.80445580,32.38257349,1203.97,664.71,99.7299,tile_512px_0010,49,45,0.9184,0.6014,1.7798
27471,457.85,localized,track_local,39.80447242,32.38257955,1205.00,661.14,99.4780,tile_512px_0010,46,44,0.9565,0.6245,1.9507
27481,458.017,localized,track_local,39.80447482,32.38257849,1204.83,660.62,97.9930,tile_512px_0010,46,43,0.9348,0.6786,1.7825
27491,458.183,localized,track_local,39.80449074,32.38257733,1204.66,657.19,109.2878,tile_512px_0010,49,49,1.0000,0.7041,1.6712
27500,458.333,localized,track_local,39.80449946,32.38260052,1208.53,655.34,91.2819,tile_512px_0010,47,40,0.8511,0.7113,1.8169
27508,458.467,localized,track_local,39.80449969,32.38261133,1210.32,655.31,95.0817,tile_512px_0010,44,41,0.9318,0.6817,1.5870
27521,458.683,localized,track_local,39.80451466,32.38261668,1211.23,652.09,80.4484,tile_512px_0010,35,32,0.9143,0.6278,1.6777
27531,458.85,localized,track_local,39.80453055,32.38262686,1212.94,648.68,78.1873,tile_512px_0010,45,34,0.7556,0.5875,1.8060
27540,459.0,localized,telemetry_prior,39.80453798,32.38265109,1216.98,647.11,51.6976,tile_512px_0011,16,14,0.8750,0.4945,0.6638
27548,459.133,localized,track_local,39.80474268,32.38308803,1289.81,603.55,23.0430,tile_512px_0010,20,7,0.3500,0.2871,1.1038
27560,459.333,localized,track_local,39.80457711,32.38265974,1218.47,638.70,43.4870,tile_512px_0016,16,11,0.6875,0.6785,0.5646
27565,459.417,localized,track_local,39.80456687,32.38265893,1218.32,640.90,60.2785,tile_512px_0010,20,18,0.9000,0.7114,1.1142
27572,459.533,localized,track_local,39.80467659,32.38257186,1204.03,617.19,45.0473,tile_512px_0017,10,9,0.9000,0.5409,1.1487
27578,459.633,localized,track_local,39.80467441,32.38266342,1219.23,617.76,41.5851,tile_512px_0016,16,11,0.6875,0.5434,1.2981
27584,459.733,localized,track_local,39.80462176,32.38269751,1224.81,629.13,50.3049,tile_512px_0016,12,11,0.9167,0.6724,0.5589
27590,459.833,localized,track_local,39.80464948,32.38277692,1238.03,623.26,45.6992,tile_512px_0010,17,12,0.7059,0.7184,0.8812
27596,459.933,localized,track_local,39.80460123,32.38269920,1225.06,633.55,50.5094,tile_512px_0016,12,11,0.9167,0.6768,0.3448
27602,460.033,localized,track_local,39.80464223,32.38270423,1225.95,624.74,45.6906,tile_512px_0016,22,14,0.6364,0.6522,1.2293
27608,460.133,localized,track_local,39.80462421,32.38270024,1225.26,628.61,47.0412,tile_512px_0016,14,11,0.7857,0.7250,0.3733
27614,460.233,localized,track_local,39.80468057,32.38271597,1227.96,616.50,47.2050,tile_512px_0016,16,12,0.7500,0.7340,0.8463
27619,460.317,localized,track_local,39.80465079,32.38271604,1227.93,622.91,46.4215,tile_512px_0016,16,12,0.7500,0.6355,0.5775
27625,460.417,localized,track_local,39.80464408,32.38269909,1225.10,624.33,55.8225,tile_512px_0011,18,16,0.8889,0.5828,0.8963
27630,460.5,localized,track_local,39.80463688,32.38271279,1227.36,625.90,49.3602,tile_512px_0011,24,16,0.6667,0.5741,0.5071
27636,460.6,localized,telemetry_prior,39.80465640,32.38270374,1225.89,621.69,56.5133,tile_512px_0010,18,16,0.8889,0.6443,0.7955
27641,460.683,localized,track_local,39.80465688,32.38270050,1225.36,621.58,48.9721,tile_512px_0010,18,14,0.7778,0.5294,0.8742
27647,460.783,localized,track_local,39.80465943,32.38269860,1225.04,621.03,46.7820,tile_512px_0010,21,14,0.6667,0.6206,0.5650
27653,460.883,localized,track_local,39.80468218,32.38271042,1227.04,616.14,47.1696,tile_512px_0016,25,15,0.6000,0.7510,1.1208
27660,461.0,localized,telemetry_prior,39.80468258,32.38269073,1223.77,616.04,57.2921,tile_512px_0016,24,19,0.7917,0.6100,1.4107
27669,461.15,localized,track_local,39.80469360,32.38270755,1226.58,613.68,58.9961,tile_512px_0016,25,20,0.8000,0.6055,1.4112
27677,461.283,localized,track_local,39.80470003,32.38269830,1225.05,612.29,46.5294,tile_512px_0011,24,15,0.6250,0.6211,1.2424
27683,461.383,localized,track_local,39.80470605,32.38271693,1228.16,611.01,49.0961,tile_512px_0010,26,17,0.6538,0.5387,1.8755
27690,461.5,localized,track_local,39.80470028,32.38271195,1227.32,612.25,54.9428,tile_512px_0010,19,16,0.8421,0.6125,0.5934
27697,461.617,localized,track_local,39.80470447,32.38272173,1228.95,611.36,47.9251,tile_512px_0011,22,15,0.6818,0.5793,1.0967
27705,461.75,localized,track_local,39.80470550,32.38271428,1227.72,611.13,54.4034,tile_512px_0010,27,19,0.7037,0.5428,0.8478
27713,461.883,localized,track_local,39.80475874,32.38288456,1256.06,599.87,49.6067,tile_512px_0011,20,15,0.7500,0.5749,1.5227
27721,462.017,localized,track_local,39.80471813,32.38272464,1229.45,608.42,64.0279,tile_512px_0010,23,21,0.9130,0.5770,0.8444
27727,462.117,localized,track_local,39.80474750,32.38276890,1236.84,602.15,44.4021,tile_512px_0011,19,13,0.6842,0.5334,1.2771
27736,462.267,localized,track_local,39.80474917,32.38278244,1239.09,601.81,54.7336,tile_512px_0016,19,16,0.8421,0.6189,0.9583
27746,462.433,localized,track_local,39.80473894,32.38275127,1233.91,603.97,58.0813,tile_512px_0016,21,18,0.8571,0.6161,1.0593
27755,462.583,localized,track_local,39.80475026,32.38275615,1234.73,601.54,62.0667,tile_512px_0011,29,22,0.7586,0.7099,1.0543
27764,462.733,localized,track_local,39.80476098,32.38274933,1233.62,599.23,68.2272,tile_512px_0010,27,24,0.8889,0.6586,1.3669
27773,462.883,localized,track_local,39.80475613,32.38276149,1235.63,600.29,60.9612,tile_512px_0011,31,22,0.7097,0.7379,0.9436
27780,463.0,localized,telemetry_prior,39.80478141,32.38279357,1240.99,594.88,50.5391,tile_512px_0011,25,17,0.6800,0.5727,1.4499
27790,463.167,localized,track_local,39.80475792,32.38282019,1245.37,599.97,42.1172,tile_512px_0010,22,13,0.5909,0.5803,1.2174
27797,463.283,localized,track_local,39.80476680,32.38281660,1244.79,598.05,53.8910,tile_512px_0010,22,17,0.7727,0.6122,1.2174
27804,463.4,localized,telemetry_prior,39.80478574,32.38282374,1246.00,593.99,44.9077,tile_512px_0010,19,13,0.6842,0.5633,1.0026
27813,463.55,localized,track_local,39.80482022,32.38283687,1248.23,586.58,53.8237,tile_512px_0011,24,18,0.7500,0.5315,1.3223
27823,463.717,localized,track_local,39.80482828,32.38286498,1252.91,584.88,46.2249,tile_512px_0011,26,16,0.6154,0.4974,1.6140
27831,463.85,localized,track_local,39.80481270,32.38283411,1247.76,588.20,59.7158,tile_512px_0016,22,19,0.8636,0.6341,1.3796
27840,464.0,localized,telemetry_prior,39.80481196,32.38284056,1248.83,588.36,58.4041,tile_512px_0010,22,19,0.8636,0.4886,1.1886
27848,464.133,localized,track_local,39.80483709,32.38287807,1255.10,583.00,55.5687,tile_512px_0010,25,19,0.7600,0.5348,1.4388
27855,464.25,localized,track_local,39.80482057,32.38284799,1250.08,586.52,60.5136,tile_512px_0010,29,22,0.7586,0.5734,1.3051
27863,464.383,localized,track_local,39.80482529,32.38285929,1251.96,585.51,61.5282,tile_512px_0010,22,20,0.9091,0.5363,1.4766
27870,464.5,localized,track_local,39.80485662,32.38283379,1247.78,578.74,53.8631,tile_512px_0016,27,19,0.7037,0.5597,1.7934
27877,464.617,localized,track_local,39.80483423,32.38286201,1252.43,583.59,65.5366,tile_512px_0011,34,25,0.7353,0.6831,1.1371
27887,464.783,localized,track_local,39.80484837,32.38287233,1254.16,580.56,69.3575,tile_512px_0010,28,25,0.8929,0.5988,1.2210
27896,464.933,localized,track_local,39.80485216,32.38286746,1253.36,579.74,50.5947,tile_512px_0010,21,16,0.7619,0.4521,1.0443
27905,465.083,localized,track_local,39.80485124,32.38287633,1254.83,579.95,37.7712,tile_512px_0011,23,12,0.5217,0.4911,1.0566
27913,465.217,localized,track_local,39.80485801,32.38286777,1253.42,578.48,56.3455,tile_512px_0016,18,16,0.8889,0.6270,0.7887
27922,465.367,localized,track_local,39.80528438,32.38298756,1273.94,486.86,22.4411,tile_512px_0011,12,5,0.4167,0.2752,0.4145
27931,465.517,localized,track_local,39.80488034,32.38289437,1257.87,573.71,40.5187,tile_512px_0011,26,14,0.5385,0.4391,1.3677
27946,465.767,localized,track_local,39.80489208,32.38290519,1259.68,571.19,58.1936,tile_512px_0010,27,21,0.7778,0.4774,1.8852
27955,465.917,localized,track_local,39.80490153,32.38290935,1260.39,569.16,68.3674,tile_512px_0010,24,23,0.9583,0.6212,1.4589
27964,466.067,localized,track_local,39.80491433,32.38290742,1260.09,566.41,69.5577,tile_512px_0010,30,26,0.8667,0.5653,1.4609
27974,466.233,localized,track_local,39.80492195,32.38291308,1261.04,564.77,63.7884,tile_512px_0010,29,24,0.8276,0.4549,2.1179
27988,466.467,localized,track_local,39.80493338,32.38293055,1263.95,562.33,75.9535,tile_512px_0010,31,29,0.9355,0.5862,1.9642
27998,466.633,localized,track_local,39.80494459,32.38293877,1265.33,559.93,65.9031,tile_512px_0011,28,24,0.8571,0.5329,1.5200
28005,466.75,localized,track_local,39.80494790,32.38294709,1266.72,559.23,75.2192,tile_512px_0011,28,27,0.9643,0.6411,0.8268
28014,466.9,localized,track_local,39.80495453,32.38295773,1268.50,557.81,72.6815,tile_512px_0010,27,26,0.9630,0.6081,1.7181
28024,467.067,localized,track_local,39.80495622,32.38295332,1267.77,557.44,73.8372,tile_512px_0011,29,27,0.9310,0.6499,1.4575
28031,467.183,localized,track_local,39.80495637,32.38296414,1269.56,557.42,75.0664,tile_512px_0010,31,28,0.9032,0.7023,1.4038
28039,467.317,localized,track_local,39.80496485,32.38296411,1269.57,555.60,63.1378,tile_512px_0011,28,23,0.8214,0.4850,1.1405
28049,467.483,localized,track_local,39.80496534,32.38297585,1271.52,555.51,62.4100,tile_512px_0011,25,21,0.8400,0.6450,0.9870
28057,467.617,localized,track_local,39.80498349,32.38297622,1271.61,551.60,50.7785,tile_512px_0010,27,18,0.6667,0.5218,1.9189
28064,467.733,localized,track_local,39.80498340,32.38297649,1271.65,551.62,75.3815,tile_512px_0010,27,27,1.0000,0.5785,1.2053
28072,467.867,localized,track_local,39.80499258,32.38297720,1271.78,549.65,71.6305,tile_512px_0011,36,29,0.8056,0.5245,1.7088
28079,467.983,localized,track_local,39.80500014,32.38298788,1273.57,548.03,71.1530,tile_512px_0010,26,25,0.9615,0.6046,1.6520
28088,468.133,localized,track_local,39.80500706,32.38299169,1274.21,546.55,71.3220,tile_512px_0010,32,27,0.8438,0.6151,0.8558
28095,468.25,localized,track_local,39.80501298,32.38299424,1274.64,545.27,73.6764,tile_512px_0010,32,28,0.8750,0.6098,0.8956
28103,468.383,localized,track_local,39.80502037,32.38300198,1275.94,543.69,72.8694,tile_512px_0011,28,26,0.9286,0.6512,0.6663
28111,468.517,localized,track_local,39.80502902,32.38300884,1277.09,541.84,76.7532,tile_512px_0011,29,28,0.9655,0.6325,0.7166
28118,468.633,localized,track_local,39.80504191,32.38301057,1277.40,539.07,67.0740,tile_512px_0010,27,24,0.8889,0.5210,1.0704
28128,468.8,localized,telemetry_prior,39.80504722,32.38302153,1279.22,537.94,55.4530,tile_512px_0011,22,18,0.8182,0.4758,1.1336
28141,469.017,localized,track_local,39.80506489,32.38302356,1279.59,534.14,71.4428,tile_512px_0011,31,27,0.8710,0.5620,1.0754
28151,469.183,localized,track_local,39.80507722,32.38302979,1280.64,531.49,63.7327,tile_512px_0011,33,24,0.7273,0.6369,0.6064
28159,469.317,localized,track_local,39.80509089,32.38303343,1281.26,528.55,75.9218,tile_512px_0010,31,29,0.9355,0.5435,1.4370
28169,469.483,localized,track_local,39.80509738,32.38304802,1283.69,527.17,67.4178,tile_512px_0011,30,25,0.8333,0.5630,0.9493
28178,469.633,localized,track_local,39.80511777,32.38306488,1286.52,522.80,72.9581,tile_512px_0010,28,26,0.9286,0.6800,0.9323
28186,469.767,localized,track_local,39.80512523,32.38307391,1288.03,521.21,67.7177,tile_512px_0010,34,26,0.7647,0.6718,1.2547
28194,469.9,localized,track_local,39.80514249,32.38308728,1290.28,517.51,77.2856,tile_512px_0011,31,29,0.9355,0.6761,1.3867
28201,470.017,localized,track_local,39.80515474,32.38310000,1292.41,514.89,75.5096,tile_512px_0010,28,27,0.9643,0.6672,0.7882
28208,470.133,localized,track_local,39.80517366,32.38311738,1295.32,510.84,69.4177,tile_512px_0011,33,27,0.8182,0.5745,1.8305
28216,470.267,localized,track_local,39.80521565,32.38314339,1299.70,501.83,65.8395,tile_512px_0010,25,23,0.9200,0.4729,1.3195
28229,470.483,localized,track_local,39.80521934,32.38314823,1300.51,501.04,75.4621,tile_512px_0004,37,31,0.8378,0.4918,1.4553
28240,470.667,localized,track_local,39.80524065,32.38317863,1305.59,496.49,82.8295,tile_512px_0004,41,35,0.8537,0.5251,0.7080
28251,470.85,localized,track_local,39.80530651,32.38325150,1317.78,482.40,88.2278,tile_512px_0004,44,39,0.8864,0.4307,1.5598
28266,471.1,localized,track_local,39.80528788,32.38322790,1313.84,486.38,141.2044,tile_512px_0005,78,72,0.9231,0.6415,1.2042
28280,471.333,localized,track_local,39.80530683,32.38324027,1315.92,482.31,155.9208,tile_512px_0005,84,81,0.9643,0.6488,1.3278
28289,471.483,localized,track_local,39.80531837,32.38324555,1316.81,479.84,167.4875,tile_512px_0005,89,88,0.9888,0.6698,1.1652
28300,471.667,localized,track_local,39.80535050,32.38326525,1320.13,472.94,144.6103,tile_512px_0005,82,75,0.9146,0.6117,1.9279
28309,471.817,localized,track_local,39.80532749,32.38325032,1317.62,477.88,161.8487,tile_512px_0005,88,85,0.9659,0.6479,1.4762
28321,472.017,localized,track_local,39.80532805,32.38324298,1316.40,477.75,163.4758,tile_512px_0005,91,87,0.9560,0.5490,1.5937
28335,472.25,localized,track_local,39.80531264,32.38322776,1313.85,481.05,159.9217,tile_512px_0005,84,83,0.9881,0.6833,1.4050
28347,472.45,localized,track_local,39.80529430,32.38321101,1311.04,484.98,143.3147,tile_512px_0005,74,72,0.9730,0.6956,1.1079
28356,472.6,localized,telemetry_prior,39.80532250,32.38322584,1313.55,478.93,108.8259,tile_512px_0004,52,50,0.9615,0.6266,1.7153
28368,472.8,localized,telemetry_prior,39.80529629,32.38321073,1311.00,484.55,98.0039,tile_512px_0004,45,43,0.9556,0.5942,1.4728
28379,472.983,localized,track_local,39.80529310,32.38320338,1309.77,485.23,90.8966,tile_512px_0004,43,39,0.9070,0.5977,1.0533
28392,473.2,localized,telemetry_prior,39.80530697,32.38321033,1310.95,482.25,92.7078,tile_512px_0004,44,40,0.9091,0.6410,1.3001
28404,473.4,localized,telemetry_prior,39.80529139,32.38319456,1308.31,485.59,106.2146,tile_512px_0004,49,48,0.9796,0.5950,1.4969
28415,473.583,localized,track_local,39.80529271,32.38320551,1310.13,485.31,97.6255,tile_512px_0004,48,43,0.8958,0.7193,1.2563
28425,473.75,localized,track_local,39.80532158,32.38323813,1315.58,479.14,95.5919,tile_512px_0004,53,44,0.8302,0.5988,1.7353
28439,473.983,localized,track_local,39.80529169,32.38321560,1311.80,485.55,120.8139,tile_512px_0005,62,58,0.9355,0.6596,1.1284
28449,474.15,localized,track_local,39.80531967,32.38321319,1311.44,479.52,114.5932,tile_512px_0004,58,54,0.9310,0.6827,1.5528
28460,474.333,localized,track_local,39.80532352,32.38320989,1310.90,478.69,122.6662,tile_512px_0004,62,59,0.9516,0.6647,1.3721
28470,474.5,localized,track_local,39.80534610,32.38321907,1312.46,473.84,112.2661,tile_512px_0004,60,53,0.8833,0.7321,1.4060
28478,474.633,localized,track_local,39.80533744,32.38322037,1312.66,475.70,159.7524,tile_512px_0005,84,83,0.9881,0.6663,1.4046
28490,474.833,localized,track_local,39.80533218,32.38321697,1312.09,476.83,149.1493,tile_512px_0005,87,78,0.8966,0.6255,1.3368
28500,475.0,localized,telemetry_prior,39.80535789,32.38322333,1313.18,471.31,121.3428,tile_512px_0004,62,58,0.9355,0.7244,1.2875
28510,475.167,localized,track_local,39.80536798,32.38321637,1312.04,469.13,150.0239,tile_512px_0005,86,78,0.9070,0.6916,1.4684
28519,475.317,localized,track_local,39.80537518,32.38323286,1314.79,467.60,159.2977,tile_512px_0005,90,84,0.9333,0.6387,1.4519
28528,475.467,localized,track_local,39.80538247,32.38324797,1317.31,466.05,145.5565,tile_512px_0005,76,74,0.9737,0.6259,1.2181
28538,475.633,localized,track_local,39.80539126,32.38326176,1319.61,464.17,162.0717,tile_512px_0005,87,85,0.9770,0.6303,1.3888
28547,475.783,localized,track_local,39.80539368,32.38328115,1322.83,463.67,164.1939,tile_512px_0005,88,86,0.9773,0.6876,1.3336
28556,475.933,localized,track_local,39.80540048,32.38330664,1327.07,462.24,164.0775,tile_512px_0005,88,86,0.9773,0.6810,1.4004
28565,476.083,localized,track_local,39.80540038,32.38331602,1328.63,462.27,154.0548,tile_512px_0005,82,79,0.9634,0.7463,1.0811
28573,476.217,localized,track_local,39.80540624,32.38332845,1330.70,461.02,159.2592,tile_512px_0005,83,82,0.9880,0.7561,1.2536
28582,476.367,localized,track_local,39.80540209,32.38332346,1329.87,461.91,158.4456,tile_512px_0005,86,82,0.9535,0.7678,1.1164
28590,476.5,localized,track_local,39.80540854,32.38331837,1329.03,460.51,153.9624,tile_512px_0005,94,81,0.8617,0.7263,0.8689
28598,476.633,localized,track_local,39.80540456,32.38331773,1328.92,461.37,162.0247,tile_512px_0005,85,84,0.9882,0.7125,0.9972
28606,476.767,localized,track_local,39.80539106,32.38331053,1327.71,464.27,153.1377,tile_512px_0005,84,79,0.9405,0.7199,1.0344
28614,476.9,localized,track_local,39.80537866,32.38331356,1328.19,466.94,147.7317,tile_512px_0005,76,75,0.9868,0.6462,1.1142
28623,477.05,localized,track_local,39.80529329,32.38324119,1316.05,485.23,130.2795,tile_512px_0005,79,67,0.8481,0.5597,1.6807
28632,477.2,localized,telemetry_prior,39.80532035,32.38324782,1317.19,479.41,127.5298,tile_512px_0004,71,64,0.9014,0.5749,1.6817
28640,477.333,localized,track_local,39.80534157,32.38329139,1324.46,474.90,166.1689,tile_512px_0005,92,88,0.9565,0.6331,1.1434
28649,477.483,localized,track_local,39.80533377,32.38326276,1319.69,476.54,152.5489,tile_512px_0005,83,79,0.9518,0.6332,1.1170
28659,477.65,localized,track_local,39.80532497,32.38324238,1316.30,478.41,152.0505,tile_512px_0005,80,78,0.9750,0.6546,0.9934
28668,477.8,localized,telemetry_prior,39.80531078,32.38322208,1312.91,481.44,131.2144,tile_512px_0004,70,65,0.9286,0.6642,1.0461
28676,477.933,localized,track_local,39.80530322,32.38320653,1310.31,483.05,152.0863,tile_512px_0005,84,79,0.9405,0.6170,1.0643
28686,478.1,localized,track_local,39.80528059,32.38318696,1307.03,487.90,116.0496,tile_512px_0004,63,56,0.8889,0.6616,1.6439
28694,478.233,localized,track_local,39.80529332,32.38317461,1305.00,485.15,124.2780,tile_512px_0004,63,60,0.9524,0.6527,1.0936
28703,478.383,localized,track_local,39.80527362,32.38314750,1300.47,489.36,107.2523,tile_512px_0004,61,51,0.8361,0.6653,1.3104
28712,478.533,localized,track_local,39.80530632,32.38315336,1301.49,482.33,123.3199,tile_512px_0004,61,59,0.9672,0.6463,0.8791
28721,478.683,localized,track_local,39.80530234,32.38313817,1298.96,483.16,126.6175,tile_512px_0004,62,61,0.9839,0.6510,1.2111
28729,478.817,localized,track_local,39.80531328,32.38312566,1296.90,480.80,121.9024,tile_512px_0004,63,59,0.9365,0.6268,1.2814
28738,478.967,localized,track_local,39.80533145,32.38311371,1294.95,476.87,133.3703,tile_512px_0004,68,66,0.9706,0.6237,1.3128
28747,479.117,localized,track_local,39.80534633,32.38309280,1291.50,473.65,135.9079,tile_512px_0004,67,67,1.0000,0.6256,1.1311
28755,479.25,localized,track_local,39.80535404,32.38307517,1288.58,471.97,131.9231,tile_512px_0004,67,65,0.9701,0.6199,1.1740
28763,479.383,localized,track_local,39.80536160,32.38306289,1286.56,470.32,136.4524,tile_512px_0004,67,67,1.0000,0.6687,0.9791
28772,479.533,localized,track_local,39.80536955,32.38305014,1284.45,468.60,137.8941,tile_512px_0004,72,69,0.9583,0.6497,1.1374
28782,479.7,localized,track_local,39.80537479,32.38304066,1282.89,467.46,137.6616,tile_512px_0004,69,68,0.9855,0.6848,1.0020
28791,479.85,localized,track_local,39.80537943,32.38303001,1281.12,466.45,142.5997,tile_512px_0004,71,71,1.0000,0.6842,0.9895
28799,479.983,localized,track_local,39.80538612,32.38302328,1280.02,465.00,143.4247,tile_512px_0004,74,72,0.9730,0.7032,1.0618
28809,480.15,localized,track_local,39.80539667,32.38301308,1278.34,462.72,142.0733,tile_512px_0004,72,71,0.9861,0.6797,1.0759
28818,480.3,localized,track_local,39.80540774,32.38298691,1274.01,460.31,139.5493,tile_512px_0004,72,70,0.9722,0.6387,1.3394
28829,480.483,localized,track_local,39.80541692,32.38296367,1270.17,458.31,148.7142,tile_512px_0004,86,78,0.9070,0.5841,1.7822
28842,480.7,localized,track_local,39.80543596,32.38292797,1264.27,454.17,153.0168,tile_512px_0004,92,82,0.8913,0.5068,2.3871
28853,480.883,localized,track_local,39.80544963,32.38289830,1259.37,451.19,162.8052,tile_512px_0004,99,88,0.8889,0.5560,1.8957
28864,481.067,localized,track_local,39.80545770,32.38286779,1254.31,449.42,191.3530,tile_512px_0004,111,105,0.9459,0.6784,1.7465
28876,481.267,localized,track_local,39.80546680,32.38284570,1250.66,447.43,199.4857,tile_512px_0004,109,109,1.0000,0.7114,1.5051
28886,481.433,localized,track_local,39.80547421,32.38282111,1246.59,445.81,222.3464,tile_512px_0004,130,125,0.9615,0.7190,1.5862
28897,481.617,localized,track_local,39.80549495,32.38279431,1242.17,441.32,198.4797,tile_512px_0004,113,109,0.9646,0.7022,1.3074
28908,481.8,localized,telemetry_prior,39.80551952,32.38277417,1238.87,436.01,192.2603,tile_512px_0004,105,104,0.9905,0.7423,1.1696
28917,481.95,localized,track_local,39.80553537,32.38275500,1235.71,432.57,180.2759,tile_512px_0004,103,97,0.9417,0.7279,1.0071
28927,482.117,localized,track_local,39.80555246,32.38274326,1233.78,428.88,178.6377,tile_512px_0004,97,95,0.9794,0.7518,1.0163
28938,482.3,localized,track_local,39.80556448,32.38271160,1228.54,426.26,166.6302,tile_512px_0004,96,88,0.9167,0.7828,0.9303
28950,482.5,localized,track_local,39.80556966,32.38270023,1226.67,425.13,193.0864,tile_512px_0004,107,105,0.9813,0.6957,1.0796
28962,482.7,localized,track_local,39.80556494,32.38272392,1230.59,426.17,183.8400,tile_512px_0004,103,99,0.9612,0.7307,1.0695
28975,482.917,localized,track_local,39.80557446,32.38277088,1238.40,424.18,178.2796,tile_512px_0004,100,96,0.9600,0.6566,1.4486
28989,483.15,localized,track_local,39.80557331,32.38278593,1240.90,424.44,165.9723,tile_512px_0004,102,90,0.8824,0.5732,1.6397
29001,483.35,localized,track_local,39.80555580,32.38279808,1242.89,428.23,109.8040,tile_512px_0004,67,54,0.8060,0.5517,1.1893
29012,483.533,localized,track_local,39.80552142,32.38279165,1241.77,435.62,82.2379,tile_512px_0004,43,35,0.8140,0.5938,0.8250
29024,483.733,localized,track_local,39.80545115,32.38275659,1235.85,450.70,59.0308,tile_512px_0004,32,22,0.6875,0.5775,0.4918
29035,483.917,localized,track_local,39.80541216,32.38273461,1232.14,459.07,58.8220,tile_512px_0004,24,20,0.8333,0.4229,0.5427
29046,484.1,localized,track_local,39.80538669,32.38272967,1231.28,464.54,58.8574,tile_512px_0004,31,22,0.7097,0.4866,0.3987
29059,484.317,localized,track_local,39.80536845,32.38274210,1233.32,468.48,49.1911,tile_512px_0010,27,17,0.6296,0.5287,0.6461
29073,484.55,localized,track_local,39.80535123,32.38275135,1234.83,472.20,55.4471,tile_512px_0011,27,19,0.7037,0.6087,0.3351
29082,484.7,localized,track_local,39.80534913,32.38274667,1234.05,472.65,53.6196,tile_512px_0010,26,19,0.7308,0.3685,0.6514
29091,484.85,localized,track_local,39.80532618,32.38274972,1234.52,477.59,49.9261,tile_512px_0011,34,19,0.5588,0.5018,0.4755
29102,485.033,localized,track_local,39.80532054,32.38275002,1234.56,478.80,50.2376,tile_512px_0010,22,16,0.7273,0.4629,0.2797
29112,485.2,localized,telemetry_prior,39.80533477,32.38276207,1236.58,475.75,62.7153,tile_512px_0010,42,26,0.6190,0.5916,1.0300
29122,485.367,localized,track_local,39.80533378,32.38276944,1237.80,475.98,54.3157,tile_512px_0010,25,19,0.7600,0.4046,1.3735
29130,485.5,localized,track_local,39.80533050,32.38274776,1234.20,476.66,60.4383,tile_512px_0011,33,23,0.6970,0.5493,0.6184
29139,485.65,localized,track_local,39.80534463,32.38276028,1236.30,473.63,63.1254,tile_512px_0011,28,23,0.8214,0.5047,1.4191
29149,485.817,localized,track_local,39.80534519,32.38277079,1238.05,473.52,37.7349,tile_512px_0010,21,12,0.5714,0.3529,1.2498
29159,485.983,localized,track_local,39.80536140,32.38275732,1235.83,470.02,44.9234,tile_512px_0010,26,16,0.6154,0.3449,1.3163
29165,486.083,localized,track_local,39.80535349,32.38276770,1237.54,471.73,36.2538,tile_512px_0011,14,9,0.6429,0.4265,1.0621
29175,486.25,localized,track_local,39.80533514,32.38275826,1235.95,475.67,50.2520,tile_512px_0010,28,18,0.6429,0.4333,0.4896
29185,486.417,localized,track_local,39.80533901,32.38278110,1239.75,474.86,48.6633,tile_512px_0010,19,15,0.7895,0.3903,1.8993
29193,486.55,localized,track_local,39.80532655,32.38276628,1237.27,477.53,42.2477,tile_512px_0010,23,14,0.6087,0.3711,0.9654
29200,486.667,localized,track_local,39.80532227,32.38276859,1237.65,478.45,51.0091,tile_512px_0010,19,15,0.7895,0.5484,0.8789
29209,486.817,localized,track_local,39.80532218,32.38276808,1237.56,478.47,66.2466,tile_512px_0011,29,25,0.8621,0.3735,1.1339
29219,486.983,localized,track_local,39.80533443,32.38277237,1238.29,475.84,63.4391,tile_512px_0010,27,23,0.8519,0.4209,1.1010
29227,487.117,localized,track_local,39.80533902,32.38278082,1239.70,474.86,53.6620,tile_512px_0010,24,18,0.7500,0.4978,1.0874
29236,487.267,localized,track_local,39.80534835,32.38279377,1241.86,472.87,36.0333,tile_512px_0010,14,9,0.6429,0.4025,1.0361
29245,487.417,localized,track_local,39.80536143,32.38279670,1242.37,470.06,36.6620,tile_512px_0010,19,11,0.5789,0.3462,0.8913
29255,487.583,localized,track_local,39.80536995,32.38280815,1244.28,468.24,71.7304,tile_512px_0011,36,29,0.8056,0.4652,0.7845
29265,487.75,localized,track_local,39.80539171,32.38278522,1240.51,463.53,50.4988,tile_512px_0004,25,17,0.6800,0.5268,0.8920
29274,487.9,localized,track_local,39.80537085,32.38281851,1246.00,468.05,55.6588,tile_512px_0011,23,18,0.7826,0.5518,0.4501
29284,488.067,localized,track_local,39.80537038,32.38282622,1247.28,468.16,38.7101,tile_512px_0004,33,14,0.4242,0.5626,0.8574
29296,488.267,localized,track_local,39.80537936,32.38279365,1241.89,466.19,49.9399,tile_512px_0004,14,12,0.8571,0.6513,0.3838
29305,488.417,localized,track_local,39.80538278,32.38277514,1238.82,465.44,45.8233,tile_512px_0004,12,10,0.8333,0.5996,0.2298
29316,488.6,localized,telemetry_prior,39.80536299,32.38281229,1244.96,469.74,43.6094,tile_512px_0010,14,11,0.7857,0.3998,0.6134
29325,488.75,localized,track_local,39.80535305,32.38279789,1242.55,471.86,48.1993,tile_512px_0004,12,11,0.9167,0.4416,0.2884
29334,488.9,localized,track_local,39.80534762,32.38281081,1244.69,473.04,34.6680,tile_512px_0010,13,8,0.6154,0.4595,0.5182
29344,489.067,localized,track_local,39.80534994,32.38279547,1242.15,472.53,44.7237,tile_512px_0010,16,12,0.7500,0.4623,0.5323
29354,489.233,localized,track_local,39.80533320,32.38282001,1246.20,476.16,38.2002,tile_512px_0011,16,10,0.6250,0.5163,0.9504
29365,489.417,localized,track_local,39.80530113,32.38284631,1250.51,483.09,53.1404,tile_512px_0010,13,13,1.0000,0.4161,0.6937
29376,489.6,localized,telemetry_prior,39.80529063,32.38278585,1240.46,485.28,38.4559,tile_512px_0010,14,9,0.6429,0.6269,0.7977
29388,489.8,localized,telemetry_prior,39.80527459,32.38274429,1233.54,488.69,56.0320,tile_512px_0010,27,20,0.7407,0.4182,0.4961
29397,489.95,localized,track_local,39.80526010,32.38272145,1229.73,491.78,53.8501,tile_512px_0011,27,19,0.7037,0.4857,0.8247
29405,490.083,localized,track_local,39.80523698,32.38271375,1228.42,496.74,59.3186,tile_512px_0011,28,21,0.7500,0.5650,0.4420
29414,490.233,localized,track_local,39.80521814,32.38272059,1229.52,500.81,39.9756,tile_512px_0009,15,10,0.6667,0.5680,0.9395
29420,490.333,localized,track_local,39.80521643,32.38272223,1229.79,501.18,52.0102,tile_512px_0010,20,16,0.8000,0.4904,1.1924
29431,490.517,localized,track_local,39.80520576,32.38271678,1228.87,503.47,41.5949,tile_512px_0010,22,13,0.5909,0.4969,0.8022
29441,490.683,localized,track_local,39.80519160,32.38271877,1229.18,506.52,39.6135,tile_512px_0009,14,10,0.7143,0.4031,1.1281
29450,490.833,localized,track_local,39.80517695,32.38271558,1228.63,509.67,42.2405,tile_512px_0011,19,13,0.6842,0.3152,1.2502
29457,490.95,localized,track_local,39.80516679,32.38271653,1228.77,511.85,39.7688,tile_512px_0010,15,10,0.6667,0.5200,0.5753
29466,491.1,localized,track_local,39.80517032,32.38270957,1227.62,511.09,41.2084,tile_512px_0009,16,11,0.6875,0.4957,1.1642
29471,491.183,localized,track_local,39.80516714,32.38270460,1226.79,511.76,41.6434,tile_512px_0009,16,11,0.6875,0.5290,1.0294
29477,491.283,localized,track_local,39.80516551,32.38269286,1224.84,512.10,43.7894,tile_512px_0009,17,12,0.7059,0.5497,1.1786
29484,491.4,localized,telemetry_prior,39.80512898,32.38272934,1230.84,520.01,34.1310,tile_512px_0011,13,8,0.6154,0.4407,0.9834
29490,491.5,localized,track_local,39.80514522,32.38269916,1225.86,516.48,32.2887,tile_512px_0011,28,11,0.3929,0.4886,1.1768
29499,491.65,localized,track_local,39.80513600,32.38269315,1224.85,518.45,38.4828,tile_512px_0011,13,9,0.6923,0.4714,0.6675
29506,491.767,localized,track_local,39.80512380,32.38269232,1224.69,521.08,46.5923,tile_512px_0010,19,14,0.7368,0.4003,0.6875
29514,491.9,localized,track_local,39.80511476,32.38268317,1223.16,523.01,41.9213,tile_512px_0009,11,9,0.8182,0.4458,0.7760
29521,492.017,localized,track_local,39.80510347,32.38267609,1221.97,525.44,35.7890,tile_512px_0009,12,8,0.6667,0.4242,0.6041
29530,492.167,localized,track_local,39.80509771,32.38267100,1221.11,526.67,41.7976,tile_512px_0011,16,11,0.6875,0.5259,0.7825
29538,492.3,localized,track_local,39.80509705,32.38265632,1218.67,526.79,47.6372,tile_512px_0009,16,13,0.8125,0.4580,1.0909
29544,492.4,localized,telemetry_prior,39.80508585,32.38267014,1220.95,529.22,31.4692,tile_512px_0011,11,6,0.5455,0.6343,0.3162
29556,492.6,localized,telemetry_prior,39.80507746,32.38265367,1218.21,531.01,30.7602,tile_512px_0009,10,6,0.6000,0.4130,0.4927
29566,492.767,localized,track_local,39.80507344,32.38273644,1231.94,531.97,35.6935,tile_512px_0011,8,6,0.7500,0.5005,1.0820
29573,492.883,localized,track_local,39.80510163,32.38242045,1179.53,525.54,26.0165,tile_512px_0010,14,6,0.4286,0.4905,0.9935
29583,493.05,localized,track_local,39.80505364,32.38260447,1210.00,536.08,28.2450,tile_512px_0011,10,5,0.5000,0.5898,0.2045
29595,493.25,localized,track_local,39.80598271,32.38190130,1094.66,335.32,30.2578,tile_512px_0009,20,9,0.4500,0.4650,1.8566
29609,493.483,localized,track_local,39.80616312,32.38199177,1109.95,296.60,44.9022,tile_512px_0004,23,15,0.6522,0.4377,2.0531
29623,493.717,localized,track_local,39.80625328,32.38205548,1120.66,277.27,49.3567,tile_512px_0004,35,20,0.5714,0.3792,2.1036
29635,493.917,localized,track_local,39.80625193,32.38204184,1118.39,277.54,40.3511,tile_512px_0003,18,12,0.6667,0.3544,1.5909
29649,494.15,localized,track_local,39.80626628,32.38205302,1120.27,274.46,51.5292,tile_512px_0005,46,23,0.5000,0.3984,2.6068
29663,494.383,localized,track_local,39.80626734,32.38200751,1112.72,274.19,35.7088,tile_512px_0004,23,12,0.5217,0.3578,2.0279
29676,494.6,localized,telemetry_prior,39.80494992,32.38252407,1196.50,558.31,26.6195,tile_512px_0009,19,7,0.3684,0.5282,0.2865
29684,494.733,localized,track_local,39.80496300,32.38255760,1202.09,555.53,36.4987,tile_512px_0009,23,11,0.4783,0.6011,0.4806
29693,494.883,localized,track_local,39.80495213,32.38253125,1197.70,557.84,31.3924,tile_512px_0009,23,9,0.3913,0.6369,0.2880
29705,495.083,localized,track_local,39.80495341,32.38252317,1196.36,557.56,32.4598,tile_512px_0009,28,11,0.3929,0.4628,0.6048
29717,495.283,localized,track_local,39.80494531,32.38250795,1193.82,559.28,39.0580,tile_512px_0010,22,12,0.5455,0.5302,0.8106
29727,495.45,localized,track_local,39.80494938,32.38249273,1191.30,558.39,37.0415,tile_512px_0009,15,9,0.6000,0.5985,0.5907
29737,495.617,localized,track_local,39.80492574,32.38250636,1193.53,563.49,32.3704,tile_512px_0011,30,11,0.3667,0.5119,0.3318
29744,495.733,localized,track_local,39.80477806,32.38247271,1187.72,595.24,29.2316,tile_512px_0010,24,9,0.3750,0.5283,1.0682
29755,495.917,localized,track_local,39.80493044,32.38233429,1164.97,562.28,28.2715,tile_512px_0010,18,7,0.3889,0.6225,0.1600
29762,496.033,localized,track_local,39.80472179,32.38244403,1182.88,607.32,27.2804,tile_512px_0010,24,9,0.3750,0.3593,1.4169
29772,496.2,localized,telemetry_prior,39.80514773,32.38178702,1074.45,514.89,32.0154,tile_512px_0009,16,8,0.5000,0.5588,0.7635
29779,496.317,localized,track_local,39.80497116,32.38223741,1148.95,553.41,30.5218,tile_512px_0009,13,7,0.5385,0.4695,1.1021
29787,496.45,localized,track_local,39.80488281,32.38253034,1197.45,572.76,39.0704,tile_512px_0009,14,9,0.6429,0.6596,0.4145
29796,496.6,localized,telemetry_prior,39.80490266,32.38239536,1175.07,568.33,35.6105,tile_512px_0010,13,8,0.6154,0.5344,0.2604
29805,496.75,localized,track_local,39.80487190,32.38246278,1186.21,575.03,36.4824,tile_512px_0009,13,8,0.6154,0.6314,0.3911
29814,496.9,localized,track_local,39.80589478,32.38318656,1307.87,355.72,34.9862,tile_512px_0011,39,14,0.3590,0.4523,1.7415
29825,497.083,localized,track_local,39.80486935,32.38241368,1178.06,575.52,28.4450,tile_512px_0010,26,9,0.3462,0.4950,0.5195
29834,497.233,localized,track_local,39.80486559,32.38240440,1176.51,576.32,29.1096,tile_512px_0010,26,9,0.3462,0.5603,0.5044
29843,497.383,localized,track_local,39.80485816,32.38236982,1170.76,577.88,39.5990,tile_512px_0009,13,9,0.6923,0.5625,0.3932
29850,497.5,localized,track_local,39.80516370,32.38230973,1161.24,512.05,26.9928,tile_512px_0009,12,6,0.5000,0.3600,0.8090
29861,497.683,localized,track_local,39.80477191,32.38214269,1132.93,596.18,30.4512,tile_512px_0011,10,6,0.6000,0.4046,0.7930
29867,497.783,localized,track_local,39.80479941,32.38212868,1130.65,590.25,34.6866,tile_512px_0015,13,8,0.6154,0.4959,0.9792
29874,497.9,localized,track_local,39.80481206,32.38240302,1176.21,587.84,41.2399,tile_512px_0010,23,13,0.5652,0.5354,0.7604
29881,498.017,localized,track_local,39.80480038,32.38240053,1175.78,590.35,32.6487,tile_512px_0009,11,7,0.6364,0.3248,0.2533
29889,498.15,localized,track_local,39.80480185,32.38240012,1175.71,590.03,36.6497,tile_512px_0009,13,9,0.6923,0.2787,0.5422
29898,498.3,localized,track_local,39.80610421,32.38278496,1241.52,310.18,25.6926,tile_512px_0011,32,9,0.2812,0.4597,1.1231
29908,498.467,localized,track_local,39.80611161,32.38301751,1280.14,308.86,50.7680,tile_512px_0005,21,17,0.8095,0.2829,2.4618
29921,498.683,localized,track_local,39.80475912,32.38237375,1171.27,599.20,37.1547,tile_512px_0010,20,11,0.5500,0.4653,0.6641
29933,498.883,localized,track_local,39.80474317,32.38237584,1171.59,602.63,30.7354,tile_512px_0011,24,10,0.4167,0.3792,0.7420
29945,499.083,localized,track_local,39.80473412,32.38236750,1170.19,604.57,24.8743,tile_512px_0009,20,7,0.3500,0.4427,0.7367
29961,499.35,localized,track_local,39.80470845,32.38237072,1170.69,610.10,32.2650,tile_512px_0010,22,10,0.4545,0.4176,0.7299
29970,499.5,localized,track_local,39.80470423,32.38236436,1169.63,611.00,32.2592,tile_512px_0010,17,9,0.5294,0.4039,1.5493
29978,499.633,localized,track_local,39.80469908,32.38235140,1167.47,612.10,31.0043,tile_512px_0010,26,10,0.3846,0.4702,0.3149
29988,499.8,localized,telemetry_prior,39.80472046,32.38231330,1161.18,607.45,33.6930,tile_512px_0015,14,8,0.5714,0.4761,0.2818
29998,499.967,localized,track_local,39.80466947,32.38235131,1167.41,618.47,36.1268,tile_512px_0010,21,11,0.5238,0.4351,0.5852
30008,500.133,localized,track_local,39.80495329,32.38207461,1121.90,557.07,26.6974,tile_512px_0016,14,6,0.4286,0.5699,1.1456
30019,500.317,localized,track_local,39.80465463,32.38234524,1166.38,621.66,29.7858,tile_512px_0010,21,9,0.4286,0.3978,0.7328
30029,500.483,localized,track_local,39.80465656,32.38233736,1165.08,621.23,28.0262,tile_512px_0010,27,9,0.3333,0.4798,0.3626
30040,500.667,localized,track_local,39.80464390,32.38230536,1159.74,623.92,38.2544,tile_512px_0010,9,7,0.7778,0.4625,0.2721
30049,500.817,localized,track_local,39.80492067,32.38213195,1131.37,564.16,30.6690,tile_512px_0016,12,7,0.5833,0.3914,1.6595
30057,500.95,localized,track_local,39.80473205,32.38107904,956.31,603.54,33.2163,tile_512px_0009,22,11,0.5000,0.3506,2.3862
30067,501.117,localized,track_local,39.80288232,32.38177211,1068.61,1002.43,27.1275,tile_512px_0015,9,5,0.5556,0.3543,0.7756
30078,501.3,localized,track_local,39.80166295,32.38183933,1077.96,1264.94,18.7492,tile_512px_0021,36,7,0.1944,0.2984,0.7575
30091,501.517,localized,track_local,39.80197795,32.38193066,1093.58,1197.25,24.8551,tile_512px_0021,34,9,0.2647,0.4469,1.4066
30102,501.7,localized,track_local,39.80137888,32.38050004,855.21,1324.54,18.8363,tile_512px_0027,21,6,0.2857,0.1810,0.7274
30116,501.933,localized,track_local,39.80062272,32.38156242,1030.44,1488.50,20.7733,tile_512px_0026,38,8,0.2105,0.3642,1.5791
30128,502.133,localized,track_local,39.80104225,32.38265802,1212.94,1399.46,19.5975,tile_512px_0039,28,6,0.2143,0.4612,0.5914
30138,502.3,localized,track_local,39.80121517,32.38212483,1124.68,1361.64,54.6598,tile_512px_0034,44,24,0.5455,0.4431,2.8459
30159,502.65,localized,track_local,39.80262867,32.38215414,1131.65,1057.46,19.4728,tile_512px_0028,16,5,0.3125,0.3169,0.7616
30170,502.833,localized,track_local,39.80170344,32.38185936,1081.34,1256.25,23.4803,tile_512px_0021,42,9,0.2143,0.4884,1.7764
30189,503.15,localized,track_local,39.80183284,32.38259348,1203.40,1229.24,20.8709,tile_512px_0027,15,5,0.3333,0.3470,0.1322
30199,503.317,localized,track_local,39.80154304,32.38263574,1209.98,1291.66,26.3604,tile_512px_0027,9,5,0.5556,0.2641,0.5967
30207,503.45,localized,track_local,39.80219337,32.38326206,1314.92,1152.41,29.9217,tile_512px_0029,9,6,0.6667,0.1902,1.3067
30217,503.617,localized,track_local,39.80173070,32.38209746,1120.91,1250.65,21.6741,tile_512px_0028,28,7,0.2500,0.4224,0.7332
30230,503.833,localized,track_local,39.80230578,32.38312852,1292.92,1128.07,21.0227,tile_512px_0028,13,5,0.3846,0.2449,0.6198
30239,503.983,localized,track_local,39.80323051,32.38296776,1267.60,928.86,37.9766,tile_512px_0023,26,13,0.5000,0.5411,2.5797
30253,504.217,localized,track_local,39.80279784,32.38227230,1151.51,1021.19,17.2609,tile_512px_0023,29,6,0.2069,0.2704,0.8661
30266,504.433,localized,track_local,39.80310765,32.38195954,1100.06,954.15,22.1160,tile_512px_0022,40,9,0.2250,0.2924,1.4106
30285,504.75,localized,track_local,39.80441727,32.38252433,1195.76,672.94,23.1374,tile_512px_0015,8,4,0.5000,0.2138,0.0004
30295,504.917,localized,track_local,39.80431441,32.38191731,1094.84,694.39,24.4810,tile_512px_0016,8,4,0.5000,0.3481,0.0000
30302,505.033,localized,track_local,39.80439539,32.38212947,1130.18,677.20,30.2933,tile_512px_0009,12,7,0.5833,0.2396,0.1366
30309,505.15,localized,track_local,39.80427916,32.38204458,1115.91,702.12,23.8462,tile_512px_0016,13,6,0.4615,0.1381,0.5084
30316,505.267,localized,track_local,39.80477832,32.38201465,1111.69,594.66,23.0992,tile_512px_0009,20,6,0.3000,0.5607,0.6772
30324,505.4,localized,telemetry_prior,39.80427667,32.38241489,1177.38,703.08,25.9218,tile_512px_0016,8,4,0.5000,0.4922,0.0000
30333,505.55,localized,track_local,39.80437315,32.38208037,1121.99,681.93,31.1428,tile_512px_0015,9,6,0.6667,0.2794,0.8685
30341,505.683,localized,track_local,39.80456568,32.38223287,1147.60,640.67,25.8086,tile_512px_0015,10,5,0.5000,0.3826,0.6895
30348,505.8,localized,telemetry_prior,39.80435703,32.38208644,1122.98,685.41,35.0419,tile_512px_0015,22,11,0.5000,0.3999,0.6097
30357,505.95,localized,track_local,39.80435076,32.38207837,1121.63,686.75,34.0435,tile_512px_0015,8,6,0.7500,0.3142,0.7985
30365,506.083,localized,track_local,39.80441711,32.38207867,1121.78,672.47,26.5705,tile_512px_0015,9,5,0.5556,0.2738,0.4451
30373,506.217,localized,track_local,39.80432906,32.38206494,1119.37,691.40,27.2627,tile_512px_0009,9,5,0.5556,0.3144,0.0645
30381,506.35,localized,track_local,39.80433411,32.38206455,1119.31,690.31,27.4788,tile_512px_0009,17,7,0.4118,0.4836,0.2805
30390,506.5,localized,track_local,39.80432712,32.38205555,1117.81,691.81,33.6087,tile_512px_0016,16,9,0.5625,0.3566,0.4427
30398,506.633,localized,track_local,39.80433445,32.38205175,1117.19,690.23,26.2579,tile_512px_0015,11,5,0.4545,0.5251,0.1731
30406,506.767,localized,track_local,39.80432466,32.38203914,1115.08,692.32,29.0715,tile_512px_0015,13,7,0.5385,0.3439,1.3621
30415,506.917,localized,track_local,39.80432097,32.38204254,1115.64,693.12,27.4341,tile_512px_0016,15,7,0.4667,0.3288,0.4713
30423,507.05,localized,track_local,39.80417610,32.38170920,1060.09,723.91,23.7921,tile_512px_0009,8,4,0.5000,0.2792,0.0000
30433,507.217,localized,track_local,39.80429285,32.38202225,1112.23,699.15,31.4745,tile_512px_0015,12,7,0.5833,0.3719,0.3254
30441,507.35,localized,track_local,39.80427974,32.38202655,1112.92,701.97,29.4016,tile_512px_0016,13,7,0.5385,0.3395,0.8635
30451,507.517,localized,track_local,39.80427112,32.38202238,1112.22,703.82,26.4981,tile_512px_0009,10,5,0.5000,0.4375,0.5031
30458,507.633,localized,track_local,39.80426533,32.38201522,1111.02,705.06,40.8967,tile_512px_0009,15,11,0.7333,0.3268,1.1612
30466,507.767,localized,track_local,39.80426193,32.38199233,1107.22,705.77,31.3886,tile_512px_0016,14,8,0.5714,0.3013,1.0224
30474,507.9,localized,track_local,39.80424951,32.38200017,1108.50,708.45,38.9621,tile_512px_0015,10,8,0.8000,0.3941,1.3049
30482,508.033,localized,track_local,39.80422571,32.38180081,1075.37,713.34,23.7859,tile_512px_0009,11,5,0.4545,0.2922,0.3630
30489,508.15,localized,track_local,39.80423692,32.38200117,1108.65,711.16,28.1281,tile_512px_0016,14,7,0.5000,0.3248,0.8266
30496,508.267,localized,track_local,39.80422887,32.38199341,1107.35,712.88,31.4916,tile_512px_0016,15,8,0.5333,0.4237,0.9943
30505,508.417,localized,track_local,39.80426830,32.38194879,1100.00,704.35,21.8733,tile_512px_0015,14,5,0.3571,0.4500,1.1210
30514,508.567,localized,track_local,39.80421671,32.38197332,1103.99,715.48,25.2534,tile_512px_0015,11,5,0.4545,0.4439,0.4298
30523,508.717,localized,track_local,39.80245021,32.38085727,916.10,1094.38,33.5907,tile_512px_0015,8,6,0.7500,0.2841,1.0006
30532,508.867,localized,track_local,39.80292593,32.38160692,1041.25,992.86,18.8513,tile_512px_0027,24,5,0.2083,0.5185,0.1119
30541,509.017,localized,track_local,39.80306242,32.38193030,1095.14,963.85,30.0805,tile_512px_0022,26,10,0.3846,0.4832,1.7206
30552,509.2,localized,telemetry_prior,39.80419675,32.38195860,1101.52,719.76,29.5417,tile_512px_0015,10,6,0.6000,0.3050,0.6773
30562,509.367,localized,track_local,39.80405946,32.38184743,1082.86,749.17,25.4641,tile_512px_0016,9,5,0.5556,0.2099,1.0684
30571,509.517,localized,track_local,39.80418792,32.38194336,1098.98,721.64,26.0569,tile_512px_0016,16,7,0.4375,0.2787,0.4740
30579,509.65,localized,track_local,39.80540692,32.38274866,1234.46,460.21,18.8953,tile_512px_0009,29,6,0.2069,0.4004,0.4214
30588,509.8,localized,telemetry_prior,39.80428679,32.38245246,1183.63,700.94,21.5993,tile_512px_0016,9,4,0.4444,0.2266,0.0000
30597,509.95,localized,track_local,39.80411345,32.38164645,1049.58,737.33,29.2924,tile_512px_0015,8,5,0.6250,0.3811,1.0254
30604,510.067,localized,track_local,39.80414601,32.38191820,1094.74,730.63,42.7885,tile_512px_0015,12,10,0.8333,0.3188,0.5327
30614,510.233,localized,track_local,39.80414014,32.38194456,1099.11,731.92,36.3918,tile_512px_0016,9,7,0.7778,0.3485,1.2357
30625,510.417,localized,track_local,39.80505567,32.38248250,1189.76,535.50,24.1719,tile_512px_0009,20,7,0.3500,0.3900,0.9706
30635,510.583,localized,track_local,39.80410857,32.38190879,1093.12,738.68,25.6363,tile_512px_0009,13,6,0.4615,0.3333,0.7242
30644,510.733,localized,track_local,39.80410004,32.38190206,1091.99,740.51,35.9275,tile_512px_0016,21,11,0.5238,0.4099,0.5138
30652,510.867,localized,track_local,39.80405221,32.38188830,1089.64,750.78,23.2018,tile_512px_0016,20,7,0.3500,0.2768,0.7548
30659,510.983,localized,track_local,39.80408622,32.38189985,1091.60,743.48,24.9027,tile_512px_0016,17,7,0.4118,0.2775,0.9668
30669,511.15,localized,track_local,39.80408322,32.38188631,1089.35,744.11,41.5833,tile_512px_0015,11,9,0.8182,0.3878,0.4537
30676,511.267,localized,track_local,39.80379108,32.38194543,1098.73,807.05,19.9149,tile_512px_0016,10,4,0.4000,0.1915,0.0000
30687,511.45,localized,track_local,39.80418290,32.38233908,1164.66,723.17,26.4808,tile_512px_0016,10,5,0.5000,0.4412,0.5747
30695,511.583,localized,track_local,39.80405780,32.38186946,1086.52,749.56,33.6223,tile_512px_0015,16,9,0.5625,0.3585,0.4508
30702,511.7,localized,track_local,39.80404437,32.38186535,1085.81,752.44,29.0274,tile_512px_0016,20,9,0.4500,0.3167,1.5191
30710,511.833,localized,track_local,39.80404927,32.38186211,1085.28,751.38,38.1121,tile_512px_0015,15,10,0.6667,0.3570,0.6099
30717,511.95,localized,track_local,39.80404866,32.38186345,1085.50,751.52,29.6492,tile_512px_0015,8,5,0.6250,0.3486,0.1157
30726,512.1,localized,track_local,39.80394928,32.38197957,1104.63,773.04,35.5489,tile_512px_0015,9,7,0.7778,0.2817,1.4690
30734,512.233,localized,track_local,39.80402783,32.38184516,1082.44,755.98,36.6237,tile_512px_0015,11,8,0.7273,0.3186,0.5067
30742,512.367,localized,track_local,39.80396178,32.38196197,1101.73,770.33,28.8241,tile_512px_0015,16,8,0.5000,0.3130,1.7415
30751,512.517,localized,track_local,39.80401923,32.38182912,1079.76,757.81,38.7339,tile_512px_0015,17,11,0.6471,0.3171,0.4656
30759,512.65,localized,track_local,39.80395380,32.38182584,1079.12,771.89,25.8034,tile_512px_0015,17,7,0.4118,0.3537,0.7818
30767,512.783,localized,track_local,39.80394263,32.38189923,1091.29,774.38,27.3500,tile_512px_0016,14,7,0.5000,0.2133,0.3780
30778,512.967,localized,track_local,39.80399200,32.38180899,1076.38,763.65,30.3553,tile_512px_0015,10,6,0.6000,0.3826,0.6270
30788,513.133,localized,track_local,39.80397495,32.38179837,1074.59,767.31,29.9328,tile_512px_0015,11,6,0.5455,0.4918,0.4648
30798,513.3,localized,track_local,39.80396849,32.38179299,1073.69,768.69,27.0862,tile_512px_0015,16,7,0.4375,0.4195,0.9783
30808,513.467,localized,track_local,39.80396740,32.38178061,1071.63,768.91,32.1674,tile_512px_0015,9,6,0.6667,0.3472,0.4066
30817,513.617,localized,track_local,39.80343711,32.38245087,1182.11,883.81,27.2580,tile_512px_0016,12,6,0.5000,0.4131,1.1643
30827,513.783,localized,track_local,39.80396077,32.38192265,1095.20,770.50,25.5309,tile_512px_0016,16,7,0.4375,0.3093,1.5822
30835,513.917,localized,track_local,39.80392930,32.38177055,1069.91,777.10,34.6861,tile_512px_0015,10,7,0.7000,0.3401,0.2861
30843,514.05,localized,track_local,39.80397924,32.38188590,1089.13,766.48,32.1508,tile_512px_0015,15,9,0.6000,0.2050,1.8656
30851,514.183,localized,track_local,39.80399643,32.38192738,1096.04,762.83,27.4017,tile_512px_0016,14,7,0.5000,0.2622,0.9601
30859,514.317,localized,track_local,39.80302333,32.38332617,1326.79,973.86,20.2267,tile_512px_0016,37,8,0.2162,0.3105,1.8197
30873,514.55,localized,track_local,39.80346471,32.38274760,1231.40,878.21,22.6492,tile_512px_0023,11,5,0.4545,0.1957,0.5922
30881,514.683,localized,track_local,39.80387227,32.38178224,1071.76,789.39,27.7415,tile_512px_0016,12,6,0.5000,0.4572,1.1067
30890,514.833,localized,track_local,39.80396350,32.38174887,1066.36,769.72,29.0568,tile_512px_0015,13,7,0.5385,0.3430,1.3692
30898,514.967,localized,track_local,39.80386817,32.38172531,1062.31,790.20,29.8956,tile_512px_0016,16,8,0.5000,0.3487,0.7879
30905,515.083,localized,track_local,39.80402597,32.38192765,1096.13,756.48,26.2026,tile_512px_0016,19,8,0.4211,0.2347,1.0342
30913,515.217,localized,track_local,39.80401313,32.38217373,1136.96,759.52,23.0262,tile_512px_0015,17,6,0.3529,0.3979,0.7210
30921,515.35,localized,track_local,39.80384507,32.38171040,1059.80,795.16,31.7995,tile_512px_0015,12,7,0.5833,0.4141,0.4556
30930,515.5,localized,track_local,39.80397111,32.38187694,1087.63,768.22,26.4703,tile_512px_0015,16,7,0.4375,0.3644,1.0644
30938,515.633,localized,track_local,39.80418388,32.38195632,1101.12,722.52,27.8224,tile_512px_0016,14,7,0.5000,0.3558,1.6479
30945,515.75,localized,track_local,39.80409226,32.38196922,1103.13,742.26,22.1262,tile_512px_0015,13,5,0.3846,0.3775,0.9162
30954,515.9,localized,track_local,39.80385061,32.38169349,1057.00,793.95,28.2847,tile_512px_0015,12,6,0.5000,0.4623,0.4506
30962,516.033,localized,track_local,39.80345101,32.38204084,1114.06,880.35,22.6096,tile_512px_0016,18,6,0.3333,0.3927,0.4231
30970,516.167,localized,track_local,39.80411673,32.38197068,1103.41,736.99,25.3953,tile_512px_0016,22,8,0.3636,0.3489,1.3371
30981,516.35,localized,track_local,39.80380007,32.38168038,1054.75,804.81,36.2996,tile_512px_0015,11,8,0.7273,0.3082,0.8014
30989,516.483,localized,track_local,39.80337024,32.38209430,1122.82,897.79,33.1166,tile_512px_0015,8,6,0.7500,0.2509,1.1893
31000,516.667,localized,track_local,39.80244658,32.38156379,1033.38,1095.97,20.9581,tile_512px_0021,27,7,0.2593,0.3359,0.9042
31010,516.833,localized,track_local,39.80333016,32.38255913,1199.92,906.95,21.6575,tile_512px_0022,34,8,0.2353,0.3462,1.1507
31021,517.017,localized,track_local,39.80354522,32.38199854,1107.18,860.02,21.9458,tile_512px_0016,22,7,0.3182,0.2953,1.4031
31028,517.133,localized,track_local,39.80374926,32.38164331,1048.52,815.70,23.6577,tile_512px_0015,11,5,0.4545,0.2568,0.0627
31039,517.317,localized,track_local,39.80240620,32.38121233,974.98,1104.26,27.4367,tile_512px_0021,41,11,0.2683,0.4617,2.3060
31057,517.617,localized,track_local,39.80237707,32.38098719,937.56,1110.27,35.6540,tile_512px_0020,46,16,0.3478,0.3396,2.9020
31071,517.85,localized,track_local,39.80269550,32.38313518,1294.60,1044.20,23.8902,tile_512px_0021,30,8,0.2667,0.4690,1.0663
31086,518.1,localized,track_local,39.80285251,32.38160817,1041.35,1008.66,21.5274,tile_512px_0022,33,8,0.2424,0.2875,0.8266
31099,518.317,localized,track_local,39.80409334,32.38096416,936.29,740.87,19.6632,tile_512px_0021,16,5,0.3125,0.2914,0.1683
31109,518.483,localized,track_local,39.80366661,32.38156162,1034.83,833.40,27.4064,tile_512px_0015,9,5,0.5556,0.3949,0.9463
31118,518.633,localized,track_local,39.80474120,32.38162357,1046.72,602.20,22.7463,tile_512px_0016,12,5,0.4167,0.3308,0.7491
31129,518.817,localized,track_local,39.80358140,32.38146416,1018.53,851.62,25.3778,tile_512px_0015,8,4,0.5000,0.4378,0.0000
31138,518.967,localized,track_local,39.80393952,32.38182496,1078.95,774.96,31.2644,tile_512px_0015,9,6,0.6667,0.3379,1.4862
31149,519.15,localized,track_local,39.80407016,32.38158293,1038.97,746.57,22.3842,tile_512px_0016,16,6,0.3750,0.3047,1.2167
31159,519.317,localized,track_local,39.80402839,32.38169645,1057.75,755.69,26.6562,tile_512px_0016,12,6,0.5000,0.3715,1.4116
31170,519.5,localized,track_local,39.80498412,32.38016971,805.75,548.25,17.3481,tile_512px_0009,13,4,0.3077,0.2117,0.0000
31178,519.633,localized,track_local,39.80598112,32.37991380,764.75,333.38,24.0219,tile_512px_0009,8,4,0.5000,0.3022,0.0000
31187,519.783,localized,track_local,39.80651504,32.37898029,610.60,217.40,29.2684,tile_512px_0001,23,10,0.4348,0.2624,1.8657
31202,520.033,localized,track_local,39.80686818,32.37901736,617.28,141.44,26.0937,tile_512px_0001,9,5,0.5556,0.2180,0.3372
31213,520.217,localized,track_local,39.80665643,32.37946340,691.00,187.52,24.4370,tile_512px_0001,10,5,0.5000,0.2201,0.3514
31222,520.367,localized,track_local,39.80682297,32.37911881,634.05,151.28,27.3078,tile_512px_0001,8,5,0.6250,0.1708,0.8671
31233,520.55,localized,track_local,39.80683880,32.37916339,641.47,147.93,28.9058,tile_512px_0001,10,6,0.6000,0.2909,1.3377
31243,520.717,localized,track_local,39.80696594,32.37901407,616.88,120.39,30.5736,tile_512px_0001,9,6,0.6667,0.2014,0.5870
31251,520.85,localized,track_local,39.80701551,32.37899164,613.23,109.70,24.2172,tile_512px_0001,10,5,0.5000,0.1856,0.1847
