LineNo,UTC_Approx,TimeUS,Status,Lat,Lng,Spacing,TerrH,CHeight,Pending,Loaded,ROfs
1314,2023-01-20 10:49:56.560038,116561615,2,39.8043837,32.3788026,100,734.2518,0.02451271,0,504,-8.45717
2278,2023-01-20 10:49:57.563612,117562035,2,39.8043842,32.3788018,100,734.2562,0.1094432,0,504,-8.45717
2720,2023-01-20 10:49:58.559956,118562019,2,39.8043847,32.3788012,100,734.2599,0.2002259,0,504,-8.45717
3122,2023-01-20 10:49:59.559945,119562015,2,39.8043852,32.3788008,100,734.2626,0.2693891,0,504,-8.45717
3521,2023-01-20 10:50:00.559948,120562018,2,39.8043855,32.3788012,100,734.2614,0.2762502,0,504,-8.45717
3874,2023-01-20 10:50:01.559938,121562079,2,39.8043855,32.3788017,100,734.259,0.2729892,0,504,-8.45717
4198,2023-01-20 10:50:02.559312,122562087,2,39.8043854,32.3788027,100,734.2545,0.5200701,0,504,-8.45717
4523,2023-01-20 10:50:03.559206,123562091,2,39.8043839,32.3788045,100,734.2438,0.9472257,0,504,-8.45717
4848,2023-01-20 10:50:04.560221,124562424,2,39.8043847,32.3788029,100,734.2523,1.41041,0,504,-8.45717
5172,2023-01-20 10:50:05.559967,125562087,2,39.8043843,32.3788031,100,734.2509,2.074492,0,504,-8.45717
5498,2023-01-20 10:50:06.537583,126562099,2,39.804381,32.378803,100,734.245,2.672981,0,504,-8.45717
5821,2023-01-20 10:50:07.537501,127562361,2,39.8043715,32.3787984,100,734.2475,3.026649,0,504,-8.45717
6146,2023-01-20 10:50:08.537436,128562346,2,39.8043558,32.3787891,100,734.2603,3.155578,0,504,-8.45717
6472,2023-01-20 10:50:09.535698,129562391,2,39.8043389,32.3787739,100,734.2974,3.400996,0,504,-8.45717
6796,2023-01-20 10:50:10.534654,130562691,2,39.8043231,32.3787611,100,734.3265,3.575072,0,504,-8.45717
7119,2023-01-20 10:50:11.534578,131562679,2,39.8043143,32.3787522,100,734.3514,3.644946,0,504,-8.45717
7442,2023-01-20 10:50:12.534579,132562682,2,39.8043105,32.3787478,100,734.3647,3.739655,0,504,-8.45717
7766,2023-01-20 10:50:13.534599,133562690,2,39.8043098,32.378748,100,734.3626,3.711469,0,504,-8.45717
8091,2023-01-20 10:50:14.534581,134562679,2,39.8043095,32.3787495,100,734.3551,3.554209,0,504,-8.45717
8415,2023-01-20 10:50:15.534587,135562687,2,39.8043091,32.3787498,100,734.3529,3.559101,0,504,-8.45717
8738,2023-01-20 10:50:16.534565,136562693,2,39.8043082,32.3787508,100,734.3469,3.564213,0,504,-8.45717
9061,2023-01-20 10:50:17.534643,137562730,2,39.8043082,32.3787499,100,734.351,3.524076,0,504,-8.45717
9385,2023-01-20 10:50:18.522647,138562690,2,39.8043092,32.3787502,100,734.3514,3.564563,0,504,-8.45717
9710,2023-01-20 10:50:19.514882,139562660,2,39.8043105,32.3787516,100,734.3474,3.587762,0,504,-8.45717
10036,2023-01-20 10:50:20.514956,140562675,2,39.8043112,32.3787536,100,734.3396,3.466998,0,504,-8.45717
10359,2023-01-20 10:50:21.514883,141562665,2,39.8043117,32.3787554,100,734.3323,3.461814,0,504,-8.45717
10681,2023-01-20 10:50:22.514855,142562672,2,39.8043148,32.3787652,100,734.2933,3.595281,0,504,-8.45717
11006,2023-01-20 10:50:23.514848,143562661,2,39.8043191,32.3787887,100,734.1941,3.918332,0,504,-8.45717
11332,2023-01-20 10:50:24.514878,144562666,2,39.8043267,32.3788354,100,733.9966,4.734709,0,504,-8.45717
11659,2023-01-20 10:50:25.514855,145562688,2,39.8043393,32.3788941,100,733.7566,5.632318,0,504,-8.45717
11983,2023-01-20 10:50:26.514817,146562673,2,39.8043442,32.3789254,100,733.6257,5.398133,0,504,-8.45717
12306,2023-01-20 10:50:27.504523,147562665,2,39.8043462,32.3789305,100,733.6072,5.786679,0,504,-8.45717
12631,2023-01-20 10:50:28.505496,148562667,2,39.8043492,32.3789296,100,733.6176,7.298401,0,504,-8.45717
12957,2023-01-20 10:50:29.494833,149562678,2,39.8043498,32.3789264,100,733.6331,9.152446,0,504,-8.45717
13280,2023-01-20 10:50:30.494866,150562689,2,39.8043492,32.3789237,100,733.644,11.05779,0,504,-8.45717
13604,2023-01-20 10:50:31.494827,151562669,2,39.804348,32.3789211,100,733.6532,12.86525,0,504,-8.45717
13928,2023-01-20 10:50:32.494873,152562713,2,39.8043457,32.3789214,100,733.6471,14.15897,0,504,-8.45717
14252,2023-01-20 10:50:33.494850,153562671,2,39.8043432,32.378922,100,733.639,14.30857,0,504,-8.45717
14578,2023-01-20 10:50:34.494891,154562672,2,39.8043392,32.3789223,100,733.6295,14.37219,0,504,-8.45717
14905,2023-01-20 10:50:35.494941,155562681,2,39.8043394,32.3789209,100,733.6362,14.35869,0,504,-8.45717
15228,2023-01-20 10:50:36.494862,156562651,2,39.8043408,32.3789239,100,733.6255,14.47257,0,504,-8.45717
15551,2023-01-20 10:50:37.494955,157562683,2,39.8043437,32.3789389,100,733.5641,14.70221,0,504,-8.45717
15876,2023-01-20 10:50:38.475044,158562653,2,39.8043479,32.3789731,100,733.4195,15.23676,0,504,-8.45717
16203,2023-01-20 10:50:39.474965,159562691,2,39.8043605,32.3790283,100,733.3233,15.87096,0,504,-8.45717
16528,2023-01-20 10:50:40.474834,160562669,2,39.804379,32.3790991,100,733.3035,16.57553,0,504,-8.45717
16854,2023-01-20 10:50:41.474884,161562654,2,39.8043934,32.3791745,100,733.2708,17.31538,0,504,-8.45717
17180,2023-01-20 10:50:42.474810,162562646,2,39.8044089,32.3792528,100,733.2379,17.89863,0,504,-8.45717
17506,2023-01-20 10:50:43.474873,163562647,2,39.8044254,32.3793316,100,733.207,18.42609,0,504,-8.45717
17835,2023-01-20 10:50:44.474907,164562655,2,39.8044385,32.3794079,100,733.1705,19.26965,0,504,-8.45717
18162,2023-01-20 10:50:45.474880,165562664,2,39.8044549,32.3794854,100,733.1405,20.1164,0,504,-8.45717
18488,2023-01-20 10:50:46.474931,166562657,2,39.8044723,32.3795668,100,733.1093,20.72048,0,504,-8.45717
18813,2023-01-20 10:50:47.455060,167562659,2,39.8044891,32.3796486,100,733.0763,21.38057,0,504,-8.45717
19139,2023-01-20 10:50:48.454951,168562664,2,39.8045065,32.3797302,100,733.0449,21.83094,0,504,-8.45717
19468,2023-01-20 10:50:49.454942,169562666,2,39.80452,32.3798085,100,733.0076,22.37326,0,504,-8.45717
19836,2023-01-20 10:50:50.454922,170562688,2,39.8045341,32.3798864,100,732.972,23.40749,0,504,-8.45717
20162,2023-01-20 10:50:51.454886,171562663,2,39.8045507,32.379964,100,732.9423,24.24635,0,504,-8.45717
20488,2023-01-20 10:50:52.454940,172562708,2,39.8045682,32.3800417,100,732.9144,25.0272,0,504,-8.45717
20814,2023-01-20 10:50:53.454890,173562666,2,39.8045844,32.3801211,100,732.8823,25.71417,0,504,-8.45717
21143,2023-01-20 10:50:54.454957,174562710,2,39.8046006,32.3802047,100,732.8332,26.12441,0,504,-8.45717
21470,2023-01-20 10:50:55.454833,175562675,2,39.8046134,32.380283,100,732.7738,26.87757,0,504,-8.45717
21795,2023-01-20 10:50:56.434787,176562677,2,39.8046262,32.3803594,100,732.7186,27.92051,0,504,-8.45717
22121,2023-01-20 10:50:57.434721,177562657,2,39.8046433,32.3804374,100,732.674,28.82177,0,504,-8.45717
22447,2023-01-20 10:50:58.434594,178562664,2,39.804661,32.3805174,100,732.6313,29.48859,0,504,-8.45717
22776,2023-01-20 10:50:59.434577,179562656,2,39.8046772,32.3805984,100,732.5865,30.15735,0,504,-8.45717
23102,2023-01-20 10:51:00.434582,180562652,2,39.8046919,32.3806777,100,732.5419,30.96639,0,504,-8.45717
23428,2023-01-20 10:51:01.434588,181562665,2,39.8047045,32.3807547,100,732.4959,31.91287,0,504,-8.45717
23754,2023-01-20 10:51:02.434576,182562644,2,39.804722,32.3808343,100,732.4634,32.65472,0,504,-8.45717
24080,2023-01-20 10:51:03.434563,183562653,2,39.8047395,32.3809143,100,732.4329,33.29247,0,504,-8.45717
24409,2023-01-20 10:51:04.434576,184562650,2,39.8047539,32.3809938,100,732.3963,33.94727,0,504,-8.45717
24738,2023-01-20 10:51:05.434538,185562641,2,39.8047702,32.3810747,100,732.3663,34.7135,0,504,-8.45717
25064,2023-01-20 10:51:06.431471,186562652,2,39.8047884,32.3811547,100,732.346,35.4136,0,504,-8.45717
25439,2023-01-20 10:51:07.416729,187562696,2,39.8048027,32.3812333,100,732.3171,36.11713,0,504,-8.45717
25764,2023-01-20 10:51:08.414902,188562644,2,39.8048177,32.3813103,100,732.2938,37.05812,0,504,-8.45717
26093,2023-01-20 10:51:09.414949,189562697,2,39.8048347,32.3813904,100,732.0574,38.03174,0,504,-8.45717
26419,2023-01-20 10:51:10.414891,190562648,2,39.8048503,32.3814707,100,731.7741,38.94244,0,504,-8.45717
26745,2023-01-20 10:51:11.414829,191562667,2,39.8048655,32.3815502,100,731.4833,39.79139,0,504,-8.45717
27071,2023-01-20 10:51:12.414916,192562670,2,39.8048824,32.3816284,100,731.1923,40.8602,0,504,-8.45717
27397,2023-01-20 10:51:13.414828,193562663,2,39.8048988,32.3817068,100,730.8898,41.93469,0,504,-8.45717
27726,2023-01-20 10:51:14.414914,194562668,2,39.8049148,32.3817857,100,730.5836,42.83689,0,504,-8.45717
28053,2023-01-20 10:51:15.414927,195562671,2,39.804932,32.3818651,100,730.2822,43.84417,0,504,-8.45717
28379,2023-01-20 10:51:16.413570,196562653,2,39.804943,32.3819429,100,729.9785,44.89643,0,504,-8.45717
28703,2023-01-20 10:51:17.394999,197562650,2,39.8049569,32.3820212,100,729.683,45.94855,0,504,-8.45717
29029,2023-01-20 10:51:18.394918,198562651,2,39.8049748,32.3821008,100,729.3972,46.98531,0,504,-8.45717
29358,2023-01-20 10:51:19.394816,199562659,2,39.8049917,32.3821804,100,729.1138,47.85611,0,504,-8.45717
29684,2023-01-20 10:51:20.394886,200562665,2,39.8050059,32.3822601,100,728.8272,48.76237,0,504,-8.45717
30009,2023-01-20 10:51:21.394919,201562666,2,39.8050218,32.3823395,100,728.5513,49.67387,0,504,-8.45717
30315,2023-01-20 10:51:22.394931,202562576,2,39.8050365,32.3824147,100,728.2936,50.58674,0,504,-8.45717
30610,2023-01-20 10:51:23.394919,203562540,2,39.8050396,32.3824767,100,728.0541,51.46685,0,504,-8.45717
30917,2023-01-20 10:51:24.394974,204562752,2,39.8050358,32.3825265,100,727.9219,51.89499,0,504,-8.45717
31290,2023-01-20 10:51:25.395026,205562743,2,39.8050288,32.382559,100,727.8309,52.16046,0,504,-8.45717
31614,2023-01-20 10:51:26.375035,206562665,2,39.8050304,32.3825791,100,727.7935,52.55577,0,504,-8.45717
31938,2023-01-20 10:51:27.374983,207562669,2,39.8050393,32.3826122,100,727.7503,53.01084,0,504,-8.45717
32262,2023-01-20 10:51:28.374934,208562648,2,39.805052,32.3826663,100,727.6708,53.68744,0,504,-8.45717
32591,2023-01-20 10:51:29.374911,209562668,2,39.805067,32.382735,100,727.5609,54.55357,0,504,-8.45717
32917,2023-01-20 10:51:30.374885,210562641,2,39.8050867,32.3828093,100,727.4437,55.32451,0,504,-8.45717
33238,2023-01-20 10:51:31.374925,211562573,2,39.8051053,32.3828847,100,727.3135,55.98597,0,504,-8.45717
33532,2023-01-20 10:51:32.374933,212562571,2,39.8051171,32.382951,100,727.183,56.4254,0,504,-8.45717
33826,2023-01-20 10:51:33.374951,213562601,2,39.805121,32.3830004,100,727.0738,56.52789,0,504,-8.45717
34145,2023-01-20 10:51:34.374906,214562662,2,39.8051161,32.3830365,100,726.9797,56.22043,0,504,-8.45717
34469,2023-01-20 10:51:35.355102,215562668,2,39.8051142,32.3830554,100,726.9319,56.44376,0,504,-8.45717
34795,2023-01-20 10:51:36.359063,216562671,2,39.80512,32.3830783,100,726.8876,56.89789,0,504,-8.45717
35109,2023-01-20 10:51:37.354895,217562547,2,39.8051313,32.3831196,100,726.8073,57.53609,0,504,-8.45717
35425,2023-01-20 10:51:38.354899,218562547,2,39.8051407,32.3831587,100,726.7265,57.96755,0,504,-8.45717
35721,2023-01-20 10:51:39.354958,219562598,2,39.8051406,32.3831814,100,726.6712,57.92291,0,504,-8.45717
36045,2023-01-20 10:51:40.354806,220562658,2,39.8051357,32.3831949,100,726.6323,57.67554,0,504,-8.45717
36369,2023-01-20 10:51:41.354826,221562644,2,39.8051359,32.3832051,100,726.6079,57.90548,0,504,-8.45717
36693,2023-01-20 10:51:42.354827,222562662,2,39.8051405,32.3832213,100,726.5745,58.1696,0,504,-8.45717
37017,2023-01-20 10:51:43.354887,223562655,2,39.8051525,32.3832523,100,726.5129,58.70677,0,504,-8.45717
37343,2023-01-20 10:51:44.354839,224562660,2,39.8051701,32.383299,100,726.4158,59.52054,0,504,-8.45717
37661,2023-01-20 10:51:45.340722,225562656,2,39.8051872,32.3833522,100,726.2969,60.15539,0,504,-8.45717
37985,2023-01-20 10:51:46.334675,226562649,2,39.805197,32.3833902,100,726.2068,60.29074,0,504,-8.45717
38309,2023-01-20 10:51:47.334577,227562657,2,39.8052058,32.3834129,100,726.1541,60.56837,0,504,-8.45717
38633,2023-01-20 10:51:48.334596,228562676,2,39.8052169,32.3834376,100,726.0963,61.2068,0,504,-8.45717
38959,2023-01-20 10:51:49.334576,229562660,2,39.8052293,32.3834687,100,726.0205,61.98154,0,504,-8.45717
39285,2023-01-20 10:51:50.334613,230562674,2,39.8052428,32.3835024,100,725.936,62.60043,0,504,-8.45717
39609,2023-01-20 10:51:51.334556,231562662,2,39.805251,32.3835299,100,725.864,62.96302,0,504,-8.45717
39936,2023-01-20 10:51:52.334598,232562665,2,39.8052467,32.3835369,100,725.8434,63.07851,0,504,-8.45717
40260,2023-01-20 10:51:53.334563,233562669,2,39.805227,32.383527,100,725.8635,63.11415,0,504,-8.45717
40586,2023-01-20 10:51:54.327442,234562674,2,39.8052076,32.383511,100,725.8986,63.08145,0,504,-8.45717
40912,2023-01-20 10:51:55.315017,235562664,2,39.8051911,32.3834945,100,725.9345,63.14563,0,504,-8.45717
41241,2023-01-20 10:51:56.314861,236562644,2,39.8051712,32.3834778,100,725.9675,63.21161,0,504,-8.45717
41565,2023-01-20 10:51:57.314888,237562707,2,39.8051399,32.3834561,100,726.0047,63.14481,0,504,-8.45717
41890,2023-01-20 10:51:58.314853,238562657,2,39.8050964,32.3834246,100,726.053,63.11348,0,504,-8.45717
42219,2023-01-20 10:51:59.314898,239562720,2,39.8050458,32.383387,100,726.1013,63.16696,0,504,-8.45717
42546,2023-01-20 10:52:00.314898,240562668,2,39.8049933,32.3833467,100,726.1427,63.24796,0,504,-8.45717
42915,2023-01-20 10:52:01.314823,241562646,2,39.8049389,32.3833063,100,726.1702,63.30689,0,504,-8.45717
43241,2023-01-20 10:52:02.314865,242562662,2,39.8048848,32.3832658,100,726.224,63.25788,0,504,-8.45717
43568,2023-01-20 10:52:03.314836,243562672,2,39.8048302,32.3832251,100,726.4314,63.02897,0,504,-8.45717
43896,2023-01-20 10:52:04.304567,244562659,2,39.8047765,32.3831848,100,726.6273,62.78351,0,504,-8.45717
44223,2023-01-20 10:52:05.294964,245562674,2,39.8047231,32.3831446,100,726.8142,62.54562,0,504,-8.45717
44550,2023-01-20 10:52:06.294898,246562659,2,39.8046704,32.3831041,100,726.9918,62.34448,0,504,-8.45717
44878,2023-01-20 10:52:07.294909,247562653,2,39.8046174,32.3830625,100,727.163,62.19776,0,504,-8.45717
45205,2023-01-20 10:52:08.294916,248562657,2,39.8045633,32.3830214,100,727.3278,62.02813,0,504,-8.45717
45533,2023-01-20 10:52:09.294908,249562658,2,39.8045095,32.3829813,100,727.4823,61.86302,0,504,-8.45717
45861,2023-01-20 10:52:10.294922,250562667,2,39.8044544,32.3829401,100,727.6323,61.68245,0,504,-8.45717
46187,2023-01-20 10:52:11.294858,251562674,2,39.8044007,32.3828998,100,727.7701,61.52488,0,504,-8.45717
46514,2023-01-20 10:52:12.294973,252562714,2,39.8043459,32.3828587,100,727.9024,61.3634,0,504,-8.45717
46840,2023-01-20 10:52:13.294873,253562671,2,39.8042908,32.3828172,100,728.0267,61.20613,0,504,-8.45717
47169,2023-01-20 10:52:14.283419,254562703,2,39.8042354,32.3827762,100,728.1428,61.03379,0,504,-8.45717
47497,2023-01-20 10:52:15.286322,255562650,2,39.8041802,32.3827356,100,728.2495,60.83788,0,504,-8.45717
47824,2023-01-20 10:52:16.274930,256562655,2,39.8041263,32.3826945,100,728.3459,60.69447,0,504,-8.45717
48199,2023-01-20 10:52:17.274844,257562662,2,39.8040718,32.3826535,100,728.4347,60.57463,0,504,-8.45717
48524,2023-01-20 10:52:18.274893,258562653,2,39.8040167,32.3826125,100,728.5157,60.47791,0,504,-8.45717
48853,2023-01-20 10:52:19.274907,259562656,2,39.8039628,32.3825721,100,728.5458,60.44103,0,504,-8.45717
49180,2023-01-20 10:52:20.274883,260562684,2,39.8039086,32.3825318,100,728.5471,60.42626,0,504,-8.45717
49507,2023-01-20 10:52:21.274916,261562660,2,39.803854,32.3824905,100,728.5443,60.43136,0,504,-8.45717
49833,2023-01-20 10:52:22.274899,262562668,2,39.8037989,32.3824494,100,728.5578,60.42354,0,504,-8.45717
50160,2023-01-20 10:52:23.268173,263562672,2,39.8037435,32.3824075,100,728.5702,60.40994,0,504,-8.45717
50488,2023-01-20 10:52:24.254992,264562680,2,39.8036891,32.3823661,100,728.5737,60.40085,0,504,-8.45717
50817,2023-01-20 10:52:25.254975,265562681,2,39.8036358,32.3823253,100,728.569,60.41176,0,504,-8.45717
51143,2023-01-20 10:52:26.254881,266562676,2,39.8035808,32.382284,100,728.5553,60.44088,0,504,-8.45717
51470,2023-01-20 10:52:27.254987,267562735,2,39.803527,32.3822428,100,728.5334,60.48555,0,504,-8.45717
51796,2023-01-20 10:52:28.254886,268562683,2,39.8034718,32.3822024,100,728.5025,60.52688,0,504,-8.45717
52125,2023-01-20 10:52:29.254986,269562735,2,39.8034172,32.3821616,100,728.4634,60.59628,0,504,-8.45717
52451,2023-01-20 10:52:30.254878,270562697,2,39.8033626,32.3821213,100,728.416,60.60283,0,504,-8.45717
52778,2023-01-20 10:52:31.254930,271562666,2,39.8033075,32.3820808,100,728.3597,60.64289,0,504,-8.45717
53104,2023-01-20 10:52:32.254847,272562666,2,39.8032521,32.3820398,100,728.2943,60.69952,0,504,-8.45717
53430,2023-01-20 10:52:33.254916,273562686,2,39.8031975,32.3819991,100,728.2211,60.771,0,504,-8.45717
53808,2023-01-20 10:52:34.234682,274562693,2,39.803145,32.3819585,100,728.1417,60.86496,0,504,-8.45717
54136,2023-01-20 10:52:35.234609,275562692,2,39.8030914,32.3819175,100,728.072,60.95546,0,504,-8.45717
54463,2023-01-20 10:52:36.234602,276562692,2,39.8030384,32.3818762,100,728.1265,60.97076,0,504,-8.45717
54789,2023-01-20 10:52:37.234596,277562673,2,39.8029828,32.3818348,100,728.1895,60.93362,0,504,-8.45717
55118,2023-01-20 10:52:38.234588,278562685,2,39.8029281,32.3817938,100,728.2556,60.89191,0,504,-8.45717
55446,2023-01-20 10:52:39.234587,279562674,2,39.8028728,32.3817529,100,728.3271,60.79772,0,504,-8.45717
55774,2023-01-20 10:52:40.234573,280562692,2,39.8028176,32.3817116,100,728.4026,60.70445,0,504,-8.45717
56100,2023-01-20 10:52:41.234585,281562678,2,39.8027625,32.3816709,100,728.4825,60.59879,0,504,-8.45717
56426,2023-01-20 10:52:42.215190,282562736,2,39.8027074,32.38163,100,728.5667,60.50447,0,504,-8.45717
56752,2023-01-20 10:52:43.215044,283562683,2,39.8026538,32.3815897,100,728.6524,60.40483,0,504,-8.45717
57081,2023-01-20 10:52:44.214961,284562715,2,39.8025999,32.3815491,100,728.7427,60.33027,0,504,-8.45717
57408,2023-01-20 10:52:45.214838,285562662,2,39.8025451,32.3815075,100,728.8387,60.22816,0,504,-8.45717
57735,2023-01-20 10:52:46.214825,286562695,2,39.8024906,32.3814666,100,728.9386,60.1716,0,504,-8.45717
58062,2023-01-20 10:52:47.214894,287562692,2,39.8024365,32.3814253,100,729.0419,60.08291,0,504,-8.45717
58388,2023-01-20 10:52:48.214814,288562682,2,39.8023834,32.381384,100,729.1473,60.02267,0,504,-8.45717
58717,2023-01-20 10:52:49.214836,289562660,2,39.8023282,32.3813435,100,729.2615,59.89716,0,504,-8.45717
59043,2023-01-20 10:52:50.214835,290562663,2,39.8022734,32.3813033,100,729.3558,59.79961,0,504,-8.45717
59420,2023-01-20 10:52:51.214924,291562672,2,39.8022201,32.3812624,100,729.3703,59.79689,0,504,-8.45717
59744,2023-01-20 10:52:52.195048,292562689,2,39.8021662,32.3812221,100,729.3391,59.85077,0,504,-8.45717
60071,2023-01-20 10:52:53.195024,293562684,2,39.8021119,32.381181,100,729.2774,59.94618,0,504,-8.45717
60398,2023-01-20 10:52:54.194824,294562684,2,39.8020581,32.3811398,100,729.2065,60.01754,0,504,-8.45717
60726,2023-01-20 10:52:55.194849,295562682,2,39.8020025,32.3810984,100,729.1278,60.07055,0,504,-8.45717
61053,2023-01-20 10:52:56.194872,296562694,2,39.8019476,32.3810574,100,729.0414,60.14305,0,504,-8.45717
61380,2023-01-20 10:52:57.194953,297562735,2,39.8018931,32.3810174,100,728.9491,60.21936,0,504,-8.45717
61706,2023-01-20 10:52:58.194857,298562682,2,39.8018394,32.3809766,100,728.8456,60.34695,0,504,-8.45717
62035,2023-01-20 10:52:59.194909,299562734,2,39.801786,32.3809355,100,728.7324,60.55282,0,504,-8.45717
62361,2023-01-20 10:53:00.194906,300562745,2,39.8017305,32.380894,100,728.6102,60.72975,0,504,-8.45717
62688,2023-01-20 10:53:01.195045,301562828,2,39.8016745,32.3808533,100,728.4822,60.84768,0,504,-8.45717
63015,2023-01-20 10:53:02.177331,302562688,2,39.8016207,32.3808122,100,728.3438,60.98204,0,504,-8.45717
63341,2023-01-20 10:53:03.175021,303562675,2,39.8015677,32.3807712,100,728.1971,61.16843,0,504,-8.45717
63670,2023-01-20 10:53:04.174919,304562681,2,39.8015128,32.3807308,100,728.0444,61.30696,0,504,-8.45717
63997,2023-01-20 10:53:05.174845,305562669,2,39.8014581,32.3806906,100,727.8843,61.44629,0,504,-8.45717
64325,2023-01-20 10:53:06.174921,306562686,2,39.8014035,32.3806502,100,727.7148,61.59197,0,504,-8.45717
64650,2023-01-20 10:53:07.174923,307562692,2,39.8013488,32.3806087,100,727.5323,61.77186,0,504,-8.45717
65026,2023-01-20 10:53:08.174878,308562702,2,39.8012936,32.3805675,100,727.3567,61.92218,0,504,-8.45717
65356,2023-01-20 10:53:09.174840,309562694,2,39.8012387,32.3805267,100,727.2649,62.06673,0,504,-8.45717
65683,2023-01-20 10:53:10.174981,310562743,2,39.8011847,32.3804849,100,727.1763,62.12726,0,504,-8.45717
66010,2023-01-20 10:53:11.159124,311562704,2,39.8011287,32.3804428,100,727.0984,62.23726,0,504,-8.45717
66337,2023-01-20 10:53:12.155002,312562726,2,39.8010757,32.3804026,100,727.0314,62.35863,0,504,-8.45717
66663,2023-01-20 10:53:13.154911,313562680,2,39.8010233,32.3803625,100,726.9721,62.4284,0,504,-8.45717
66991,2023-01-20 10:53:14.154919,314562696,2,39.8009683,32.3803218,100,726.9235,62.46677,0,504,-8.45717
67319,2023-01-20 10:53:15.154822,315562686,2,39.8009124,32.3802799,100,726.8809,62.47752,0,504,-8.45717
67646,2023-01-20 10:53:16.154925,316562697,2,39.800858,32.3802388,100,726.8469,62.46778,0,504,-8.45717
67973,2023-01-20 10:53:17.154827,317562690,2,39.8008034,32.3801977,100,726.8217,62.5033,0,504,-8.45717
68299,2023-01-20 10:53:18.154876,318562672,2,39.8007481,32.3801569,100,726.8079,62.45759,0,504,-8.45717
68628,2023-01-20 10:53:19.154910,319562692,2,39.8006928,32.3801166,100,726.9417,62.29198,0,504,-8.45717
68953,2023-01-20 10:53:20.149824,320562690,2,39.800639,32.3800751,100,727.1125,62.08963,0,504,-8.45717
69281,2023-01-20 10:53:21.140702,321562688,2,39.8005842,32.3800339,100,727.2766,61.92183,0,504,-8.45717
69607,2023-01-20 10:53:22.134627,322562693,2,39.8005292,32.3799932,100,727.4318,61.75846,0,504,-8.45717
69934,2023-01-20 10:53:23.134569,323562693,2,39.8004744,32.3799527,100,727.5779,61.60775,0,504,-8.45717
70311,2023-01-20 10:53:24.134572,324562677,2,39.8004209,32.379912,100,727.7134,61.49571,0,504,-8.45717
70639,2023-01-20 10:53:25.134630,325562733,2,39.8003657,32.3798704,100,727.7899,61.45107,0,504,-8.45717
70966,2023-01-20 10:53:26.134585,326562693,2,39.8003114,32.3798298,100,727.8426,61.38636,0,504,-8.45717
71293,2023-01-20 10:53:27.134615,327562725,2,39.8002581,32.3797888,100,727.8995,61.31601,0,504,-8.45717
71619,2023-01-20 10:53:28.134567,328562684,2,39.8002047,32.3797476,100,727.9609,61.30269,0,504,-8.45717
71947,2023-01-20 10:53:29.134535,329562676,2,39.8001506,32.3797067,100,728.0265,61.27979,0,504,-8.45717
72273,2023-01-20 10:53:30.122590,330562676,2,39.800095,32.3796657,100,728.097,61.19127,0,504,-8.45717
72600,2023-01-20 10:53:31.115005,331562686,2,39.8000408,32.3796239,100,728.1722,61.13354,0,504,-8.45717
72927,2023-01-20 10:53:32.114870,332562688,2,39.7999868,32.3795831,100,728.2504,61.05733,0,504,-8.45717
73253,2023-01-20 10:53:33.114830,333562666,2,39.7999321,32.3795435,100,728.3315,60.96635,0,504,-8.45717
73581,2023-01-20 10:53:34.114870,334562669,2,39.799887,32.3795097,100,728.4031,60.82758,0,504,-8.45717
73906,2023-01-20 10:53:35.114854,335562672,2,39.7998567,32.3794855,100,728.455,60.71827,0,504,-8.45717
74234,2023-01-20 10:53:36.114852,336562664,2,39.7998344,32.3794675,100,728.4943,60.78809,0,504,-8.45717
74558,2023-01-20 10:53:37.114866,337562661,2,39.7998143,32.3794521,100,728.5291,60.89579,0,504,-8.45717
74883,2023-01-20 10:53:38.114859,338562671,2,39.7997941,32.3794366,100,728.5647,60.98391,0,504,-8.45717
75209,2023-01-20 10:53:39.114834,339562663,2,39.7997783,32.3794185,100,728.6018,61.05376,0,504,-8.45717
75538,2023-01-20 10:53:40.095109,340562712,2,39.7997759,32.3793958,100,728.6367,61.06864,0,504,-8.45717
75864,2023-01-20 10:53:41.104458,341562659,2,39.799792,32.3793615,100,728.6747,61.08933,0,504,-8.45717
76188,2023-01-20 10:53:42.094912,342562720,2,39.7998178,32.3793101,100,728.7286,60.98045,0,504,-8.45717
76515,2023-01-20 10:53:43.094881,343562693,2,39.7998482,32.3792525,100,728.7846,61.01223,0,504,-8.45717
76840,2023-01-20 10:53:44.094799,344562666,2,39.7998761,32.3791959,100,728.8383,61.02681,0,504,-8.45717
77166,2023-01-20 10:53:45.094845,345562663,2,39.7998974,32.379151,100,728.8792,61.00954,0,504,-8.45717
77491,2023-01-20 10:53:46.094817,346562678,2,39.7999126,32.379128,100,728.8954,60.9213,0,504,-8.45717
77818,2023-01-20 10:53:47.094876,347562676,2,39.7999294,32.379131,100,728.8751,60.76656,0,504,-8.45717
78142,2023-01-20 10:53:48.094825,348562686,2,39.7999471,32.3791459,100,728.8388,60.50575,0,504,-8.45717
78468,2023-01-20 10:53:49.094837,349562650,2,39.7999682,32.37916,100,728.8007,60.44251,0,504,-8.45717
78797,2023-01-20 10:53:50.075021,350562676,2,39.7999894,32.3791755,100,728.7612,60.44831,0,504,-8.45717
79170,2023-01-20 10:53:51.074867,351562661,2,39.8000136,32.3791937,100,728.7164,60.56008,0,504,-8.45717
79494,2023-01-20 10:53:52.074792,352562653,2,39.8000517,32.3792215,100,728.6486,60.86207,0,504,-8.45717
79820,2023-01-20 10:53:53.074832,353562652,2,39.8001001,32.3792586,100,728.5632,61.01707,0,504,-8.45717
80149,2023-01-20 10:53:54.074852,354562679,2,39.8001534,32.3793018,100,728.4706,60.939,0,504,-8.45717
80475,2023-01-20 10:53:55.074877,355562696,2,39.8002077,32.3793433,100,728.3834,60.88987,0,504,-8.45717
80803,2023-01-20 10:53:56.074837,356562661,2,39.8002627,32.3793837,100,728.3011,60.88784,0,504,-8.45717
81129,2023-01-20 10:53:57.074897,357562715,2,39.8003187,32.3794232,100,728.2232,60.92403,0,504,-8.45717
81456,2023-01-20 10:53:58.074840,358562670,2,39.8003731,32.3794644,100,728.149,60.98121,0,504,-8.45717
81784,2023-01-20 10:53:59.061110,359562671,2,39.8004285,32.3795056,100,728.0689,61.08149,0,504,-8.45717
82111,2023-01-20 10:54:00.054833,360562673,2,39.8004836,32.3795471,100,727.9719,61.10548,0,504,-8.45717
82438,2023-01-20 10:54:01.054799,361562657,2,39.8005375,32.3795884,100,727.8679,61.26473,0,504,-8.45717
82765,2023-01-20 10:54:02.054804,362562671,2,39.8005926,32.3796288,100,727.7549,61.46091,0,504,-8.45717
83091,2023-01-20 10:54:03.054818,363562654,2,39.8006478,32.3796698,100,727.6325,61.6466,0,504,-8.45717
83420,2023-01-20 10:54:04.054806,364562676,2,39.800702,32.3797099,100,727.5042,61.84526,0,504,-8.45717
83747,2023-01-20 10:54:05.054785,365562648,2,39.8007572,32.3797511,100,727.3643,61.98096,0,504,-8.45717
84074,2023-01-20 10:54:06.054800,366562669,2,39.800812,32.3797916,100,727.2176,62.19357,0,504,-8.45717
84400,2023-01-20 10:54:07.054803,367562661,2,39.8008656,32.3798328,100,727.063,62.38824,0,504,-8.45717
84726,2023-01-20 10:54:08.034705,368562664,2,39.8009193,32.3798738,100,726.9004,62.5709,0,504,-8.45717
85104,2023-01-20 10:54:09.034667,369562665,2,39.800974,32.3799146,100,726.7279,62.73846,0,504,-8.45717
85430,2023-01-20 10:54:10.034585,370562712,2,39.8010279,32.3799557,100,726.5478,62.86291,0,504,-8.45717
85759,2023-01-20 10:54:11.034557,371562667,2,39.8010834,32.3799965,100,726.3567,63.06463,0,504,-8.45717
86086,2023-01-20 10:54:12.034612,372562713,2,39.8011386,32.3800374,100,726.1575,63.22649,0,504,-8.45717
86413,2023-01-20 10:54:13.034540,373562657,2,39.8011931,32.3800783,100,725.9509,63.48465,0,504,-8.45717
86741,2023-01-20 10:54:14.034570,374562671,2,39.8012473,32.3801192,100,725.7368,63.63252,0,504,-8.45717
87069,2023-01-20 10:54:15.034526,375562651,2,39.8013007,32.3801614,100,725.6007,63.73901,0,504,-8.45717
87395,2023-01-20 10:54:16.034538,376562651,2,39.8013547,32.3802023,100,725.8267,63.52536,0,504,-8.45717
87723,2023-01-20 10:54:17.034545,377562655,2,39.8014097,32.380242,100,726.0443,63.26977,0,504,-8.45717
88049,2023-01-20 10:54:18.014971,378562643,2,39.8014644,32.3802833,100,726.2596,63.0652,0,504,-8.45717
88378,2023-01-20 10:54:19.014927,379562647,2,39.8015188,32.3803249,100,726.4672,62.86043,0,504,-8.45717
88703,2023-01-20 10:54:20.014953,380562672,2,39.8015738,32.3803658,100,726.6639,62.64929,0,504,-8.45717
89029,2023-01-20 10:54:21.014816,381562673,2,39.801629,32.3804065,100,726.8516,62.46556,0,504,-8.45717
89357,2023-01-20 10:54:22.014803,382562659,2,39.8016834,32.3804472,100,727.03,62.25232,0,504,-8.45717
89683,2023-01-20 10:54:23.014816,383562665,2,39.8017367,32.3804886,100,727.2023,62.00669,0,504,-8.45717
90012,2023-01-20 10:54:24.014791,384562645,2,39.8017895,32.3805306,100,727.3676,61.8887,0,504,-8.45717
90388,2023-01-20 10:54:25.014877,385562721,2,39.8018445,32.3805718,100,727.5226,61.74046,0,504,-8.45717
90715,2023-01-20 10:54:26.014813,386562668,2,39.8018993,32.380613,100,727.6688,61.46879,0,504,-8.45717
91042,2023-01-20 10:54:27.014837,387562712,2,39.8019527,32.380653,100,727.8028,61.27674,0,504,-8.45717
91367,2023-01-20 10:54:27.995503,388562677,2,39.8020056,32.3806934,100,727.9297,61.12046,0,504,-8.45717
91695,2023-01-20 10:54:28.994806,389562649,2,39.8020608,32.3807347,100,728.0509,61.07806,0,504,-8.45717
92022,2023-01-20 10:54:29.994814,390562669,2,39.8021165,32.3807751,100,728.1609,60.95994,0,504,-8.45717
92348,2023-01-20 10:54:30.994816,391562669,2,39.8021706,32.3808158,100,728.2634,60.76913,0,504,-8.45717
92676,2023-01-20 10:54:31.994816,392562663,2,39.8022234,32.3808565,100,728.3523,60.66816,0,504,-8.45717
93001,2023-01-20 10:54:32.994777,393562667,2,39.8022783,32.3808979,100,728.4203,60.69844,0,504,-8.45717
93330,2023-01-20 10:54:33.994853,394562697,2,39.8023343,32.3809382,100,728.4677,60.63882,0,504,-8.45717
93657,2023-01-20 10:54:34.994821,395562714,2,39.8023895,32.3809784,100,728.4987,60.57596,0,504,-8.45717
93983,2023-01-20 10:54:35.994858,396562715,2,39.8024428,32.3810197,100,728.5164,60.49377,0,504,-8.45717
94311,2023-01-20 10:54:36.974955,397562667,2,39.8024969,32.3810616,100,728.5172,60.44903,0,504,-8.45717
94637,2023-01-20 10:54:37.974855,398562657,2,39.8025526,32.3811026,100,728.4975,60.41031,0,504,-8.45717
94966,2023-01-20 10:54:38.974789,399562667,2,39.8026081,32.3811435,100,728.4604,60.48917,0,504,-8.45717
95292,2023-01-20 10:54:39.974874,400562712,2,39.8026625,32.3811848,100,728.4083,60.50447,0,504,-8.45717
95619,2023-01-20 10:54:40.974753,401562656,2,39.8027152,32.3812258,100,728.3421,60.60651,0,504,-8.45717
95997,2023-01-20 10:54:41.974854,402562708,2,39.8027689,32.3812665,100,728.2572,60.69241,0,504,-8.45717
96324,2023-01-20 10:54:42.974815,403562671,2,39.8028221,32.381307,100,728.1567,60.7966,0,504,-8.45717
96652,2023-01-20 10:54:43.974829,404562672,2,39.8028779,32.3813471,100,728.0546,61.01245,0,504,-8.45717
96979,2023-01-20 10:54:44.974837,405562674,2,39.8029332,32.3813875,100,727.9615,61.11747,0,504,-8.45717
97305,2023-01-20 10:54:45.972028,406562641,2,39.8029876,32.3814285,100,727.8748,61.12625,0,504,-8.45717
97633,2023-01-20 10:54:46.954989,407562681,2,39.8030418,32.3814697,100,727.793,61.23812,0,504,-8.45717
97959,2023-01-20 10:54:47.954922,408562652,2,39.8030959,32.3815112,100,727.7161,61.31957,0,504,-8.45717
98287,2023-01-20 10:54:48.954773,409562662,2,39.8031506,32.3815521,100,727.8383,61.19585,0,504,-8.45717
98614,2023-01-20 10:54:49.954839,410562666,2,39.8032047,32.3815937,100,727.9615,61.02286,0,504,-8.45717
98940,2023-01-20 10:54:50.954794,411562646,2,39.8032589,32.3816344,100,728.0758,60.97108,0,504,-8.45717
99268,2023-01-20 10:54:51.954829,412562655,2,39.8033132,32.3816746,100,728.1816,60.91634,0,504,-8.45717
99594,2023-01-20 10:54:52.954810,413562663,2,39.8033676,32.3817164,100,728.2798,60.79161,0,504,-8.45717
99923,2023-01-20 10:54:53.954784,414562641,2,39.803422,32.3817572,100,728.3691,60.61729,0,504,-8.45717
100250,2023-01-20 10:54:54.954852,415562701,2,39.8034771,32.3817974,100,728.4506,60.61612,0,504,-8.45717
100577,2023-01-20 10:54:55.940715,416562648,2,39.8035309,32.3818389,100,728.5223,60.56853,0,504,-8.45717
100904,2023-01-20 10:54:56.934699,417562717,2,39.8035847,32.3818803,100,728.5853,60.4872,0,504,-8.45717
101231,2023-01-20 10:54:57.934596,418562678,2,39.803639,32.3819212,100,728.6406,60.43406,0,504,-8.45717
101607,2023-01-20 10:54:58.934576,419562671,2,39.8036955,32.3819603,100,728.69,60.36144,0,504,-8.45717
101933,2023-01-20 10:54:59.934576,420562672,2,39.8037498,32.3820017,100,728.7281,60.25728,0,504,-8.45717
102259,2023-01-20 10:55:00.934550,421562647,2,39.8038018,32.3820432,100,728.7556,60.29971,0,504,-8.45717
102587,2023-01-20 10:55:01.934558,422562656,2,39.803858,32.3820844,100,728.7783,60.37962,0,504,-8.45717
102913,2023-01-20 10:55:02.934559,423562655,2,39.8039144,32.382126,100,728.792,60.27916,0,504,-8.45717
103241,2023-01-20 10:55:03.934527,424562651,2,39.8039704,32.3821679,100,728.7963,60.12665,0,504,-8.45717
103569,2023-01-20 10:55:04.927428,425562635,2,39.804023,32.3822099,100,728.7741,60.19993,0,504,-8.45717
103895,2023-01-20 10:55:05.922594,426562648,2,39.8040757,32.3822501,100,728.7236,60.2639,0,504,-8.45717
104223,2023-01-20 10:55:06.914911,427562640,2,39.8041302,32.3822905,100,728.6561,60.24879,0,504,-8.45717
104549,2023-01-20 10:55:07.914820,428562665,2,39.8041844,32.3823292,100,728.5745,60.48521,0,504,-8.45717
104878,2023-01-20 10:55:08.914812,429562669,2,39.8042382,32.3823708,100,728.472,60.65283,0,504,-8.45717
105204,2023-01-20 10:55:09.914870,430562715,2,39.8042928,32.3824126,100,728.3514,60.69284,0,504,-8.45717
105531,2023-01-20 10:55:10.914827,431562664,2,39.8043481,32.3824539,100,728.2137,60.85256,0,504,-8.45717
105857,2023-01-20 10:55:11.914877,432562698,2,39.8044018,32.3824958,100,728.0815,61.00636,0,504,-8.45717
106186,2023-01-20 10:55:12.914823,433562646,2,39.8044577,32.3825364,100,727.982,61.16056,0,504,-8.45717
106514,2023-01-20 10:55:13.914853,434562648,2,39.804513,32.3825775,100,727.8742,61.30306,0,504,-8.45717
106891,2023-01-20 10:55:14.914861,435562661,2,39.8045679,32.3826178,100,727.7592,61.50486,0,504,-8.45717
107217,2023-01-20 10:55:15.894937,436562700,2,39.8046236,32.3826592,100,727.6332,61.63174,0,504,-8.45717
107544,2023-01-20 10:55:16.894910,437562672,2,39.804679,32.3827011,100,727.4984,61.61256,0,504,-8.45717
107871,2023-01-20 10:55:17.894887,438562677,2,39.8047344,32.3827402,100,727.3586,61.6629,0,504,-8.45717
108199,2023-01-20 10:55:18.894873,439562665,2,39.8047878,32.3827795,100,727.2134,61.85346,0,504,-8.45717
108525,2023-01-20 10:55:19.894857,440562660,2,39.8048407,32.382821,100,727.0578,62.06703,0,504,-8.45717
108851,2023-01-20 10:55:20.894857,441562667,2,39.8048943,32.3828637,100,726.8903,62.21793,0,504,-8.45717
109178,2023-01-20 10:55:21.894880,442562672,2,39.8049475,32.3829038,100,726.9316,62.22148,0,504,-8.45717
109505,2023-01-20 10:55:22.894884,443562665,2,39.8050023,32.3829449,100,726.9655,62.1965,0,504,-8.45717
109834,2023-01-20 10:55:23.894839,444562682,2,39.8050556,32.3829865,100,726.9824,62.12992,0,504,-8.45717
110161,2023-01-20 10:55:24.883302,445562699,2,39.8051094,32.3830269,100,726.9904,62.07772,0,504,-8.45717
110488,2023-01-20 10:55:25.874913,446562668,2,39.8051647,32.383067,100,726.9892,62.06889,0,504,-8.45717
110814,2023-01-20 10:55:26.874949,447562721,2,39.8052188,32.3831076,100,726.972,62.05506,0,504,-8.45717
111140,2023-01-20 10:55:27.874819,448562676,2,39.8052636,32.3831437,100,726.9414,61.73348,0,504,-8.45717
111467,2023-01-20 10:55:28.874899,449562680,2,39.8052933,32.3831671,100,726.9176,61.54871,0,504,-8.45717
111794,2023-01-20 10:55:29.874819,450562666,2,39.8053142,32.3831821,100,726.9026,61.73956,0,504,-8.45717
112118,2023-01-20 10:55:30.874877,451562668,2,39.8053355,32.3831978,100,726.8845,62.05993,0,504,-8.45717
112441,2023-01-20 10:55:31.874881,452562662,2,39.8053596,32.3832115,100,726.8741,62.05884,0,504,-8.45717
112766,2023-01-20 10:55:32.874846,453562668,2,39.8053794,32.3832183,100,726.8778,62.05184,0,504,-8.45717
113094,2023-01-20 10:55:33.868152,454562672,2,39.8053939,32.3832021,100,726.9467,61.95742,0,504,-8.45717
113421,2023-01-20 10:55:34.854990,455562668,2,39.8054087,32.3831598,100,727.1011,61.98206,0,504,-8.45717
113746,2023-01-20 10:55:35.854958,456562675,2,39.8054301,32.3831047,100,727.3107,61.71032,0,504,-8.45717
114071,2023-01-20 10:55:36.854863,457562659,2,39.8054546,32.3830449,100,727.5481,61.47655,0,504,-8.45717
114444,2023-01-20 10:55:37.854859,458562667,2,39.8054782,32.3829865,100,727.7877,61.28639,0,504,-8.45717
114768,2023-01-20 10:55:38.854822,459562666,2,39.8054954,32.3829405,100,727.9786,61.1214,0,504,-8.45717
115097,2023-01-20 10:55:39.854944,460562725,2,39.8054975,32.3829113,100,728.0838,60.85199,0,504,-8.45717
115422,2023-01-20 10:55:40.854812,461562661,2,39.8054799,32.382887,100,728.129,60.92245,0,504,-8.45717
115747,2023-01-20 10:55:41.854873,462562710,2,39.8054585,32.3828712,100,728.1348,60.92251,0,504,-8.45717
116072,2023-01-20 10:55:42.854883,463562675,2,39.8054395,32.3828587,100,728.1333,60.90595,0,504,-8.45717
116403,2023-01-20 10:55:43.835415,464563381,2,39.8054177,32.3828457,100,728.1257,60.8476,0,504,-8.45717
116729,2023-01-20 10:55:44.835323,465563345,2,39.8053889,32.3828261,100,728.1205,60.79434,0,504,-8.45717
117054,2023-01-20 10:55:45.834645,466563088,2,39.8053477,32.3827959,100,728.1141,60.81112,0,504,-8.45717
117381,2023-01-20 10:55:46.832286,467563038,2,39.8052957,32.3827577,100,728.0964,60.77611,0,504,-8.45717
117708,2023-01-20 10:55:47.832648,468563637,2,39.8052414,32.3827183,100,728.0641,60.74509,0,504,-8.45717
118035,2023-01-20 10:55:48.832585,469563635,2,39.8051865,32.3826777,100,728.0212,60.88149,0,504,-8.45717
118363,2023-01-20 10:55:49.832649,470564007,2,39.8051322,32.3826355,100,727.971,60.90288,0,504,-8.45717
118689,2023-01-20 10:55:50.832575,471564001,2,39.8050796,32.3825937,100,727.9118,60.94792,0,504,-8.45717
119016,2023-01-20 10:55:51.829530,472564023,2,39.805026,32.3825522,100,727.8364,61.07648,0,504,-8.45717
119343,2023-01-20 10:55:52.829906,473564049,2,39.804974,32.3825116,100,727.7517,61.26754,0,504,-8.45717
119670,2023-01-20 10:55:53.827627,474564360,2,39.8049222,32.3824708,100,727.6871,61.42477,0,504,-8.45717
119999,2023-01-20 10:55:54.827680,475564370,2,39.8048684,32.3824308,100,727.7935,61.45639,0,504,-8.45717
120326,2023-01-20 10:55:55.827631,476564330,2,39.8048128,32.3823913,100,728.0009,61.27962,0,504,-8.45717
120652,2023-01-20 10:55:56.827083,477564097,2,39.8047578,32.3823513,100,728.1932,61.12461,0,504,-8.45717
120980,2023-01-20 10:55:57.807178,478564029,2,39.8047025,32.3823101,100,728.3731,60.92662,0,504,-8.45717
121305,2023-01-20 10:55:58.807383,479564074,2,39.8046481,32.3822695,100,728.5333,60.76464,0,504,-8.45717
121681,2023-01-20 10:55:59.807297,480563990,2,39.8045928,32.3822283,100,728.6786,60.62745,0,504,-8.45717
122007,2023-01-20 10:56:00.807436,481564079,2,39.804538,32.3821873,100,728.8062,60.48285,0,504,-8.45717
122334,2023-01-20 10:56:01.807312,482564019,2,39.8044832,32.382146,100,728.9172,60.434,0,504,-8.45717
122661,2023-01-20 10:56:02.807395,483564037,2,39.804429,32.3821041,100,729.0128,60.36663,0,504,-8.45717
122987,2023-01-20 10:56:03.808649,484565294,2,39.8043762,32.3820627,100,729.0905,60.35194,0,504,-8.45717
123317,2023-01-20 10:56:04.807393,485564040,2,39.8043217,32.3820226,100,729.1477,60.32538,0,504,-8.45717
123643,2023-01-20 10:56:05.807373,486564041,2,39.8042688,32.3819825,100,729.1895,60.32347,0,504,-8.45717
123968,2023-01-20 10:56:06.788682,487564037,2,39.804215,32.381941,100,729.2169,60.38067,0,504,-8.45717
124295,2023-01-20 10:56:07.787532,488564364,2,39.8041594,32.3819015,100,729.2217,60.37003,0,504,-8.45717
124622,2023-01-20 10:56:08.787398,489564377,2,39.8041056,32.3818612,100,729.2135,60.40784,0,504,-8.45717
124950,2023-01-20 10:56:09.787415,490564045,2,39.8040507,32.3818196,100,729.1884,60.41911,0,504,-8.45717
125277,2023-01-20 10:56:10.787435,491564077,2,39.8039955,32.381778,100,729.1458,60.51186,0,504,-8.45717
125603,2023-01-20 10:56:11.787375,492564401,2,39.8039405,32.3817369,100,729.1025,60.50746,0,504,-8.45717
125930,2023-01-20 10:56:12.787434,493564440,2,39.8038866,32.381696,100,729.0522,60.50513,0,504,-8.45717
126258,2023-01-20 10:56:13.787398,494564079,2,39.8038313,32.3816549,100,728.9913,60.50375,0,504,-8.45717
126588,2023-01-20 10:56:14.787382,495564029,2,39.8037754,32.3816138,100,728.9208,60.48201,0,504,-8.45717
126963,2023-01-20 10:56:15.787463,496564423,2,39.8037197,32.3815726,100,728.8419,60.44299,0,504,-8.45717
127290,2023-01-20 10:56:16.787392,497564040,2,39.8036652,32.3815317,100,728.7563,60.44815,0,504,-8.45717
127617,2023-01-20 10:56:17.767485,498564041,2,39.80361,32.3814916,100,728.6608,60.48621,0,504,-8.45717
127943,2023-01-20 10:56:18.767091,499564054,2,39.8035573,32.3814507,100,728.5618,60.61274,0,504,-8.45717
128272,2023-01-20 10:56:19.767338,500564022,2,39.8035044,32.3814094,100,728.4541,60.77212,0,504,-8.45717
128598,2023-01-20 10:56:20.767712,501564358,2,39.8034491,32.3813691,100,728.3333,60.91463,0,504,-8.45717
128925,2023-01-20 10:56:21.767361,502564032,2,39.8033952,32.3813288,100,728.2068,61.07742,0,504,-8.45717
129251,2023-01-20 10:56:22.767671,503564355,2,39.8033412,32.3812871,100,728.1154,61.19576,0,504,-8.45717
129579,2023-01-20 10:56:23.767369,504564041,2,39.8032862,32.3812466,100,728.0334,61.30332,0,504,-8.45717
129908,2023-01-20 10:56:24.767688,505564375,2,39.8032311,32.3812054,100,727.9475,61.40363,0,504,-8.45717
130234,2023-01-20 10:56:25.767729,506564366,2,39.8031757,32.3811643,100,727.8566,61.4965,0,504,-8.45717
130560,2023-01-20 10:56:26.767022,507564024,2,39.8031223,32.3811232,100,727.7661,61.61705,0,504,-8.45717
130887,2023-01-20 10:56:27.747024,508564032,2,39.8030685,32.3810829,100,727.7833,61.58343,0,504,-8.45717
131214,2023-01-20 10:56:28.747751,509564398,2,39.8030128,32.381042,100,727.8792,61.45518,0,504,-8.45717
131543,2023-01-20 10:56:29.747730,510564362,2,39.8029583,32.3810006,100,727.9568,61.42665,0,504,-8.45717
131869,2023-01-20 10:56:30.747403,511564085,2,39.8029039,32.3809592,100,728.017,61.35472,0,504,-8.45717
132195,2023-01-20 10:56:31.747155,512564035,2,39.8028488,32.3809181,100,728.0605,61.38752,0,504,-8.45717
132571,2023-01-20 10:56:32.747424,513564430,2,39.8027946,32.3808768,100,728.0863,61.32462,0,504,-8.45717
132897,2023-01-20 10:56:33.746972,514564663,2,39.8027416,32.3808354,100,728.0944,61.28162,0,504,-8.45717
133227,2023-01-20 10:56:34.746958,515564660,2,39.8026868,32.3807952,100,728.087,61.2882,0,504,-8.45717
133553,2023-01-20 10:56:35.746981,516564682,2,39.802631,32.3807551,100,728.063,61.3029,0,504,-8.45717
133880,2023-01-20 10:56:36.727473,517564688,2,39.8025764,32.3807144,100,728.0214,61.36693,0,504,-8.45717
134206,2023-01-20 10:56:37.727508,518564675,2,39.8025214,32.3806734,100,727.9622,61.41296,0,504,-8.45717
134534,2023-01-20 10:56:38.727321,519564667,2,39.8024676,32.3806316,100,727.885,61.46869,0,504,-8.45717
134862,2023-01-20 10:56:39.727373,520564685,2,39.802413,32.3805895,100,727.7898,61.51572,0,504,-8.45717
135189,2023-01-20 10:56:40.727360,521564677,2,39.8023591,32.3805495,100,727.6816,61.62893,0,504,-8.45717
135515,2023-01-20 10:56:41.727358,522564671,2,39.8023048,32.3805091,100,727.5557,61.73507,0,504,-8.45717
135842,2023-01-20 10:56:42.727351,523564667,2,39.8022501,32.380468,100,727.4111,61.84902,0,504,-8.45717
136169,2023-01-20 10:56:43.727394,524564712,2,39.802195,32.3804272,100,727.2525,62.04419,0,504,-8.45717
136501,2023-01-20 10:56:44.727360,525564682,2,39.8021405,32.3803872,100,727.1135,62.18765,0,504,-8.45717
136826,2023-01-20 10:56:45.727412,526564732,2,39.8020867,32.3803451,100,726.9605,62.21483,0,504,-8.45717
137152,2023-01-20 10:56:46.707510,527564656,2,39.8020321,32.3803049,100,726.8038,62.35672,0,504,-8.45717
137479,2023-01-20 10:56:47.707433,528564664,2,39.8019774,32.3802652,100,726.6401,62.53118,0,504,-8.45717
137806,2023-01-20 10:56:48.707332,529564663,2,39.8019244,32.3802239,100,726.4648,62.74536,0,504,-8.45717
138184,2023-01-20 10:56:49.707325,530564660,2,39.8018716,32.3801824,100,726.2808,62.99417,0,504,-8.45717
138510,2023-01-20 10:56:50.707329,531564685,2,39.8018165,32.3801403,100,726.1549,63.06983,0,504,-8.45717
138837,2023-01-20 10:56:51.707327,532564676,2,39.801762,32.3800993,100,726.252,62.98226,0,504,-8.45717
139163,2023-01-20 10:56:52.707324,533564678,2,39.8017075,32.3800588,100,726.3346,63.00719,0,504,-8.45717
139491,2023-01-20 10:56:53.707333,534564675,2,39.8016527,32.3800178,100,726.4059,62.91719,0,504,-8.45717
139820,2023-01-20 10:56:54.707333,535564671,2,39.8015996,32.3799771,100,726.466,62.7841,0,504,-8.45717
140147,2023-01-20 10:56:55.697180,536564680,2,39.801545,32.3799361,100,726.5122,62.65949,0,504,-8.45717
140473,2023-01-20 10:56:56.687489,537564670,2,39.8014897,32.3798952,100,726.5438,62.44873,0,504,-8.45717
140798,2023-01-20 10:56:57.687387,538564687,2,39.8014351,32.3798538,100,726.5656,62.44658,0,504,-8.45717
141125,2023-01-20 10:56:58.687445,539564723,2,39.8013794,32.3798133,100,726.5695,62.40648,0,504,-8.45717
141454,2023-01-20 10:56:59.687381,540564689,2,39.8013241,32.3797734,100,726.5598,62.37773,0,504,-8.45717
141780,2023-01-20 10:57:00.687412,541564727,2,39.8012695,32.379732,100,726.6637,62.24216,0,504,-8.45717
142106,2023-01-20 10:57:01.687361,542564673,2,39.801215,32.3796902,100,726.8421,62.08746,0,504,-8.45717
142433,2023-01-20 10:57:02.687379,543564683,2,39.8011611,32.3796494,100,727.0088,61.96326,0,504,-8.45717
142760,2023-01-20 10:57:03.687356,544564681,2,39.8011075,32.3796082,100,727.1677,61.79788,0,504,-8.45717
143090,2023-01-20 10:57:04.679525,545564692,2,39.8010528,32.3795661,100,727.3212,61.74512,0,504,-8.45717
143465,2023-01-20 10:57:05.667602,546564682,2,39.8009993,32.3795252,100,727.4621,61.65244,0,504,-8.45717
143792,2023-01-20 10:57:06.667452,547564676,2,39.8009454,32.379485,100,727.5939,61.4273,0,504,-8.45717
144118,2023-01-20 10:57:07.667372,548564682,2,39.8008895,32.3794449,100,727.7191,61.17173,0,504,-8.45717
144446,2023-01-20 10:57:08.667383,549564682,2,39.8008341,32.3794039,100,727.8367,61.04094,0,504,-8.45717
144774,2023-01-20 10:57:09.667371,550564669,2,39.8007794,32.3793613,100,727.9476,60.95502,0,504,-8.45717
145101,2023-01-20 10:57:10.667381,551564684,2,39.8007245,32.3793202,100,728.0477,60.82197,0,504,-8.45717
145426,2023-01-20 10:57:11.667359,552564652,2,39.8006708,32.3792809,100,728.1359,60.72729,0,504,-8.45717
145753,2023-01-20 10:57:12.667375,553564670,2,39.8006167,32.3792403,100,728.2179,60.701,0,504,-8.45717
146080,2023-01-20 10:57:13.667430,554564732,2,39.8005629,32.3791991,100,728.2922,60.54847,0,504,-8.45717
146409,2023-01-20 10:57:14.647145,555564669,2,39.8005089,32.3791587,100,728.3571,60.45425,0,504,-8.45717
146738,2023-01-20 10:57:15.647133,556564733,2,39.8004565,32.3791185,100,728.4131,60.43307,0,504,-8.45717
147064,2023-01-20 10:57:16.646998,557564667,2,39.8004005,32.3790773,100,728.4653,60.38519,0,504,-8.45717
147391,2023-01-20 10:57:17.646984,558564692,2,39.8003436,32.3790352,100,728.562,60.3276,0,504,-8.45717
147718,2023-01-20 10:57:18.646983,559564699,2,39.8002887,32.3789947,100,728.6595,60.20713,0,504,-8.45717
148047,2023-01-20 10:57:19.646859,560564663,2,39.8002354,32.378953,100,728.8644,60.00933,0,504,-8.45717
148372,2023-01-20 10:57:20.646961,561564682,2,39.8001885,32.3789169,100,729.0801,59.80853,0,504,-8.45717
148697,2023-01-20 10:57:21.646877,562564686,2,39.8001521,32.3788907,100,729.2415,59.64178,0,504,-8.45717
149025,2023-01-20 10:57:22.646958,563564666,2,39.800129,32.3788728,100,729.3504,59.60424,0,504,-8.45717
149348,2023-01-20 10:57:23.646969,564564679,2,39.8001069,32.3788563,100,729.4528,59.5924,0,504,-8.45717
149676,2023-01-20 10:57:24.642794,565564686,2,39.8000872,32.3788404,100,729.5502,59.61422,0,504,-8.45717
150049,2023-01-20 10:57:25.627454,566564685,2,39.8000695,32.3788255,100,729.6409,59.57797,0,504,-8.45717
150376,2023-01-20 10:57:26.627360,567564669,2,39.8000643,32.3788048,100,729.7432,59.53659,0,504,-8.45717
150700,2023-01-20 10:57:27.627318,568564664,2,39.8000767,32.3787715,100,729.881,59.4676,0,504,-8.45717
151026,2023-01-20 10:57:28.627411,569564719,2,39.8001003,32.3787245,100,730.0661,59.21178,0,504,-8.45717
151353,2023-01-20 10:57:29.627373,570564692,2,39.8001301,32.3786683,100,730.2822,59.06888,0,504,-8.45717
151678,2023-01-20 10:57:30.627416,571564743,2,39.8001584,32.3786109,100,730.5032,58.90948,0,504,-8.45717
152003,2023-01-20 10:57:31.627373,572564687,2,39.8001809,32.3785614,100,730.6936,58.71332,0,504,-8.45717
152328,2023-01-20 10:57:32.627345,573564668,2,39.8001977,32.3785314,100,730.8033,58.65158,0,504,-8.45717
152653,2023-01-20 10:57:33.627361,574564669,2,39.8002137,32.3785278,100,730.795,58.54353,0,504,-8.45717
152981,2023-01-20 10:57:34.607548,575564696,2,39.8002302,32.3785431,100,730.7012,58.39226,0,504,-8.45717
153305,2023-01-20 10:57:35.607434,576564686,2,39.8002502,32.3785575,100,730.6068,58.43098,0,504,-8.45717
153629,2023-01-20 10:57:36.607350,577564690,2,39.800274,32.3785711,100,730.5107,58.53955,0,504,-8.45717
153959,2023-01-20 10:57:37.607333,578564666,2,39.8002986,32.3785881,100,730.3993,58.64246,0,504,-8.45717
154283,2023-01-20 10:57:38.607351,579564683,2,39.8003313,32.3786143,100,730.2363,59.00325,0,504,-8.45717
154611,2023-01-20 10:57:39.607364,580564682,2,39.8003752,32.3786492,100,730.0213,59.34015,0,504,-8.45717
154938,2023-01-20 10:57:40.607328,581564671,2,39.8004282,32.3786889,100,729.8036,59.52911,0,504,-8.45717
155264,2023-01-20 10:57:41.607355,582564675,2,39.8004833,32.3787308,100,729.6116,59.60875,0,504,-8.45717
155591,2023-01-20 10:57:42.607337,583564664,2,39.8005389,32.3787716,100,729.4285,59.72481,0,504,-8.45717
155915,2023-01-20 10:57:43.587649,584564722,2,39.800593,32.3788117,100,729.2531,59.75821,0,504,-8.45717
156246,2023-01-20 10:57:44.587432,585564671,2,39.8006468,32.3788517,100,729.0821,59.93627,0,504,-8.45717
156572,2023-01-20 10:57:45.588604,586564718,2,39.8007001,32.3788922,100,728.9131,60.15059,0,504,-8.45717
156900,2023-01-20 10:57:46.587434,587564745,2,39.8007543,32.3789331,100,728.7468,60.33557,0,504,-8.45717
157226,2023-01-20 10:57:47.587437,588564747,2,39.8008088,32.3789748,100,728.5814,60.45568,0,504,-8.45717
157552,2023-01-20 10:57:48.587442,589564747,2,39.8008628,32.3790153,100,728.4898,60.50724,0,504,-8.45717
157882,2023-01-20 10:57:49.587392,590564699,2,39.8009181,32.3790554,100,728.4128,60.72052,0,504,-8.45717
158253,2023-01-20 10:57:50.587387,591564737,2,39.8009726,32.3790968,100,728.3251,60.80136,0,504,-8.45717
158580,2023-01-20 10:57:51.587384,592564686,2,39.8010263,32.379138,100,728.2292,60.85944,0,504,-8.45717
158906,2023-01-20 10:57:52.587358,593564680,2,39.8010808,32.3791793,100,728.1246,60.97677,0,504,-8.45717
159233,2023-01-20 10:57:53.567576,594564660,2,39.8011362,32.3792199,100,728.0125,61.08527,0,504,-8.45717
159563,2023-01-20 10:57:54.567428,595564693,2,39.8011895,32.3792607,100,727.8924,61.34121,0,504,-8.45717
159890,2023-01-20 10:57:55.567375,596564679,2,39.8012423,32.3793009,100,727.7657,61.44269,0,504,-8.45717
160216,2023-01-20 10:57:56.567359,597564697,2,39.8012959,32.3793417,100,727.629,61.61996,0,504,-8.45717
160543,2023-01-20 10:57:57.567389,598564691,2,39.8013506,32.3793825,100,727.6814,61.57569,0,504,-8.45717
160868,2023-01-20 10:57:58.567475,599564781,2,39.8014046,32.379425,100,727.7387,61.53692,0,504,-8.45717
161198,2023-01-20 10:57:59.567383,600564693,2,39.8014604,32.3794664,100,727.7916,61.53785,0,504,-8.45717
161524,2023-01-20 10:58:00.567425,601564739,2,39.8015173,32.3795065,100,727.8386,61.37612,0,504,-8.45717
161851,2023-01-20 10:58:01.567369,602564682,2,39.801571,32.379548,100,727.8589,61.25713,0,504,-8.45717
162177,2023-01-20 10:58:02.547128,603564698,2,39.8016251,32.3795894,100,727.8678,61.35659,0,504,-8.45717
162503,2023-01-20 10:58:03.563731,604564695,2,39.8016815,32.3796306,100,727.8708,61.42982,0,504,-8.45717
162834,2023-01-20 10:58:04.547044,605564677,2,39.8017377,32.3796708,100,727.8635,61.33525,0,504,-8.45717
163160,2023-01-20 10:58:05.546999,606564680,2,39.8017927,32.3797115,100,727.8386,61.36031,0,504,-8.45717
163487,2023-01-20 10:58:06.547022,607564704,2,39.801847,32.3797533,100,727.7947,61.42964,0,504,-8.45717
163861,2023-01-20 10:58:07.547007,608564685,2,39.8019002,32.3797946,100,727.7375,61.51604,0,504,-8.45717
164188,2023-01-20 10:58:08.547006,609564690,2,39.8019543,32.3798351,100,727.6732,61.62451,0,504,-8.45717
164517,2023-01-20 10:58:09.547017,610564688,2,39.8020094,32.379876,100,727.5966,61.7011,0,504,-8.45717
164844,2023-01-20 10:58:10.546987,611564683,2,39.8020656,32.3799182,100,727.5028,61.77857,0,504,-8.45717
165170,2023-01-20 10:58:11.546998,612564688,2,39.8021204,32.3799596,100,727.3969,61.8211,0,504,-8.45717
165497,2023-01-20 10:58:12.527588,613564681,2,39.8021744,32.3800005,100,727.2792,61.94737,0,504,-8.45717
165823,2023-01-20 10:58:13.527624,614564735,2,39.8022289,32.3800411,100,727.1653,62.09782,0,504,-8.45717
166154,2023-01-20 10:58:14.527360,615564682,2,39.8022838,32.3800822,100,727.0686,62.2308,0,504,-8.45717
166480,2023-01-20 10:58:15.527432,616564742,2,39.8023391,32.3801236,100,726.9843,62.27468,0,504,-8.45717
166807,2023-01-20 10:58:16.527374,617564697,2,39.8023938,32.380164,100,726.9969,62.29774,0,504,-8.45717
167135,2023-01-20 10:58:17.527373,618564687,2,39.8024475,32.3802032,100,727.1777,62.19489,0,504,-8.45717
167461,2023-01-20 10:58:18.527405,619564697,2,39.802501,32.3802434,100,727.3433,62.11422,0,504,-8.45717
167789,2023-01-20 10:58:19.527360,620564691,2,39.8025551,32.3802856,100,727.4962,62.04006,0,504,-8.45717
168116,2023-01-20 10:58:20.527385,621564692,2,39.8026079,32.3803271,100,727.6289,61.81672,0,504,-8.45717
168443,2023-01-20 10:58:21.527379,622564699,2,39.8026631,32.3803682,100,727.7479,61.65321,0,504,-8.45717
168769,2023-01-20 10:58:22.507496,623564681,2,39.8027177,32.3804073,100,727.8475,61.53687,0,504,-8.45717
169145,2023-01-20 10:58:23.507435,624564676,2,39.8027719,32.3804491,100,727.9316,61.42567,0,504,-8.45717
169474,2023-01-20 10:58:24.507464,625564693,2,39.8028255,32.3804915,100,727.9979,61.26782,0,504,-8.45717
169802,2023-01-20 10:58:25.507339,626564689,2,39.802879,32.380532,100,728.0468,61.1907,0,504,-8.45717
170128,2023-01-20 10:58:26.507364,627564688,2,39.8029346,32.3805721,100,728.0805,61.2237,0,504,-8.45717
170455,2023-01-20 10:58:27.507353,628564700,2,39.8029904,32.3806135,100,728.0967,61.22204,0,504,-8.45717
170781,2023-01-20 10:58:28.507410,629564734,2,39.8030458,32.3806552,100,728.0951,61.03306,0,504,-8.45717
171110,2023-01-20 10:58:29.507361,630564684,2,39.803099,32.3806959,100,728.0776,61.02798,0,504,-8.45717
171437,2023-01-20 10:58:30.507431,631564747,2,39.8031531,32.3807371,100,728.1927,60.94312,0,504,-8.45717
171763,2023-01-20 10:58:31.487611,632564685,2,39.8032069,32.3807766,100,728.3043,60.8988,0,504,-8.45717
172090,2023-01-20 10:58:32.487453,633564688,2,39.8032603,32.3808168,100,728.4102,60.79034,0,504,-8.45717
172415,2023-01-20 10:58:33.487417,634564691,2,39.8033158,32.3808584,100,728.5161,60.72018,0,504,-8.45717
172745,2023-01-20 10:58:34.487393,635564686,2,39.803371,32.3809003,100,728.6164,60.57431,0,504,-8.45717
173072,2023-01-20 10:58:35.487372,636564665,2,39.8034234,32.3809392,100,728.7085,60.4667,0,504,-8.45717
173399,2023-01-20 10:58:36.487412,637564702,2,39.8034773,32.3809801,100,728.798,60.4087,0,504,-8.45717
173725,2023-01-20 10:58:37.487392,638564685,2,39.8035315,32.3810229,100,728.8818,60.26561,0,504,-8.45717
174052,2023-01-20 10:58:38.487400,639564690,2,39.8035858,32.3810631,100,728.965,60.17338,0,504,-8.45717
174380,2023-01-20 10:58:39.487377,640564695,2,39.8036398,32.3811034,100,729.043,60.18852,0,504,-8.45717
174757,2023-01-20 10:58:40.487400,641564687,2,39.803696,32.3811453,100,729.1198,60.20408,0,504,-8.45717
175083,2023-01-20 10:58:41.467616,642564698,2,39.803751,32.3811858,100,729.1915,60.03382,0,504,-8.45717
175410,2023-01-20 10:58:42.467500,643564692,2,39.8038047,32.3812261,100,729.2562,59.90185,0,504,-8.45717
175735,2023-01-20 10:58:43.467451,644564733,2,39.8038586,32.3812668,100,729.3163,59.93781,0,504,-8.45717
176065,2023-01-20 10:58:44.467388,645564673,2,39.8039134,32.3813082,100,729.3735,59.91953,0,504,-8.45717
176392,2023-01-20 10:58:45.467422,646564740,2,39.8039702,32.3813493,100,729.4584,59.87201,0,504,-8.45717
176718,2023-01-20 10:58:46.467400,647564689,2,39.8040238,32.3813895,100,729.5645,59.75431,0,504,-8.45717
177045,2023-01-20 10:58:47.467374,648564684,2,39.8040785,32.3814315,100,729.6832,59.67046,0,504,-8.45717
177373,2023-01-20 10:58:48.467399,649564687,2,39.8041311,32.3814735,100,729.7786,59.58524,0,504,-8.45717
177702,2023-01-20 10:58:49.467384,650564677,2,39.8041857,32.3815137,100,729.8651,59.60784,0,504,-8.45717
178029,2023-01-20 10:58:50.461212,651564692,2,39.8042425,32.3815545,100,729.9392,59.46294,0,504,-8.45717
178356,2023-01-20 10:58:51.447058,652564683,2,39.8042972,32.3815948,100,729.992,59.23302,0,504,-8.45717
178682,2023-01-20 10:58:52.446995,653564672,2,39.8043511,32.3816367,100,730.0226,59.21051,0,504,-8.45717
179009,2023-01-20 10:58:53.446950,654564676,2,39.8044034,32.3816767,100,730.0373,59.13994,0,504,-8.45717
179338,2023-01-20 10:58:54.446993,655564683,2,39.8044592,32.3817171,100,730.0413,59.22726,0,504,-8.45717
179666,2023-01-20 10:58:55.446983,656564672,2,39.8045145,32.381759,100,730.0231,59.1852,0,504,-8.45717
179991,2023-01-20 10:58:56.446978,657564686,2,39.8045673,32.3818001,100,729.986,59.25179,0,504,-8.45717
180367,2023-01-20 10:58:57.447001,658564692,2,39.8046208,32.3818398,100,729.9377,59.41084,0,504,-8.45717
180693,2023-01-20 10:58:58.447031,659564745,2,39.8046736,32.3818806,100,729.8686,59.39415,0,504,-8.45717
181021,2023-01-20 10:58:59.447000,660564685,2,39.804728,32.3819219,100,729.7827,59.41022,0,504,-8.45717
181349,2023-01-20 10:59:00.427628,661564717,2,39.8047839,32.3819629,100,729.6825,59.46862,0,504,-8.45717
181675,2023-01-20 10:59:01.427400,662564666,2,39.8048392,32.3820041,100,729.5634,59.46463,0,504,-8.45717
182002,2023-01-20 10:59:02.427360,663564676,2,39.8048922,32.3820459,100,729.4229,59.48537,0,504,-8.45717
182328,2023-01-20 10:59:03.427458,664564688,2,39.8049451,32.3820862,100,729.3809,59.58016,0,504,-8.45717
182658,2023-01-20 10:59:04.427370,665564679,2,39.8049994,32.3821269,100,729.3542,59.67221,0,504,-8.45717
182985,2023-01-20 10:59:05.427379,666564679,2,39.8050547,32.3821679,100,729.3383,59.78654,0,504,-8.45717
183312,2023-01-20 10:59:06.427369,667564673,2,39.8051114,32.3822092,100,729.3334,59.75107,0,504,-8.45717
183637,2023-01-20 10:59:07.427376,668564679,2,39.8051663,32.3822495,100,729.3358,59.7036,0,504,-8.45717
183964,2023-01-20 10:59:08.427362,669564677,2,39.8052201,32.3822907,100,729.3403,59.65791,0,504,-8.45717
184292,2023-01-20 10:59:09.424923,670564682,2,39.8052763,32.3823318,100,729.3611,59.72017,0,504,-8.45717
184620,2023-01-20 10:59:10.407584,671564689,2,39.8053319,32.382372,100,729.3916,59.82529,0,504,-8.45717
184946,2023-01-20 10:59:11.407383,672564702,2,39.8053869,32.3824136,100,729.4243,59.77514,0,504,-8.45717
185273,2023-01-20 10:59:12.407350,673564689,2,39.8054402,32.3824557,100,729.4583,59.74952,0,504,-8.45717
185648,2023-01-20 10:59:13.407405,674564740,2,39.8054899,32.3824922,100,729.5045,59.68009,0,504,-8.45717
185975,2023-01-20 10:59:14.407352,675564682,2,39.8055279,32.3825198,100,729.5333,59.52961,0,504,-8.45717
186304,2023-01-20 10:59:15.407403,676564737,2,39.8055521,32.3825379,100,729.5469,59.41209,0,504,-8.45717
186629,2023-01-20 10:59:16.407291,677564664,2,39.8055755,32.3825544,100,729.561,59.50765,0,504,-8.45717
186953,2023-01-20 10:59:17.407363,678564692,2,39.8055965,32.3825708,100,729.5658,59.46114,0,504,-8.45717
187277,2023-01-20 10:59:18.407308,679564684,2,39.8056154,32.3825846,100,729.5724,59.457,0,504,-8.45717
187606,2023-01-20 10:59:19.407349,680564680,2,39.8056318,32.3825793,100,729.6429,59.3726,0,504,-8.45717
187929,2023-01-20 10:59:20.388669,681564666,2,39.8056458,32.3825462,100,729.8143,59.08161,0,504,-8.45717
188254,2023-01-20 10:59:21.387423,682564674,2,39.8056646,32.3824971,100,730.0672,58.75,0,504,-8.45717
188580,2023-01-20 10:59:22.387362,683564704,2,39.8056899,32.3824398,100,730.3242,58.71924,0,504,-8.45717
188904,2023-01-20 10:59:23.387384,684564692,2,39.8057137,32.382379,100,730.5681,58.59638,0,504,-8.45717
189232,2023-01-20 10:59:24.387453,685564749,2,39.8057334,32.382326,100,730.7729,58.42558,0,504,-8.45717
189557,2023-01-20 10:59:25.387443,686564746,2,39.8057428,32.3822892,100,730.9,58.34145,0,504,-8.45717
189885,2023-01-20 10:59:26.387382,687564683,2,39.8057331,32.3822646,100,730.9376,58.22528,0,504,-8.45717
190209,2023-01-20 10:59:27.387369,688564680,2,39.8057112,32.3822455,100,730.9258,58.12622,0,504,-8.45717
190533,2023-01-20 10:59:28.387401,689564705,2,39.80569,32.3822317,100,730.903,58.04616,0,504,-8.45717
190864,2023-01-20 10:59:29.385965,690564671,2,39.8056692,32.3822194,100,730.8781,58.10854,0,504,-8.45717
191187,2023-01-20 10:59:30.367588,691564725,2,39.8056454,32.3822037,100,730.8555,58.17657,0,504,-8.45717
191513,2023-01-20 10:59:31.367368,692564678,2,39.8056106,32.3821772,100,730.8354,58.19983,0,504,-8.45717
191838,2023-01-20 10:59:32.367431,693564730,2,39.8055635,32.3821427,100,730.8098,58.38058,0,504,-8.45717
192165,2023-01-20 10:59:33.367396,694564697,2,39.8055101,32.3821037,100,730.7877,58.57246,0,504,-8.45717
192494,2023-01-20 10:59:34.367370,695564673,2,39.8054565,32.3820633,100,730.7779,58.64067,0,504,-8.45717
192821,2023-01-20 10:59:35.367386,696564683,2,39.8054028,32.3820212,100,730.7815,58.597,0,504,-8.45717
193148,2023-01-20 10:59:36.367377,697564681,2,39.8053504,32.3819797,100,730.7948,58.59893,0,504,-8.45717
193475,2023-01-20 10:59:37.367381,698564677,2,39.8052953,32.3819388,100,730.8082,58.57041,0,504,-8.45717
193801,2023-01-20 10:59:38.367377,699564683,2,39.8052394,32.3818976,100,730.8294,58.49347,0,504,-8.45717
194130,2023-01-20 10:59:39.367394,700564691,2,39.8051856,32.381856,100,730.8652,58.39832,0,504,-8.45717
194456,2023-01-20 10:59:40.347019,701564682,2,39.8051321,32.3818146,100,730.9099,58.34237,0,504,-8.45717
194829,2023-01-20 10:59:41.347007,702564701,2,39.8050767,32.3817738,100,730.9565,58.25633,0,504,-8.45717
195154,2023-01-20 10:59:42.346966,703564673,2,39.8050236,32.3817324,100,731.0186,58.19447,0,504,-8.45717
195480,2023-01-20 10:59:43.346954,704564678,2,39.8049699,32.3816902,100,731.0914,58.11609,0,504,-8.45717
195810,2023-01-20 10:59:44.346940,705564661,2,39.8049141,32.3816498,100,731.1616,58.02938,0,504,-8.45717
196136,2023-01-20 10:59:45.347030,706564739,2,39.8048595,32.38161,100,731.2195,57.88055,0,504,-8.45717
196464,2023-01-20 10:59:46.346966,707565059,2,39.8048048,32.3815689,100,731.2593,57.84083,0,504,-8.45717
196790,2023-01-20 10:59:47.347678,708565405,2,39.8047499,32.3815293,100,731.2759,57.87567,0,504,-8.45717
197117,2023-01-20 10:59:48.347216,709565071,2,39.804696,32.3814878,100,731.2853,57.86528,0,504,-8.45717
197447,2023-01-20 10:59:49.327612,710565376,2,39.8046411,32.3814478,100,731.2698,57.90208,0,504,-8.45717
197774,2023-01-20 10:59:50.334066,711565380,2,39.8045871,32.3814063,100,731.2448,57.98112,0,504,-8.45717
198101,2023-01-20 10:59:51.327420,712565377,2,39.804532,32.3813649,100,731.199,58.01713,0,504,-8.45717
198428,2023-01-20 10:59:52.327416,713565379,2,39.8044773,32.3813239,100,731.1362,58.00976,0,504,-8.45717
198754,2023-01-20 10:59:53.327395,714565383,2,39.8044227,32.3812825,100,731.0138,58.25452,0,504,-8.45717
199084,2023-01-20 10:59:54.327424,715565383,2,39.8043685,32.381241,100,730.8912,58.32565,0,504,-8.45717
199409,2023-01-20 10:59:55.327389,716565378,2,39.8043142,32.3812008,100,730.7705,58.35213,0,504,-8.45717
199737,2023-01-20 10:59:56.327418,717565378,2,39.8042594,32.3811607,100,730.6524,58.46158,0,504,-8.45717
200063,2023-01-20 10:59:57.327436,718565388,2,39.8042047,32.3811194,100,730.5407,58.63955,0,504,-8.45717
200438,2023-01-20 10:59:58.315784,719565378,2,39.80415,32.3810787,100,730.4322,58.72433,0,504,-8.45717
200767,2023-01-20 10:59:59.307283,720565372,2,39.8040954,32.3810375,100,730.3291,58.82081,0,504,-8.45717
201093,2023-01-20 11:00:00.307169,721565428,2,39.8040403,32.3809966,100,730.2284,58.91946,0,504,-8.45717
201421,2023-01-20 11:00:01.307037,722565375,2,39.8039865,32.3809556,100,730.1404,59.05257,0,504,-8.45717
201747,2023-01-20 11:00:02.307117,723565418,2,39.8039339,32.3809145,100,730.0731,59.15583,0,504,-8.45717
202074,2023-01-20 11:00:03.307069,724565377,2,39.8038795,32.3808747,100,729.9946,59.24541,0,504,-8.45717
202403,2023-01-20 11:00:04.307070,725565372,2,39.8038251,32.3808342,100,729.9133,59.34554,0,504,-8.45717
202730,2023-01-20 11:00:05.307071,726565376,2,39.80377,32.3807928,100,729.827,59.44013,0,504,-8.45717
203057,2023-01-20 11:00:06.307083,727565381,2,39.8037155,32.380751,100,729.7386,59.49408,0,504,-8.45717
203384,2023-01-20 11:00:07.307042,728565380,2,39.8036602,32.3807093,100,729.6436,59.56472,0,504,-8.45717
203709,2023-01-20 11:00:08.297065,729565367,2,39.8036058,32.3806673,100,729.5472,59.6456,0,504,-8.45717
204038,2023-01-20 11:00:09.287486,730565392,2,39.8035531,32.3806271,100,729.4489,59.75912,0,504,-8.45717
204364,2023-01-20 11:00:10.287428,731565380,2,39.8035,32.3805872,100,729.3452,59.8963,0,504,-8.45717
204690,2023-01-20 11:00:11.287413,732565376,2,39.8034441,32.3805462,100,729.2302,59.93004,0,504,-8.45717
205018,2023-01-20 11:00:12.287416,733565372,2,39.8033883,32.3805055,100,729.1109,59.99001,0,504,-8.45717
205344,2023-01-20 11:00:13.287409,734565390,2,39.8033329,32.3804645,100,728.989,60.01234,0,504,-8.45717
205723,2023-01-20 11:00:14.287434,735565386,2,39.8032788,32.3804237,100,728.8663,60.13609,0,504,-8.45717
206049,2023-01-20 11:00:15.287451,736565428,2,39.8032261,32.3803828,100,728.744,60.26612,0,504,-8.45717
206376,2023-01-20 11:00:16.287416,737565377,2,39.8031725,32.3803424,100,728.6141,60.41455,0,504,-8.45717
206703,2023-01-20 11:00:17.287474,738565419,2,39.8031172,32.3803016,100,728.4752,60.59354,0,504,-8.45717
207030,2023-01-20 11:00:18.267615,739565374,2,39.8030622,32.3802608,100,728.3843,60.66674,0,504,-8.45717
207358,2023-01-20 11:00:19.267430,740565379,2,39.8030074,32.3802192,100,728.3063,60.70541,0,504,-8.45717
207687,2023-01-20 11:00:20.267440,741565384,2,39.8029529,32.3801787,100,728.2109,60.78226,0,504,-8.45717
208012,2023-01-20 11:00:21.267445,742565368,2,39.8028993,32.3801388,100,728.1436,60.89206,0,504,-8.45717
208340,2023-01-20 11:00:22.267411,743565378,2,39.8028451,32.380098,100,728.1597,60.94061,0,504,-8.45717
208666,2023-01-20 11:00:23.267426,744565382,2,39.8027903,32.3800577,100,728.1854,60.93114,0,504,-8.45717
208996,2023-01-20 11:00:24.267418,745565382,2,39.802735,32.3800168,100,728.2252,60.86922,0,504,-8.45717
209322,2023-01-20 11:00:25.267419,746565375,2,39.8026811,32.3799744,100,728.2859,60.75391,0,504,-8.45717
209648,2023-01-20 11:00:26.267408,747565369,2,39.8026277,32.3799318,100,728.3611,60.73535,0,504,-8.45717
209976,2023-01-20 11:00:27.267444,748565390,2,39.8025735,32.3798903,100,728.444,60.61308,0,504,-8.45717
210302,2023-01-20 11:00:28.247541,749565375,2,39.80252,32.379849,100,728.5398,60.58722,0,504,-8.45717
210631,2023-01-20 11:00:29.247618,750565368,2,39.8024655,32.3798094,100,728.6392,60.59816,0,504,-8.45717
210957,2023-01-20 11:00:30.247478,751565425,2,39.8024113,32.3797695,100,728.7529,60.50499,0,504,-8.45717
211333,2023-01-20 11:00:31.247451,752565381,2,39.8023564,32.379729,100,728.8811,60.36662,0,504,-8.45717
211659,2023-01-20 11:00:32.247472,753565419,2,39.8023006,32.3796873,100,729.0271,60.19547,0,504,-8.45717
211986,2023-01-20 11:00:33.247441,754565372,2,39.8022454,32.3796455,100,729.1872,59.95874,0,504,-8.45717
212315,2023-01-20 11:00:34.247424,755565366,2,39.8021914,32.3796057,100,729.3334,59.78024,0,504,-8.45717
212642,2023-01-20 11:00:35.246952,756565683,2,39.8021383,32.3795666,100,729.3853,59.71518,0,504,-8.45717
212968,2023-01-20 11:00:36.246980,757565693,2,39.8020846,32.3795258,100,729.4317,59.60597,0,504,-8.45717
213296,2023-01-20 11:00:37.242804,758565688,2,39.8020301,32.3794836,100,729.4695,59.55777,0,504,-8.45717
213622,2023-01-20 11:00:38.227447,759565674,2,39.801974,32.3794412,100,729.4903,59.52925,0,504,-8.45717
213951,2023-01-20 11:00:39.227387,760565677,2,39.8019182,32.3794003,100,729.4919,59.49738,0,504,-8.45717
214277,2023-01-20 11:00:40.227351,761565670,2,39.8018634,32.3793597,100,729.4825,59.54487,0,504,-8.45717
214603,2023-01-20 11:00:41.227356,762565685,2,39.80181,32.3793184,100,729.468,59.53881,0,504,-8.45717
214931,2023-01-20 11:00:42.227316,763565681,2,39.8017558,32.3792766,100,729.4401,59.6101,0,504,-8.45717
215257,2023-01-20 11:00:43.227360,764565686,2,39.8017009,32.3792358,100,729.3928,59.66312,0,504,-8.45717
215587,2023-01-20 11:00:44.227326,765565688,2,39.8016454,32.379195,100,729.3302,59.71264,0,504,-8.45717
215912,2023-01-20 11:00:45.227404,766565728,2,39.80159,32.379154,100,729.2557,59.776,0,504,-8.45717
216239,2023-01-20 11:00:46.227329,767565656,2,39.8015355,32.379113,100,729.1722,59.84665,0,504,-8.45717
216566,2023-01-20 11:00:47.208307,768565707,2,39.8014813,32.3790728,100,729.0747,59.96262,0,504,-8.45717
216942,2023-01-20 11:00:48.207359,769565685,2,39.8014265,32.3790326,100,728.9619,60.08021,0,504,-8.45717
217270,2023-01-20 11:00:49.207371,770565714,2,39.8013719,32.3789917,100,728.8394,60.24807,0,504,-8.45717
217597,2023-01-20 11:00:50.207289,771565688,2,39.8013169,32.3789497,100,728.7354,60.39376,0,504,-8.45717
217925,2023-01-20 11:00:51.207338,772565693,2,39.8012623,32.3789085,100,728.8121,60.29019,0,504,-8.45717
218253,2023-01-20 11:00:52.207342,773565689,2,39.8012079,32.3788677,100,728.9597,60.13843,0,504,-8.45717
218579,2023-01-20 11:00:53.207326,774565693,2,39.8011551,32.3788274,100,729.1094,59.97691,0,504,-8.45717
218906,2023-01-20 11:00:54.188497,775565709,2,39.8011016,32.3787866,100,729.2653,59.83286,0,504,-8.45717
219235,2023-01-20 11:00:55.207305,776565667,2,39.8010471,32.3787466,100,729.4225,59.56084,0,504,-8.45717
219561,2023-01-20 11:00:56.207312,777565661,2,39.8009909,32.3787049,100,729.5906,59.31203,0,504,-8.45717
219886,2023-01-20 11:00:57.187523,778565683,2,39.8009352,32.378664,100,729.7601,59.25493,0,504,-8.45717
220212,2023-01-20 11:00:58.187406,779565678,2,39.8008818,32.3786228,100,729.9344,58.99769,0,504,-8.45717
220541,2023-01-20 11:00:59.187364,780565687,2,39.8008294,32.3785818,100,730.1115,58.84346,0,504,-8.45717
220867,2023-01-20 11:01:00.187405,781565732,2,39.800775,32.3785415,100,730.291,58.68275,0,504,-8.45717
221194,2023-01-20 11:01:01.187391,782565721,2,39.80072,32.3785005,100,730.4775,58.5549,0,504,-8.45717
221521,2023-01-20 11:01:02.187516,783565864,2,39.8006649,32.3784596,100,730.6682,58.43846,0,504,-8.45717
221848,2023-01-20 11:01:03.187346,784565694,2,39.8006113,32.3784183,100,730.8638,58.27254,0,504,-8.45717
222226,2023-01-20 11:01:04.187355,785565693,2,39.8005564,32.378376,100,731.0687,58.04737,0,504,-8.45717
222553,2023-01-20 11:01:05.187333,786565683,2,39.8005043,32.3783366,100,731.2641,57.85961,0,504,-8.45717
222878,2023-01-20 11:01:06.170419,787565703,2,39.8004592,32.3783034,100,731.4328,57.69956,0,504,-8.45717
223203,2023-01-20 11:01:07.167421,788565681,2,39.8004281,32.3782808,100,731.5493,57.55849,0,504,-8.45717
223531,2023-01-20 11:01:08.167438,789565687,2,39.8004069,32.3782646,100,731.6329,57.57953,0,504,-8.45717
223858,2023-01-20 11:01:09.167369,790565702,2,39.8003877,32.3782494,100,731.7292,57.64322,0,504,-8.45717
224181,2023-01-20 11:01:10.167340,791565678,2,39.800368,32.378235,100,731.8272,57.62514,0,504,-8.45717
224505,2023-01-20 11:01:11.167357,792565691,2,39.8003532,32.3782183,100,731.9266,57.58393,0,504,-8.45717
224831,2023-01-20 11:01:12.167373,793565699,2,39.8003582,32.3781941,100,732.0226,57.71615,0,504,-8.45717
225157,2023-01-20 11:01:13.167301,794565667,2,39.8003769,32.378155,100,732.1571,57.60947,0,504,-8.45717
225484,2023-01-20 11:01:14.167347,795565678,2,39.8004029,32.3781006,100,732.3418,57.28749,0,504,-8.45717
225810,2023-01-20 11:01:15.147161,796565732,2,39.8004312,32.3780408,100,732.5729,57.03627,0,504,-8.45717
226134,2023-01-20 11:01:16.152002,797565701,2,39.800458,32.3779872,100,732.777,56.68774,0,504,-8.45717
226459,2023-01-20 11:01:17.146981,798565725,2,39.8004783,32.3779446,100,732.938,56.36911,0,504,-8.45717
226788,2023-01-20 11:01:18.146969,799565704,2,39.8004932,32.3779282,100,732.9924,56.39673,0,504,-8.45717
227113,2023-01-20 11:01:19.146897,800565666,2,39.8005115,32.3779343,100,732.9484,56.43066,0,504,-8.45717
227436,2023-01-20 11:01:20.146962,801565699,2,39.8005316,32.3779497,100,732.8641,56.24634,0,504,-8.45717
227760,2023-01-20 11:01:21.146941,802565689,2,39.8005523,32.3779656,100,732.7776,56.35563,0,504,-8.45717
228091,2023-01-20 11:01:22.146963,803565687,2,39.8005743,32.3779809,100,732.6932,56.3829,0,504,-8.45717
228417,2023-01-20 11:01:23.146952,804565686,2,39.8006017,32.3780009,100,732.585,56.53432,0,504,-8.45717
228744,2023-01-20 11:01:24.146963,805565683,2,39.8006404,32.3780312,100,732.4255,56.83978,0,504,-8.45717
229071,2023-01-20 11:01:25.141261,806565678,2,39.80069,32.3780687,100,732.2299,57.0396,0,504,-8.45717
229397,2023-01-20 11:01:26.127526,807565684,2,39.8007461,32.3781094,100,732.0195,57.20421,0,504,-8.45717
229724,2023-01-20 11:01:27.127356,808565689,2,39.8008025,32.3781507,100,731.811,57.23065,0,504,-8.45717
230051,2023-01-20 11:01:28.127358,809565690,2,39.8008556,32.378191,100,731.6133,57.41376,0,504,-8.45717
230379,2023-01-20 11:01:29.127342,810565681,2,39.800907,32.3782305,100,731.424,57.76917,0,504,-8.45717
230705,2023-01-20 11:01:30.127383,811565726,2,39.8009593,32.3782724,100,731.2288,58.06512,0,504,-8.45717
231031,2023-01-20 11:01:31.127314,812565674,2,39.8010156,32.3783131,100,731.0397,58.27262,0,504,-8.45717
231405,2023-01-20 11:01:32.127382,813565719,2,39.8010705,32.3783544,100,730.8536,58.34201,0,504,-8.45717
231732,2023-01-20 11:01:33.127325,814565680,2,39.8011247,32.3783958,100,730.6721,58.40394,0,504,-8.45717
232062,2023-01-20 11:01:34.127341,815565675,2,39.8011799,32.3784369,100,730.4951,58.50909,0,504,-8.45717
232388,2023-01-20 11:01:35.107362,816565683,2,39.801234,32.378476,100,730.3301,58.71779,0,504,-8.45717
232715,2023-01-20 11:01:36.107410,817565700,2,39.8012878,32.3785155,100,730.1678,58.98565,0,504,-8.45717
233041,2023-01-20 11:01:37.107292,818565686,2,39.801341,32.3785573,100,730.2084,58.91934,0,504,-8.45717
233368,2023-01-20 11:01:38.107291,819565666,2,39.8013968,32.378598,100,730.3365,58.85784,0,504,-8.45717
233696,2023-01-20 11:01:39.107278,820565672,2,39.8014524,32.3786382,100,730.4616,58.68176,0,504,-8.45717
234022,2023-01-20 11:01:40.107303,821565686,2,39.8015063,32.3786807,100,730.5654,58.52423,0,504,-8.45717
234348,2023-01-20 11:01:41.107311,822565683,2,39.8015608,32.3787222,100,730.6714,58.49744,0,504,-8.45717
234674,2023-01-20 11:01:42.107260,823565665,2,39.8016163,32.3787629,100,730.7808,58.40219,0,504,-8.45717
235002,2023-01-20 11:01:43.107303,824565686,2,39.8016717,32.3788043,100,730.8827,58.27229,0,504,-8.45717
235331,2023-01-20 11:01:44.107273,825565677,2,39.8017265,32.3788465,100,730.9747,58.16916,0,504,-8.45717
235658,2023-01-20 11:01:45.087481,826565721,2,39.8017827,32.3788874,100,731.0736,58.14056,0,504,-8.45717
235984,2023-01-20 11:01:46.087351,827565679,2,39.8018374,32.3789294,100,731.157,58.07553,0,504,-8.45717
236311,2023-01-20 11:01:47.087363,828565699,2,39.8018913,32.3789695,100,731.2402,58.06171,0,504,-8.45717
236638,2023-01-20 11:01:48.087289,829565662,2,39.8019461,32.3790098,100,731.3135,58.09927,0,504,-8.45717
237016,2023-01-20 11:01:49.087346,830565687,2,39.802001,32.3790509,100,731.3669,58.05851,0,504,-8.45717
237342,2023-01-20 11:01:50.087307,831565674,2,39.8020549,32.3790921,100,731.4023,58.01463,0,504,-8.45717
237669,2023-01-20 11:01:51.087315,832565663,2,39.8021102,32.3791329,100,731.4327,58.00617,0,504,-8.45717
237995,2023-01-20 11:01:52.087314,833565665,2,39.8021664,32.3791739,100,731.4527,57.97824,0,504,-8.45717
238324,2023-01-20 11:01:53.087342,834565686,2,39.80222,32.3792155,100,731.3621,58.06793,0,504,-8.45717
238653,2023-01-20 11:01:54.079393,835565673,2,39.8022732,32.3792564,100,731.1359,58.26567,0,504,-8.45717
238980,2023-01-20 11:01:55.079433,836565685,2,39.8023266,32.3792974,100,730.9214,58.47408,0,504,-8.45717
239306,2023-01-20 11:01:56.067340,837565681,2,39.8023826,32.3793381,100,730.7206,58.65767,0,504,-8.45717
239632,2023-01-20 11:01:57.067329,838565681,2,39.8024378,32.3793793,100,730.5308,58.85611,0,504,-8.45717
239959,2023-01-20 11:01:58.067321,839565674,2,39.8024916,32.3794201,100,730.3555,58.92624,0,504,-8.45717
240288,2023-01-20 11:01:59.067333,840565689,2,39.8025464,32.3794611,100,730.1919,59.04353,0,504,-8.45717
240615,2023-01-20 11:02:00.067375,841565724,2,39.8025984,32.379502,100,730.0408,59.18705,0,504,-8.45717
240941,2023-01-20 11:02:01.067330,842565677,2,39.8026516,32.3795428,100,729.9029,59.34895,0,504,-8.45717
241268,2023-01-20 11:02:02.067345,843565719,2,39.8027072,32.3795834,100,729.7795,59.45234,0,504,-8.45717
241594,2023-01-20 11:02:03.067333,844565675,2,39.8027619,32.379625,100,729.6647,59.59818,0,504,-8.45717
241924,2023-01-20 11:02:04.047047,845565662,2,39.8028175,32.379666,100,729.566,59.68818,0,504,-8.45717
242250,2023-01-20 11:02:05.046997,846565686,2,39.8028717,32.3797066,100,729.4802,59.73816,0,504,-8.45717
242626,2023-01-20 11:02:06.046908,847565661,2,39.8029277,32.3797474,100,729.4082,59.80239,0,504,-8.45717
242952,2023-01-20 11:02:07.046944,848565669,2,39.8029828,32.379788,100,729.3488,59.83717,0,504,-8.45717
243279,2023-01-20 11:02:08.046844,849565664,2,39.8030372,32.3798293,100,729.2993,59.92814,0,504,-8.45717
243608,2023-01-20 11:02:09.046946,850565685,2,39.8030905,32.3798694,100,729.2645,59.93246,0,504,-8.45717
243934,2023-01-20 11:02:10.046842,851565663,2,39.8031439,32.3799095,100,729.3031,59.93516,0,504,-8.45717
244261,2023-01-20 11:02:11.046876,852565673,2,39.8031974,32.3799517,100,729.3561,59.96872,0,504,-8.45717
244587,2023-01-20 11:02:12.046943,853565679,2,39.8032501,32.379993,100,729.4175,59.87544,0,504,-8.45717
244914,2023-01-20 11:02:13.046939,854565682,2,39.8033041,32.3800338,100,729.4922,59.77287,0,504,-8.45717
245244,2023-01-20 11:02:14.027454,855565672,2,39.8033597,32.3800745,100,729.5807,59.668,0,504,-8.45717
245570,2023-01-20 11:02:15.027416,856565730,2,39.8034151,32.380116,100,729.6757,59.57866,0,504,-8.45717
245896,2023-01-20 11:02:16.027292,857565670,2,39.8034691,32.3801572,100,729.777,59.41623,0,504,-8.45717
246223,2023-01-20 11:02:17.027350,858565722,2,39.8035237,32.3801979,100,729.9078,59.30132,0,504,-8.45717
246549,2023-01-20 11:02:18.027316,859565680,2,39.8035772,32.3802384,100,730.0312,59.16829,0,504,-8.45717
246879,2023-01-20 11:02:19.027313,860565681,2,39.8036299,32.3802797,100,730.1466,59.07405,0,504,-8.45717
247205,2023-01-20 11:02:20.027327,861565688,2,39.8036853,32.3803197,100,730.2683,58.96784,0,504,-8.45717
247532,2023-01-20 11:02:21.027290,862565662,2,39.8037422,32.3803603,100,730.3897,58.7896,0,504,-8.45717
247858,2023-01-20 11:02:22.027343,863565687,2,39.8037965,32.3804024,100,730.496,58.59206,0,504,-8.45717
248234,2023-01-20 11:02:23.007546,864565699,2,39.8038506,32.3804428,100,730.6004,58.45351,0,504,-8.45717
248566,2023-01-20 11:02:24.007422,865565682,2,39.803903,32.3804861,100,730.6907,58.33957,0,504,-8.45717
248892,2023-01-20 11:02:25.007278,866565673,2,39.8039556,32.3805264,100,730.7821,58.24752,0,504,-8.45717
249219,2023-01-20 11:02:26.007275,867565672,2,39.8040102,32.3805664,100,730.8716,58.21193,0,504,-8.45717
249544,2023-01-20 11:02:27.007288,868565678,2,39.8040654,32.3806092,100,730.9457,58.10069,0,504,-8.45717
249871,2023-01-20 11:02:28.007277,869565666,2,39.8041199,32.3806486,100,731.0277,58.05603,0,504,-8.45717
250200,2023-01-20 11:02:29.007257,870565656,2,39.8041745,32.380688,100,731.1141,58.00052,0,504,-8.45717
250527,2023-01-20 11:02:30.007329,871565720,2,39.8042285,32.3807282,100,731.202,57.91719,0,504,-8.45717
250853,2023-01-20 11:02:31.007279,872565677,2,39.8042824,32.3807695,100,731.2919,57.73264,0,504,-8.45717
251180,2023-01-20 11:02:32.007333,873565728,2,39.8043377,32.3808102,100,731.3911,57.6248,0,504,-8.45717
251504,2023-01-20 11:02:32.987541,874565664,2,39.8043925,32.3808514,100,731.4922,57.51999,0,504,-8.45717
251835,2023-01-20 11:02:33.987593,875565712,2,39.8044459,32.3808935,100,731.5925,57.28373,0,504,-8.45717
252161,2023-01-20 11:02:34.987309,876565674,2,39.8044983,32.3809337,100,731.6963,57.40354,0,504,-8.45717
252487,2023-01-20 11:02:35.987350,877565718,2,39.8045526,32.3809742,100,731.8096,57.36961,0,504,-8.45717
252814,2023-01-20 11:02:36.987369,878565730,2,39.8046089,32.3810154,100,731.9324,57.19135,0,504,-8.45717
253140,2023-01-20 11:02:37.987383,879565746,2,39.8046655,32.381056,100,732.0613,57.0835,0,504,-8.45717
253518,2023-01-20 11:02:38.987338,880565743,2,39.8047217,32.3810972,100,732.1926,57.01601,0,504,-8.45717
253844,2023-01-20 11:02:39.987303,881565666,2,39.8047763,32.3811384,100,732.3233,56.88519,0,504,-8.45717
254171,2023-01-20 11:02:40.987315,882565692,2,39.8048308,32.3811797,100,732.4579,56.62386,0,504,-8.45717
254497,2023-01-20 11:02:41.970402,883565672,2,39.8048861,32.381222,100,732.5985,56.44135,0,504,-8.45717
254824,2023-01-20 11:02:42.967394,884565687,2,39.8049398,32.3812605,100,732.6446,56.48693,0,504,-8.45717
255154,2023-01-20 11:02:43.967317,885565673,2,39.8049924,32.3813008,100,732.6686,56.58355,0,504,-8.45717
255481,2023-01-20 11:02:44.967321,886565710,2,39.8050459,32.381342,100,732.6276,56.69133,0,504,-8.45717
255807,2023-01-20 11:02:45.967324,887565681,2,39.8051021,32.3813834,100,732.5313,56.75908,0,504,-8.45717
256134,2023-01-20 11:02:46.967365,888565718,2,39.8051564,32.3814249,100,732.4411,56.78268,0,504,-8.45717
256460,2023-01-20 11:02:47.967320,889565680,2,39.8052086,32.3814655,100,732.3597,56.91244,0,504,-8.45717
256789,2023-01-20 11:02:48.967367,890565729,2,39.8052641,32.3815067,100,732.2892,57.01146,0,504,-8.45717
257116,2023-01-20 11:02:49.967314,891565682,2,39.8053218,32.3815474,100,732.2329,57.05628,0,504,-8.45717
257442,2023-01-20 11:02:50.967325,892565679,2,39.8053774,32.3815883,100,732.181,57.0416,0,504,-8.45717
257768,2023-01-20 11:02:51.951960,893565685,2,39.8054322,32.381631,100,732.1307,57.06584,0,504,-8.45717
258094,2023-01-20 11:02:52.947071,894565681,2,39.805485,32.3816702,100,732.0968,57.10695,0,504,-8.45717
258424,2023-01-20 11:02:53.947025,895565690,2,39.8055391,32.3817108,100,732.0689,57.19429,0,504,-8.45717
258753,2023-01-20 11:02:54.946923,896565687,2,39.8055942,32.3817531,100,732.0463,57.24161,0,504,-8.45717
259129,2023-01-20 11:02:55.946876,897565701,2,39.8056484,32.3817943,100,732.0341,57.21154,0,504,-8.45717
259455,2023-01-20 11:02:56.946871,898565682,2,39.8057015,32.3818342,100,732.0314,57.29087,0,504,-8.45717
259781,2023-01-20 11:02:57.946887,899565691,2,39.8057482,32.38187,100,732.0341,57.20605,0,504,-8.45717
260108,2023-01-20 11:02:58.946873,900565682,2,39.8057804,32.3818956,100,732.0373,56.78738,0,504,-8.45717
260436,2023-01-20 11:02:59.946869,901565682,2,39.8058022,32.3819112,100,732.0406,56.80225,0,504,-8.45717
260760,2023-01-20 11:03:00.946938,902565677,2,39.8058241,32.3819251,100,732.0431,57.1065,0,504,-8.45717
261084,2023-01-20 11:03:01.927503,903565730,2,39.8058447,32.38194,100,732.0426,57.17393,0,504,-8.45717
261408,2023-01-20 11:03:02.927367,904565694,2,39.8058628,32.3819496,100,732.052,57.15644,0,504,-8.45717
261738,2023-01-20 11:03:03.927372,905565733,2,39.8058777,32.381936,100,732.1106,57.03868,0,504,-8.45717
262063,2023-01-20 11:03:04.927295,906565669,2,39.8058919,32.3818943,100,732.2316,56.86449,0,504,-8.45717
262388,2023-01-20 11:03:05.927328,907565688,2,39.8059126,32.3818415,100,732.3837,56.60503,0,504,-8.45717
262713,2023-01-20 11:03:06.927325,908565699,2,39.8059386,32.3817826,100,732.55,56.55743,0,504,-8.45717
263038,2023-01-20 11:03:07.927289,909565692,2,39.8059641,32.3817235,100,732.7073,56.54897,0,504,-8.45717
263364,2023-01-20 11:03:08.927329,910565694,2,39.8059801,32.3816752,100,732.8246,56.37193,0,504,-8.45717
263692,2023-01-20 11:03:09.927287,911565680,2,39.805983,32.3816444,100,732.8902,56.38461,0,504,-8.45717
264017,2023-01-20 11:03:10.915855,912565667,2,39.805968,32.3816191,100,732.929,56.29964,0,504,-8.45717
264341,2023-01-20 11:03:11.907463,913565681,2,39.805947,32.3816024,100,732.9467,56.19957,0,504,-8.45717
264665,2023-01-20 11:03:12.907418,914565685,2,39.8059273,32.3815909,100,732.9562,56.19373,0,504,-8.45717
264996,2023-01-20 11:03:13.907292,915565690,2,39.8059054,32.3815788,100,732.9666,56.14035,0,504,-8.45717
265322,2023-01-20 11:03:14.907316,916565711,2,39.805886,32.3815675,100,732.9783,56.04113,0,504,-8.45717
265646,2023-01-20 11:03:15.907303,917565696,2,39.8058785,32.3815641,100,732.981,56.16346,0,504,-8.45717
265969,2023-01-20 11:03:16.907309,918565703,2,39.8058773,32.3815639,100,732.9805,56.18621,0,504,-8.45717
266292,2023-01-20 11:03:17.907287,919565701,2,39.8058789,32.3815651,100,732.9789,56.1276,0,504,-8.45717
266617,2023-01-20 11:03:18.907278,920565698,2,39.8058808,32.3815656,100,732.979,56.05909,0,504,-8.45717
266941,2023-01-20 11:03:19.907284,921565703,2,39.8058832,32.3815653,100,732.9813,56.10917,0,504,-8.45717
267264,2023-01-20 11:03:20.907283,922565705,2,39.8058842,32.3815661,100,732.9803,56.07796,0,504,-8.45717
267587,2023-01-20 11:03:21.887485,923565747,2,39.8058849,32.3815655,100,732.9822,56.11089,0,504,-8.45717
267911,2023-01-20 11:03:22.887376,924565718,2,39.8058842,32.3815663,100,732.9797,56.0191,0,504,-8.45717
268237,2023-01-20 11:03:23.887362,925565725,2,39.8058849,32.3815658,100,732.9815,55.95676,0,504,-8.45717
268563,2023-01-20 11:03:24.887364,926565716,2,39.8058842,32.381563,100,732.9874,55.94926,0,504,-8.45717
268886,2023-01-20 11:03:25.887359,927565682,2,39.8058774,32.3815521,100,733.0082,55.83709,0,504,-8.45717
269209,2023-01-20 11:03:26.887347,928565674,2,39.8058623,32.3815255,100,733.0616,55.83786,0,504,-8.45717
269534,2023-01-20 11:03:27.887358,929565684,2,39.805839,32.3814794,100,733.1609,55.87651,0,504,-8.45717
269862,2023-01-20 11:03:28.887360,930565684,2,39.8058072,32.3814208,100,733.2952,55.85778,0,504,-8.45717
270189,2023-01-20 11:03:29.887361,931565690,2,39.8057716,32.3813561,100,733.4324,55.65106,0,504,-8.45717
270516,2023-01-20 11:03:30.879496,932565669,2,39.8057338,32.3812903,100,733.5047,55.43791,0,504,-8.45717
270842,2023-01-20 11:03:31.867531,933565678,2,39.8056957,32.3812238,100,733.5193,55.25694,0,504,-8.45717
271169,2023-01-20 11:03:32.867380,934565678,2,39.8056614,32.3811576,100,733.5381,55.30152,0,504,-8.45717
271498,2023-01-20 11:03:33.867471,935565679,2,39.8056281,32.3810904,100,733.5587,55.35424,0,504,-8.45717
271869,2023-01-20 11:03:34.867359,936565683,2,39.8055931,32.3810243,100,733.5766,55.33001,0,504,-8.45717
272196,2023-01-20 11:03:35.867361,937565677,2,39.8055554,32.3809594,100,733.5903,55.22815,0,504,-8.45717
272522,2023-01-20 11:03:36.867327,938565666,2,39.8055173,32.3808936,100,733.6044,55.15345,0,504,-8.45717
272848,2023-01-20 11:03:37.867361,939565680,2,39.8054823,32.3808259,100,733.6236,55.14248,0,504,-8.45717
273174,2023-01-20 11:03:38.867340,940565670,2,39.8054483,32.3807587,100,733.6435,55.12095,0,504,-8.45717
273503,2023-01-20 11:03:39.867353,941565683,2,39.8054134,32.3806925,100,733.6615,55.17624,0,504,-8.45717
273830,2023-01-20 11:03:40.847132,942565677,2,39.8053755,32.380626,100,733.6764,55.155,0,504,-8.45717
274157,2023-01-20 11:03:41.847026,943565668,2,39.8053374,32.3805602,100,733.6905,55.0746,0,504,-8.45717
274483,2023-01-20 11:03:42.846958,944565664,2,39.8052989,32.3804937,100,733.7048,55.04836,0,504,-8.45717
274811,2023-01-20 11:03:43.846933,945565680,2,39.8052628,32.3804269,100,733.7219,54.9979,0,504,-8.45717
275138,2023-01-20 11:03:44.846941,946565686,2,39.8052262,32.3803594,100,733.7392,54.90123,0,504,-8.45717
275466,2023-01-20 11:03:45.846964,947565684,2,39.8051894,32.3802921,100,733.7561,54.87496,0,504,-8.45717
275792,2023-01-20 11:03:46.846928,948565665,2,39.8051555,32.3802257,100,733.7754,54.89045,0,504,-8.45717
276118,2023-01-20 11:03:47.846959,949565682,2,39.8051211,32.3801592,100,733.7941,54.95041,0,504,-8.45717
276444,2023-01-20 11:03:48.846951,950565672,2,39.8050843,32.3800928,100,733.7983,54.97555,0,504,-8.45717
276772,2023-01-20 11:03:49.842801,951565678,2,39.8050484,32.3800257,100,733.8083,54.98219,0,504,-8.45717
277100,2023-01-20 11:03:50.827607,952565714,2,39.8050128,32.3799585,100,733.8234,54.99737,0,504,-8.45717
277475,2023-01-20 11:03:51.827490,953565716,2,39.8049765,32.3798925,100,733.8415,54.99847,0,504,-8.45717
277802,2023-01-20 11:03:52.827408,954565715,2,39.8049396,32.3798259,100,733.8642,54.969,0,504,-8.45717
278129,2023-01-20 11:03:53.827410,955565731,2,39.8049019,32.379759,100,733.8913,54.91998,0,504,-8.45717
278458,2023-01-20 11:03:54.827353,956565672,2,39.8048658,32.3796903,100,733.8801,54.92864,0,504,-8.45717
278787,2023-01-20 11:03:55.827364,957565693,2,39.8048291,32.3796241,100,733.8552,54.94275,0,504,-8.45717
279114,2023-01-20 11:03:56.827331,958565652,2,39.8047951,32.3795582,100,733.836,54.99306,0,504,-8.45717
279440,2023-01-20 11:03:57.827356,959565688,2,39.8047588,32.3794908,100,733.8132,54.99743,0,504,-8.45717
279767,2023-01-20 11:03:58.827354,960565684,2,39.804721,32.3794233,100,733.7869,54.92381,0,504,-8.45717
280095,2023-01-20 11:03:59.827353,961565683,2,39.8046835,32.3793566,100,733.7607,54.96044,0,504,-8.45717
280423,2023-01-20 11:04:00.807532,962565663,2,39.8046461,32.3792897,100,733.7349,54.94352,0,504,-8.45717
280748,2023-01-20 11:04:01.807388,963565671,2,39.8046117,32.3792236,100,733.7151,55.02051,0,504,-8.45717
281074,2023-01-20 11:04:02.807331,964565687,2,39.8045752,32.3791569,100,733.6912,55.13163,0,504,-8.45717
281402,2023-01-20 11:04:03.807324,965565681,2,39.8045389,32.3790895,100,733.6683,55.24207,0,504,-8.45717
281730,2023-01-20 11:04:04.807287,966565651,2,39.8045027,32.3790226,100,733.6451,55.37262,0,504,-8.45717
282058,2023-01-20 11:04:05.807319,967565665,2,39.8044672,32.378955,100,733.759,55.26928,0,504,-8.45717
282384,2023-01-20 11:04:06.807261,968565676,2,39.8044336,32.3788909,100,733.9633,55.01233,0,504,-8.45717
282710,2023-01-20 11:04:07.807307,969565696,2,39.8044056,32.3788397,100,734.1303,54.75782,0,504,-8.45717
283034,2023-01-20 11:04:08.807309,970565688,2,39.8043897,32.3788102,100,734.2295,54.62869,0,504,-8.45717
283407,2023-01-20 11:04:09.788678,971565674,2,39.8043817,32.3787993,100,734.2628,54.81051,0,504,-8.45717
283731,2023-01-20 11:04:10.787465,972565692,2,39.8043814,32.378799,100,734.2634,54.91716,0,504,-8.45717
284053,2023-01-20 11:04:11.787315,973565668,2,39.8043815,32.3788004,100,734.2574,54.79592,0,504,-8.45717
284376,2023-01-20 11:04:12.787316,974565668,2,39.8043828,32.3788019,100,734.2532,54.79466,0,504,-8.45717
284700,2023-01-20 11:04:13.787401,975565741,2,39.8043836,32.3788027,100,734.2512,54.80177,0,504,-8.45717
285025,2023-01-20 11:04:14.787428,976565744,2,39.804384,32.3788031,100,734.2504,54.85091,0,504,-8.45717
285349,2023-01-20 11:04:15.787377,977565696,2,39.8043847,32.3788032,100,734.2511,54.90223,0,504,-8.45717
285672,2023-01-20 11:04:16.787351,978565699,2,39.804385,32.3788034,100,734.2508,54.61113,0,504,-8.45717
285995,2023-01-20 11:04:17.787353,979565688,2,39.8043861,32.3788027,100,734.2559,53.28898,0,504,-8.45717
286319,2023-01-20 11:04:18.767682,980565774,2,39.8043838,32.3788022,100,734.2538,51.77089,0,504,-8.45717
286644,2023-01-20 11:04:19.767654,981565740,2,39.8043841,32.378804,100,734.2463,50.31002,0,504,-8.45717
286969,2023-01-20 11:04:20.770422,982565736,2,39.8043832,32.3788046,100,734.242,48.80081,0,504,-8.45717
287293,2023-01-20 11:04:21.767412,983565724,2,39.8043844,32.378804,100,734.2468,47.29979,0,504,-8.45717
287616,2023-01-20 11:04:22.767359,984565683,2,39.8043868,32.3788043,100,734.2499,45.83828,0,504,-8.45717
287941,2023-01-20 11:04:23.767383,985565701,2,39.8043851,32.3788039,100,734.2487,44.35205,0,504,-8.45717
288267,2023-01-20 11:04:24.767357,986565682,2,39.804384,32.3788033,100,734.2493,42.86412,0,504,-8.45717
288590,2023-01-20 11:04:25.767364,987565680,2,39.8043827,32.3788025,100,734.2504,41.41158,0,504,-8.45717
288916,2023-01-20 11:04:26.767375,988565683,2,39.8043811,32.3788033,100,734.2438,40.09581,0,504,-8.45717
289240,2023-01-20 11:04:27.767364,989565688,2,39.8043832,32.3788034,100,734.2473,38.49205,0,504,-8.45717
289563,2023-01-20 11:04:28.751978,990565690,2,39.8043843,32.3788034,100,734.2495,36.82262,0,504,-8.45717
289889,2023-01-20 11:04:29.747053,991565707,2,39.804386,32.3787989,100,734.2724,35.11121,0,504,-8.45717
290213,2023-01-20 11:04:30.746987,992565685,2,39.8043839,32.3787983,100,734.2712,33.56435,0,504,-8.45717
290538,2023-01-20 11:04:31.746961,993565684,2,39.8043818,32.3788014,100,734.2536,32.02369,0,504,-8.45717
290861,2023-01-20 11:04:32.746964,994565676,2,39.8043831,32.3788035,100,734.2467,30.53593,0,504,-8.45717
291186,2023-01-20 11:04:33.746972,995565684,2,39.804385,32.3788039,100,734.2486,28.9875,0,504,-8.45717
291512,2023-01-20 11:04:34.746953,996565672,2,39.804385,32.3788054,100,734.2419,27.51625,0,504,-8.45717
291834,2023-01-20 11:04:35.746933,997565677,2,39.804384,32.3788045,100,734.2441,26.03904,0,504,-8.45717
292159,2023-01-20 11:04:36.746953,998565689,2,39.8043843,32.3788031,100,734.2509,24.65074,0,504,-8.45717
292483,2023-01-20 11:04:37.727598,999565681,2,39.8043835,32.3788013,100,734.2571,22.98788,0,504,-8.45717
292806,2023-01-20 11:04:38.727598,1000565693,2,39.8043851,32.3788019,100,734.2575,21.54983,0,504,-8.45717
293132,2023-01-20 11:04:39.727373,1001565686,2,39.804385,32.3788041,100,734.2477,20.07425,0,504,-8.45717
293457,2023-01-20 11:04:40.727346,1002565678,2,39.804385,32.3788042,100,734.2472,18.65556,0,504,-8.45717
293781,2023-01-20 11:04:41.727360,1003565689,2,39.8043836,32.3788032,100,734.249,17.20018,0,504,-8.45717
294105,2023-01-20 11:04:42.727412,1004565725,2,39.8043838,32.3788025,100,734.2526,15.73873,0,504,-8.45717
294429,2023-01-20 11:04:43.727404,1005565726,2,39.8043847,32.3788026,100,734.2538,14.27831,0,504,-8.45717
294755,2023-01-20 11:04:44.727412,1006565734,2,39.8043823,32.3788022,100,734.2509,12.71389,0,504,-8.45717
295079,2023-01-20 11:04:45.727381,1007565706,2,39.8043822,32.3788032,100,734.2464,11.13683,0,504,-8.45717
295403,2023-01-20 11:04:46.727359,1008565713,2,39.8043861,32.3788039,100,734.2505,10.32307,0,504,-8.45717
295727,2023-01-20 11:04:47.707518,1009565689,2,39.8043881,32.3788066,100,734.2424,10.00266,0,504,-8.45717
296049,2023-01-20 11:04:48.707417,1010565678,2,39.8043857,32.3788052,100,734.2441,9.622761,0,504,-8.45717
296374,2023-01-20 11:04:49.707399,1011565681,2,39.804383,32.3788038,100,734.2452,9.119646,0,504,-8.45717
296697,2023-01-20 11:04:50.707313,1012565688,2,39.8043825,32.3788025,100,734.2501,8.584022,0,504,-8.45717
297022,2023-01-20 11:04:51.707299,1013565673,2,39.8043825,32.3788037,100,734.2447,8.028492,0,504,-8.45717
297345,2023-01-20 11:04:52.707312,1014565686,2,39.8043844,32.3788035,100,734.249,7.533041,0,504,-8.45717
297669,2023-01-20 11:04:53.707286,1015565661,2,39.8043862,32.3788035,100,734.2524,7.123649,0,504,-8.45717
297994,2023-01-20 11:04:54.707303,1016565680,2,39.8043879,32.3788042,100,734.2525,6.728124,0,504,-8.45717
298317,2023-01-20 11:04:55.707340,1017565687,2,39.8043868,32.378804,100,734.2513,6.2504,0,504,-8.45717
298642,2023-01-20 11:04:56.697092,1018565676,2,39.8043857,32.3788037,100,734.2506,5.70119,0,504,-8.45717
298967,2023-01-20 11:04:57.697664,1019565684,2,39.8043845,32.3788023,100,734.2546,5.161847,0,504,-8.45717
299290,2023-01-20 11:04:58.687546,1020565687,2,39.8043833,32.3788022,100,734.2529,4.635692,0,504,-8.45717
299616,2023-01-20 11:04:59.687495,1021565691,2,39.8043823,32.3788035,100,734.2452,4.04289,0,504,-8.45717
299939,2023-01-20 11:05:00.687351,1022565692,2,39.8043848,32.3788035,100,734.2499,3.563018,0,504,-8.45717
300263,2023-01-20 11:05:01.687341,1023565678,2,39.8043869,32.3788044,100,734.2498,3.360855,0,504,-8.45717
300587,2023-01-20 11:05:02.687348,1024565629,2,39.8043877,32.3788034,100,734.2557,3.540306,0,504,-8.45717
300890,2023-01-20 11:05:03.687448,1025565519,2,39.8043884,32.3788034,100,734.257,3.601953,0,504,-8.45717
301165,2023-01-20 11:05:04.687433,1026565497,2,39.8043883,32.378803,100,734.2586,3.600895,0,504,-8.45717
301438,2023-01-20 11:05:05.687442,1027565516,2,39.8043876,32.3788036,100,734.2546,3.685214,0,504,-8.45717
301712,2023-01-20 11:05:06.675050,1028565488,2,39.8043864,32.3788041,100,734.2503,3.788178,0,504,-8.45717
301985,2023-01-20 11:05:07.667604,1029565522,2,39.8043849,32.3788042,100,734.2469,3.900343,0,504,-8.45717
302258,2023-01-20 11:05:08.667503,1030565510,2,39.8043842,32.3788051,100,734.2416,4.029114,0,504,-8.45717
302533,2023-01-20 11:05:09.667447,1031565509,2,39.8043845,32.3788069,100,734.2343,4.1686,0,504,-8.45717
302806,2023-01-20 11:05:10.667457,1032565512,2,39.8043846,32.3788077,100,734.231,4.267529,0,504,-8.45717
303080,2023-01-20 11:05:11.667483,1033565538,2,39.8043854,32.378808,100,734.231,4.358417,0,504,-8.45717
303353,2023-01-20 11:05:12.667493,1034565557,2,39.8043877,32.3788085,100,734.2332,4.457479,0,504,-8.45717
303627,2023-01-20 11:05:13.667506,1035565568,2,39.80439,32.3788087,100,734.2366,4.519078,0,504,-8.45717
303901,2023-01-20 11:05:14.667487,1036565560,2,39.8043918,32.378809,100,734.2386,4.565738,0,504,-8.45717
304174,2023-01-20 11:05:15.667440,1037565499,2,39.804393,32.3788092,100,734.2402,4.569219,0,504,-8.45717
304448,2023-01-20 11:05:16.647334,1038565519,2,39.8043928,32.3788096,100,734.2379,4.557288,0,504,-8.45717
304721,2023-01-20 11:05:17.652565,1039565490,2,39.8043945,32.3788095,100,734.2417,4.560163,0,504,-8.45717
