LineNo,UTC_Approx,TimeUS,Dp,Blk,Bytes,FMn,FMx,FAv
1996,2023-01-20 11:08:48.190355,162444672,33,1966,83565,1002,16318,7195
2510,2023-01-20 11:08:49.172454,163446572,33,395,19511,11350,15994,13428
2914,2023-01-20 11:08:50.175046,164449118,33,402,19980,12098,16350,14038
3315,2023-01-20 11:08:51.177355,165451581,33,400,19853,12220,16311,14290
3709,2023-01-20 11:08:52.179830,166454153,33,393,19341,11172,16258,13473
4032,2023-01-20 11:08:53.182652,167457017,33,322,13127,11291,15545,13363
4357,2023-01-20 11:08:54.185211,168459636,33,324,13187,11630,16147,13740
4679,2023-01-20 11:08:55.187344,169461723,33,321,13094,11233,16264,13959
5004,2023-01-20 11:08:56.189846,170464226,33,324,13165,11240,15576,13523
5328,2023-01-20 11:08:57.192372,171466752,33,323,13156,11801,16055,13875
5653,2023-01-20 11:08:58.195219,172469604,33,324,13214,11112,16302,13753
5978,2023-01-20 11:08:59.179350,173471726,33,324,13204,11152,15652,13250
6302,2023-01-20 11:09:00.179556,174474188,33,323,13180,11617,16036,13921
6628,2023-01-20 11:09:01.182180,175476678,33,325,13194,12196,16350,14223
6952,2023-01-20 11:09:02.184561,176479195,33,323,13156,11257,15482,13320
7275,2023-01-20 11:09:03.187417,177482080,33,322,13127,11567,16144,13688
7600,2023-01-20 11:09:04.189506,178484194,33,324,13204,12109,16327,14314
7923,2023-01-20 11:09:05.192071,179486725,33,322,13127,11160,15534,13456
8249,2023-01-20 11:09:06.194736,180489414,33,325,13194,11755,15946,13789
8572,2023-01-20 11:09:07.197355,181491999,33,322,13127,12031,16278,14062
8902,2023-01-20 11:09:08.200287,182494971,33,329,13410,11159,15707,13298
9250,2023-01-20 11:09:09.184668,183497384,33,347,14115,11672,16037,13931
9575,2023-01-20 11:09:10.184910,184499158,33,324,13209,12153,16325,14120
9901,2023-01-20 11:09:11.187246,185501644,33,325,13194,11199,15415,13192
10223,2023-01-20 11:09:12.189716,186504163,33,321,13094,11707,16081,13958
10547,2023-01-20 11:09:13.192570,187506966,33,323,13156,12103,16349,14231
10870,2023-01-20 11:09:14.192618,188507011,33,322,13127,11231,15608,13422
11195,2023-01-20 11:09:15.194731,189509124,33,324,13204,11696,15921,13701
11523,2023-01-20 11:09:16.197306,190511674,33,327,13300,12074,16300,14293
11848,2023-01-20 11:09:17.200137,191514505,33,324,13213,11379,16290,13764
12172,2023-01-20 11:09:18.202030,192516632,33,323,13156,11589,15988,13775
12494,2023-01-20 11:09:19.185296,193519613,33,321,13070,12073,16298,14094
12822,2023-01-20 11:09:20.187280,194521635,33,327,13315,11225,16338,13455
13150,2023-01-20 11:09:21.189801,195524177,33,327,13252,11530,15829,13745
13476,2023-01-20 11:09:22.192223,196526637,33,325,13214,11830,16200,13999
13802,2023-01-20 11:09:23.194769,197529135,33,325,13214,11174,16327,13834
14127,2023-01-20 11:09:24.197666,198532082,33,324,13181,11326,15793,13334
14457,2023-01-20 11:09:25.200150,199534521,33,329,13402,11704,16020,13951
14785,2023-01-20 11:09:26.202240,200536653,33,327,13252,12042,16323,14169
15111,2023-01-20 11:09:27.204711,201539086,33,325,13214,11045,15364,13195
15437,2023-01-20 11:09:28.207252,202541606,33,325,13214,11500,15967,13534
15761,2023-01-20 11:09:29.192312,203546624,33,323,13128,11926,16242,14146
16089,2023-01-20 11:09:30.194717,204549115,33,327,13315,12243,16339,14281
16460,2023-01-20 11:09:31.197262,205551622,33,370,14499,10193,15800,12879
16788,2023-01-20 11:09:32.200134,206554494,33,327,13300,11792,16129,14026
17114,2023-01-20 11:09:33.203454,207557812,33,325,13214,12130,16347,14215
17440,2023-01-20 11:09:34.205174,208559528,33,325,13214,11171,15508,13319
17767,2023-01-20 11:09:35.207255,209561617,33,326,13262,11626,16035,13649
18095,2023-01-20 11:09:36.209784,210564137,33,327,13252,12004,16282,14211
18419,2023-01-20 11:09:37.192501,211566680,33,323,13128,11193,16313,13618
18745,2023-01-20 11:09:38.195096,212569433,33,325,13214,11345,15661,13498
19071,2023-01-20 11:09:39.197275,213571637,33,325,13214,11800,16236,13825
19403,2023-01-20 11:09:40.200155,214574517,33,331,13492,12226,16317,14349
19731,2023-01-20 11:09:41.202322,215576677,33,327,13252,11244,16262,13652
20057,2023-01-20 11:09:42.204780,216579140,33,325,13214,11396,15712,13543
20383,2023-01-20 11:09:43.208409,217582765,33,325,13214,11851,16287,13895
20709,2023-01-20 11:09:44.209737,218584094,33,325,13214,11319,16325,14065
21036,2023-01-20 11:09:45.212276,219586626,33,326,13262,11351,15619,13558
21362,2023-01-20 11:09:46.194685,220589101,33,325,13166,11641,15940,13766
21688,2023-01-20 11:09:47.197146,221591648,33,325,13214,12058,16254,14042
22068,2023-01-20 11:09:48.200213,222594817,33,379,14835,11099,15379,13284
22418,2023-01-20 11:09:49.202739,223597341,33,349,14170,11401,15717,13453
22746,2023-01-20 11:09:50.204540,224599148,33,327,13315,11957,16191,14131
23074,2023-01-20 11:09:51.206979,225601619,33,327,13252,12181,16338,14254
23400,2023-01-20 11:09:52.209502,226604114,33,325,13214,11184,15500,13326
23726,2023-01-20 11:09:53.213155,227607786,33,325,13214,11522,15838,13589
24052,2023-01-20 11:09:54.214504,228609098,33,325,13214,12097,16285,14255
24379,2023-01-20 11:09:55.217034,229611686,33,326,13258,11171,15460,13354
24708,2023-01-20 11:09:56.200210,230614355,33,328,13306,11429,15796,13571
25034,2023-01-20 11:09:57.202331,231616714,33,325,13214,11729,16068,13819
25360,2023-01-20 11:09:58.206192,232620558,33,325,13214,11344,16347,14070
25686,2023-01-20 11:09:59.207197,233621611,33,325,13214,11345,15661,13564
26014,2023-01-20 11:10:00.209826,234624186,33,327,13315,11737,16003,13802
26341,2023-01-20 11:10:01.212271,235626636,33,326,13223,11888,16195,13959
26665,2023-01-20 11:10:02.214772,236629149,33,323,13156,11243,16293,13513
26991,2023-01-20 11:10:03.217737,237632110,33,325,13323,11357,15731,13623
27315,2023-01-20 11:10:04.219782,238634159,33,323,13156,11836,16184,13958
27640,2023-01-20 11:10:05.202542,239636686,33,324,13204,11238,16338,13826
27971,2023-01-20 11:10:06.222515,240639120,33,330,13508,11197,15806,13364
28295,2023-01-20 11:10:07.207234,241641611,33,323,13156,11511,15877,13741
28620,2023-01-20 11:10:08.212253,242646636,33,324,13185,11961,16327,14072
28945,2023-01-20 11:10:09.214735,243649112,33,324,13185,11160,16305,13530
29323,2023-01-20 11:10:10.217259,244651645,33,377,14772,11312,15604,13367
29653,2023-01-20 11:10:11.219809,245654174,33,329,13354,11632,15910,13709
29979,2023-01-20 11:10:12.223461,246657841,33,325,13224,11846,16250,13928
30305,2023-01-20 11:10:13.225156,247659531,33,325,13214,11412,16338,14102
30632,2023-01-20 11:10:14.227262,248661616,33,326,13257,11419,15692,13623
30958,2023-01-20 11:10:15.229780,249664136,33,325,13214,11768,16084,13867
31288,2023-01-20 11:10:16.212510,250666699,33,329,13343,12020,16270,14032
31614,2023-01-20 11:10:17.215138,251669460,33,325,13214,11239,16265,13504
31941,2023-01-20 11:10:18.217261,252671628,33,326,13257,11540,15834,13743
32267,2023-01-20 11:10:19.219786,253674148,33,325,13214,11889,16205,13987
32595,2023-01-20 11:10:20.222294,254676664,33,327,13310,12141,16317,14106
32924,2023-01-20 11:10:21.224785,255679151,33,328,13300,11086,15610,13177
33250,2023-01-20 11:10:22.227541,256681944,33,325,13214,11575,15891,13788
33577,2023-01-20 11:10:23.229735,257684096,33,326,13257,11924,16240,14022
33903,2023-01-20 11:10:24.232243,258686641,33,325,13214,11239,16339,13830
34229,2023-01-20 11:10:25.231626,259689104,33,325,13224,11217,15784,13336
34607,2023-01-20 11:10:26.217269,260691622,33,377,14721,11749,16033,13967
34938,2023-01-20 11:10:27.220206,261694550,33,330,13425,11878,16335,14007
35290,2023-01-20 11:10:28.222969,262697360,33,351,14290,11444,16330,14127
35617,2023-01-20 11:10:29.224757,263699109,33,326,13257,11451,15745,13563
35944,2023-01-20 11:10:30.227228,264701630,33,326,13267,11800,16063,13773
36274,2023-01-20 11:10:31.229729,265704100,33,329,13343,12187,16297,14300
36600,2023-01-20 11:10:32.232582,266706945,33,325,13214,11185,16331,13703
36927,2023-01-20 11:10:33.234719,267709084,33,326,13257,11486,15802,13611
37253,2023-01-20 11:10:34.233899,268711641,33,325,13214,11835,16151,13846
37580,2023-01-20 11:10:35.219631,269714149,33,326,13257,11118,16336,14012
37909,2023-01-20 11:10:36.222070,270716677,33,328,13300,11273,15609,13472
38235,2023-01-20 11:10:37.225011,271719643,33,325,13214,11574,15890,13701
38561,2023-01-20 11:10:38.226990,272721624,33,325,13224,11966,16239,13948
38888,2023-01-20 11:10:39.229497,273724135,33,326,13247,11097,16271,13392
39216,2023-01-20 11:10:40.232011,274726647,33,327,13310,11427,15763,13640
39547,2023-01-20 11:10:41.232425,275727041,33,330,13370,11728,15909,13766
39873,2023-01-20 11:10:42.234769,276729376,33,325,13224,11964,16302,13970
40248,2023-01-20 11:10:43.237495,277732115,33,374,14635,11062,16281,13742
40576,2023-01-20 11:10:44.220016,278734204,33,327,13311,11327,15689,13463
40902,2023-01-20 11:10:45.238286,279736684,33,325,13214,11676,16057,13736
41232,2023-01-20 11:10:46.224769,280739130,33,329,13343,12222,16322,14337
41558,2023-01-20 11:10:47.227586,281741953,33,325,13214,11200,16260,13655
41885,2023-01-20 11:10:48.232593,282746954,33,326,13257,11501,15820,13588
42211,2023-01-20 11:10:49.235051,283749410,33,325,13214,11764,16203,13849
42538,2023-01-20 11:10:50.237300,284751656,33,326,13267,11179,16298,14017
42868,2023-01-20 11:10:51.239766,285754164,33,329,13343,11288,15539,13443
43194,2023-01-20 11:10:52.242697,286757054,33,325,13214,11569,15888,13656
43521,2023-01-20 11:10:53.245155,287759548,33,326,13257,11875,16271,13937
43847,2023-01-20 11:10:54.227384,288761630,33,325,13214,11267,16313,14052
44174,2023-01-20 11:10:55.229806,289764164,33,326,13257,11419,15692,13572
44503,2023-01-20 11:10:56.232289,290766673,33,328,13300,11739,16024,13803
44830,2023-01-20 11:10:57.235092,291769515,33,326,13257,11963,16247,14000
45155,2023-01-20 11:10:58.237279,292771657,33,324,13181,11147,16127,13403
45483,2023-01-20 11:10:59.239788,293774200,33,327,13311,11507,15780,13678
45859,2023-01-20 11:11:00.242307,294776686,33,375,14688,11808,16061,13807
46189,2023-01-20 11:11:01.244725,295779102,33,329,13343,12168,16316,14294
46515,2023-01-20 11:11:02.247535,296781960,33,325,13214,11179,16279,13646
46842,2023-01-20 11:11:03.233241,297784127,33,326,13257,11480,15817,13562
47168,2023-01-20 11:11:04.232358,298786655,33,325,13214,11743,16179,13848
47494,2023-01-20 11:11:05.234798,299789177,33,325,13214,11178,16313,14010
47823,2023-01-20 11:11:06.237255,300791637,33,328,13295,11287,15565,13451
48153,2023-01-20 11:11:07.240178,301794556,33,329,13376,11568,15884,13646
48504,2023-01-20 11:11:08.242963,302797344,33,350,14213,11874,16267,14073
48830,2023-01-20 11:11:09.244729,303799107,33,325,13214,11266,16332,13970
49158,2023-01-20 11:11:10.247286,304801675,33,327,13310,11388,15638,13451
49486,2023-01-20 11:11:11.249764,305804140,33,327,13252,11685,15967,13669
49816,2023-01-20 11:11:12.232807,306806967,33,329,13375,12025,16232,14195
50142,2023-01-20 11:11:13.234852,307809111,33,325,13214,11264,16290,13954
50468,2023-01-20 11:11:14.237279,308811619,33,325,13224,11416,15689,13498
50795,2023-01-20 11:11:15.239810,309814198,33,326,13268,11740,16121,13755
51173,2023-01-20 11:11:16.242274,310816659,33,377,14716,12194,16324,14323
51500,2023-01-20 11:11:17.245254,311819644,33,326,13262,11316,16328,13856
51826,2023-01-20 11:11:18.247268,312821655,33,325,13214,11409,15790,13425
52153,2023-01-20 11:11:19.249718,313824108,33,326,13257,11858,16108,14041
52480,2023-01-20 11:11:20.252248,314826651,33,326,13267,11054,16273,13861
52809,2023-01-20 11:11:21.254779,315829143,33,328,13295,11191,16332,13589
53136,2023-01-20 11:11:22.237546,316832096,33,326,13262,11478,15825,13471
53463,2023-01-20 11:11:23.239553,317834183,33,326,13257,11936,16143,14088
53789,2023-01-20 11:11:24.242122,318836660,33,325,13214,11142,16307,13917
54116,2023-01-20 11:11:25.244461,319839101,33,326,13257,11294,15567,13372
54444,2023-01-20 11:11:26.246940,320841607,33,327,13252,11614,16038,13640
54772,2023-01-20 11:11:27.252001,321846634,33,327,13305,12105,16285,14240
55098,2023-01-20 11:11:28.254502,322849160,33,325,13214,11143,16329,13620
55425,2023-01-20 11:11:29.256958,323851598,33,326,13257,11415,15688,13491
55753,2023-01-20 11:11:30.259530,324854159,33,327,13321,11720,16090,13743
56082,2023-01-20 11:11:31.242850,325857030,33,328,13295,12178,16314,14312
56409,2023-01-20 11:11:32.245164,326859526,33,326,13262,11138,15340,13309
56783,2023-01-20 11:11:33.247259,327861624,33,373,14602,11252,15848,13358
57110,2023-01-20 11:11:34.249745,328864145,33,326,13257,11804,16054,14011
57436,2023-01-20 11:11:35.252287,329866658,33,325,13214,11053,16295,13866
57765,2023-01-20 11:11:36.255099,330869464,33,328,13295,11190,15529,13296
58092,2023-01-20 11:11:37.257262,331871644,33,326,13262,11491,15936,13559
58419,2023-01-20 11:11:38.259794,332874173,33,326,13257,11935,16196,14132
58745,2023-01-20 11:11:39.262327,333876721,33,325,13214,11174,16306,13910
59073,2023-01-20 11:11:40.258940,334879119,33,327,13310,11339,15635,13414
59401,2023-01-20 11:11:41.247713,335881972,33,327,13252,11597,16049,13666
59728,2023-01-20 11:11:42.255283,336884129,33,326,13276,12051,16296,14254
60054,2023-01-20 11:11:43.252239,337886631,33,325,13226,11226,16329,13954
60381,2023-01-20 11:11:44.254765,338889147,33,326,13352,11277,15642,13423
60705,2023-01-20 11:11:45.257210,339891613,33,323,13156,11607,16155,13720
61035,2023-01-20 11:11:46.260202,340894571,33,329,13362,12157,16313,14320
61387,2023-01-20 11:11:47.262974,341897359,33,351,14356,11218,15478,13401
61712,2023-01-20 11:11:48.264732,342899109,33,324,13199,11478,15809,13468
62037,2023-01-20 11:11:49.267261,343901633,33,324,13185,11894,16293,14161
62361,2023-01-20 11:11:50.263470,344904118,33,323,13176,11330,16313,13980
62690,2023-01-20 11:11:51.252757,345906948,33,328,13295,11374,15573,13461
63016,2023-01-20 11:11:52.254753,346909130,33,325,13233,11719,16084,13720
63341,2023-01-20 11:11:53.257279,347911662,33,324,13185,12121,16324,14301
63668,2023-01-20 11:11:54.259776,348914157,33,326,13352,11220,15619,13481
63992,2023-01-20 11:11:55.262268,349916656,33,323,13156,11454,15762,13599
64318,2023-01-20 11:11:56.265246,350919615,33,325,13194,11929,16294,13939
64644,2023-01-20 11:11:57.267264,351921653,33,325,13247,11300,16272,13756
64973,2023-01-20 11:11:58.269767,352924131,33,328,13470,11387,15612,13560
65297,2023-01-20 11:11:59.265751,353926625,33,323,13156,11536,15836,13669
65669,2023-01-20 11:12:00.254816,354929143,33,371,14572,11843,16325,14031
65997,2023-01-20 11:12:01.257810,355932156,33,327,13266,11228,16291,13672
66324,2023-01-20 11:12:02.259857,356934202,33,326,13283,11403,15653,13513
66651,2023-01-20 11:12:03.262391,357936757,33,326,13257,11781,16205,13813
66977,2023-01-20 11:12:04.264766,358939120,33,325,13214,12159,16322,14329
67303,2023-01-20 11:12:05.267264,359941626,33,325,13214,11200,15570,13445
67632,2023-01-20 11:12:06.272277,360946646,33,328,13295,11572,15741,13637
67958,2023-01-20 11:12:07.274793,361949151,33,325,13214,11917,16341,13942
68286,2023-01-20 11:12:08.277244,362951616,33,327,13305,11224,16303,14039
68612,2023-01-20 11:12:09.279800,363954151,33,325,13214,11288,15658,13533
68940,2023-01-20 11:12:10.262480,364957003,33,327,13310,11607,15823,13705
69268,2023-01-20 11:12:11.264955,365959532,33,327,13252,11985,16353,14006
69595,2023-01-20 11:12:12.267023,366961634,33,326,13257,11277,16281,13771
69924,2023-01-20 11:12:13.269544,367964137,33,328,13332,11286,15656,13543
70251,2023-01-20 11:12:14.272432,368967042,33,326,13257,11658,15908,13765
70577,2023-01-20 11:12:15.275130,369969729,33,325,13214,12041,16344,14013
70906,2023-01-20 11:12:16.277047,370971643,33,328,13295,11338,16299,13819
71282,2023-01-20 11:12:17.279593,371974192,33,375,14689,11422,15618,13646
71609,2023-01-20 11:12:18.282128,372976725,33,326,13262,11710,16134,13766
71935,2023-01-20 11:12:19.264909,373979115,33,325,13224,12088,16331,14294
72262,2023-01-20 11:12:20.267646,374981938,33,326,13267,11316,16322,13717
72591,2023-01-20 11:12:21.269869,375984135,33,328,13295,11534,15706,13557
72917,2023-01-20 11:12:22.272285,376986645,33,325,13214,11813,16332,13912
73245,2023-01-20 11:12:23.274812,377989171,33,327,13305,11219,16319,14036
73571,2023-01-20 11:12:24.277275,378991636,33,325,13214,11197,15567,13465
73901,2023-01-20 11:12:25.280180,379994538,33,329,13371,11655,15865,13706
74253,2023-01-20 11:12:26.282966,380997347,33,351,14208,11972,16284,14113
74580,2023-01-20 11:12:27.284746,381999110,33,326,13257,11249,16344,13694
74907,2023-01-20 11:12:28.267532,383001679,33,326,13262,11333,15655,13492
75234,2023-01-20 11:12:29.281599,384004105,33,326,13257,11743,15996,13733
75561,2023-01-20 11:12:30.272522,385006918,33,326,13267,12073,16324,14303
75890,2023-01-20 11:12:31.274792,386009158,33,328,13295,11284,16329,13729
76216,2023-01-20 11:12:32.277232,387011627,33,325,13214,11368,15738,13558
76544,2023-01-20 11:12:33.279824,388014187,33,327,13316,11826,16213,13807
76920,2023-01-20 11:12:34.282275,389016677,33,375,14678,11897,16319,14223
77246,2023-01-20 11:12:35.285227,390019593,33,325,13214,11108,15499,13294
77574,2023-01-20 11:12:36.287289,391021662,33,327,13262,11566,15920,13516
77900,2023-01-20 11:12:37.289727,392024126,33,325,13214,11911,16335,14182
78228,2023-01-20 11:12:38.272426,393026648,33,327,13305,11218,16312,13949
78554,2023-01-20 11:12:39.274848,394029132,33,325,13214,11196,15566,13382
78882,2023-01-20 11:12:40.277738,395032102,33,327,13310,11601,16047,13597
79210,2023-01-20 11:12:41.279795,396034177,33,327,13252,11946,16316,14205
79537,2023-01-20 11:12:42.282311,397036678,33,326,13257,11301,16323,13987
79864,2023-01-20 11:12:43.284720,398039103,33,326,13262,11279,15601,13448
80193,2023-01-20 11:12:44.287254,399041618,33,328,13327,11619,16034,13624
80519,2023-01-20 11:12:45.292216,400046598,33,325,13214,12002,16321,14246
80847,2023-01-20 11:12:46.294755,401049123,33,327,13252,11246,16350,13710
81174,2023-01-20 11:12:47.297264,402051619,33,326,13257,11330,15700,13516
81502,2023-01-20 11:12:48.279870,403054181,33,327,13316,11788,16198,13814
81829,2023-01-20 11:12:49.282621,404056961,33,326,13257,12123,16340,14305
82205,2023-01-20 11:12:50.285167,405059526,33,375,14688,11319,16291,13737
82534,2023-01-20 11:12:51.287243,406061619,33,328,13295,11442,15819,13419
82860,2023-01-20 11:12:52.289827,407064185,33,325,13214,11787,16211,14051
83188,2023-01-20 11:12:53.292281,408066648,33,327,13305,12122,16328,14221
83513,2023-01-20 11:12:54.295061,409069424,33,324,13181,11312,16318,13620
83840,2023-01-20 11:12:55.297260,410071630,33,326,13257,11530,15945,13550
84168,2023-01-20 11:12:56.299809,411074151,33,327,13252,11875,16299,14143
84495,2023-01-20 11:12:57.282224,412076697,33,326,13257,11230,16290,13925
84822,2023-01-20 11:12:58.284626,413079121,33,326,13262,11208,15632,13409
85149,2023-01-20 11:12:59.287355,414081957,33,326,13257,11651,16109,13694
85476,2023-01-20 11:13:00.289521,415084118,33,326,13267,11981,16318,14226
85804,2023-01-20 11:13:01.291984,416086629,33,327,13252,11192,16325,13663
86131,2023-01-20 11:13:02.294544,417089146,33,326,13257,11276,15646,13458
86457,2023-01-20 11:13:03.296980,418091617,33,325,13214,11734,16192,13770
86791,2023-01-20 11:13:04.300097,419094684,33,333,13527,12112,16319,14317
87141,2023-01-20 11:13:05.302740,420097363,33,349,14170,11318,16330,13694
87470,2023-01-20 11:13:06.304524,421099119,33,328,13295,11445,15734,13481
87845,2023-01-20 11:13:07.287445,422101627,33,374,14635,11996,16210,14149
88172,2023-01-20 11:13:08.289871,423104115,33,326,13257,11141,16287,13796
88499,2023-01-20 11:13:09.292566,424106934,33,326,13282,11157,15581,13236
88826,2023-01-20 11:13:10.294783,425109149,33,326,13257,11683,16013,13880
89154,2023-01-20 11:13:11.297248,426111607,33,327,13252,11892,16278,14080
89481,2023-01-20 11:13:12.299761,427114144,33,326,13257,11209,16320,13853
89807,2023-01-20 11:13:13.302299,428116656,33,325,13214,11273,15646,13335
90137,2023-01-20 11:13:14.305197,429119580,33,329,13375,11771,16144,13991
90463,2023-01-20 11:13:15.307298,430121663,33,325,13214,11910,16334,14116
90791,2023-01-20 11:13:16.299896,431124117,33,327,13252,11270,16333,13863
91118,2023-01-20 11:13:17.292366,432126638,33,326,13257,11334,15661,13361
91444,2023-01-20 11:13:18.294744,433129143,33,325,13214,11837,16207,14042
91773,2023-01-20 11:13:19.297724,434132084,33,328,13358,12089,16314,14192
92100,2023-01-20 11:13:20.299778,435134177,33,326,13268,11280,16293,13578
92429,2023-01-20 11:13:21.302303,436136680,33,328,13295,11407,15860,13475
92755,2023-01-20 11:13:22.304713,437139106,33,325,13214,11905,16275,14106
93082,2023-01-20 11:13:23.307293,438141667,33,326,13257,11231,16320,13901
93458,2023-01-20 11:13:24.312231,439146613,33,375,14683,10858,15567,13034
93785,2023-01-20 11:13:25.314745,440149114,33,326,13257,11612,15939,13801
94112,2023-01-20 11:13:26.317255,441151651,33,326,13219,11821,16207,14002
94439,2023-01-20 11:13:27.299945,442154153,33,326,13257,11181,16313,13815
94765,2023-01-20 11:13:28.302593,443156963,33,325,13214,11202,15703,13284
95094,2023-01-20 11:13:29.302658,444157030,33,328,13358,11734,16070,13926
95420,2023-01-20 11:13:30.305166,445159541,33,325,13214,11856,16280,14057
95748,2023-01-20 11:13:31.307287,446161671,33,327,13252,11216,16319,13856
96075,2023-01-20 11:13:32.309745,447164140,33,326,13257,11280,15761,13339
96400,2023-01-20 11:13:33.312269,448166645,33,324,13185,11816,16236,14025
96727,2023-01-20 11:13:34.315025,449169419,33,326,13276,12097,16318,14183
97054,2023-01-20 11:13:35.317270,450171647,33,326,13352,11266,16285,13583
97381,2023-01-20 11:13:36.299966,451174166,33,326,13248,11359,15849,13455
97705,2023-01-20 11:13:37.302469,452176750,33,323,13156,11954,16320,14143
98029,2023-01-20 11:13:38.304750,453179128,33,323,13156,11087,16306,13635
98358,2023-01-20 11:13:39.307569,454181927,33,328,13453,11363,15518,13404
98682,2023-01-20 11:13:40.309727,455184115,33,323,13156,11516,16044,13641
99010,2023-01-20 11:13:41.312295,456186671,33,327,13266,12082,16225,14222
99334,2023-01-20 11:13:42.314725,457189112,33,323,13156,11172,16264,13681
99659,2023-01-20 11:13:43.317244,458191650,33,324,13185,11419,15872,13634
99987,2023-01-20 11:13:44.320167,459194540,33,327,13328,11869,16306,13979
100342,2023-01-20 11:13:45.311782,460197366,33,354,14498,11267,16319,13807
100668,2023-01-20 11:13:46.304626,461199114,33,325,13194,11210,15638,13352
100992,2023-01-20 11:13:47.307062,462201606,33,323,13156,11520,15969,13658
101316,2023-01-20 11:13:48.309489,463204118,33,323,13156,11131,16311,13961
101647,2023-01-20 11:13:49.312557,464207211,33,330,13571,11169,16267,13645
101972,2023-01-20 11:13:50.314695,465209324,33,324,13185,11287,15686,13421
102343,2023-01-20 11:13:51.317035,466211687,33,370,14499,11597,16133,13774
102671,2023-01-20 11:13:52.319572,467214189,33,327,13311,11089,16285,13870
102997,2023-01-20 11:13:53.322058,468216692,33,325,13214,11241,16333,13660
103326,2023-01-20 11:13:54.325092,469219716,33,328,13334,11459,15907,13577
103652,2023-01-20 11:13:55.307424,470221616,33,325,13214,11943,16259,14167
103980,2023-01-20 11:13:56.309951,471224116,33,327,13252,11306,16319,13963
104307,2023-01-20 11:13:57.312285,472226653,33,326,13257,11295,15665,13432
104633,2023-01-20 11:13:58.314764,473229137,33,325,13214,11666,16130,13776
104962,2023-01-20 11:13:59.317777,474232145,33,328,13358,12241,16328,14342
105287,2023-01-20 11:14:00.319775,475234145,33,324,13181,11226,16318,13679
105616,2023-01-20 11:14:01.322322,476236693,33,328,13295,11444,15733,13533
105942,2023-01-20 11:14:02.324757,477239130,33,325,13214,11701,16159,13800
106269,2023-01-20 11:14:03.327567,478241948,33,326,13257,12213,16336,14354
106595,2023-01-20 11:14:04.332605,479246976,33,325,13214,11274,15593,13465
106923,2023-01-20 11:14:05.327854,480249369,33,327,13305,11532,15859,13654
107251,2023-01-20 11:14:06.317281,481251651,33,327,13252,11827,16247,13899
107579,2023-01-20 11:14:07.319786,482254184,33,327,13311,11191,16291,13703
107954,2023-01-20 11:14:08.322630,483257006,33,374,14635,11359,15609,13552
108281,2023-01-20 11:14:09.325155,484259552,33,326,13267,11577,15982,13688
108609,2023-01-20 11:14:10.327303,485261668,33,327,13305,12008,16345,14204
108937,2023-01-20 11:14:11.329765,486264156,33,327,13252,11285,16323,13962
109264,2023-01-20 11:14:12.332301,487266678,33,326,13257,11317,15644,13418
109590,2023-01-20 11:14:13.335100,488269476,33,325,13214,11612,16070,13731
109917,2023-01-20 11:14:14.337263,489271658,33,326,13257,12187,16341,14309
110244,2023-01-20 11:14:15.319956,490274206,33,326,13262,11137,15453,13328
110575,2023-01-20 11:14:16.322325,491276691,33,330,13365,11443,15732,13535
110901,2023-01-20 11:14:17.324760,492279123,33,325,13214,11630,16088,13748
111227,2023-01-20 11:14:18.327574,493281959,33,325,13224,12205,16305,14313
111554,2023-01-20 11:14:19.329735,494284098,33,326,13267,11203,15466,13377
111882,2023-01-20 11:14:20.332306,495286693,33,327,13305,11456,15832,13573
112210,2023-01-20 11:14:21.334756,496289119,33,327,13252,11736,16156,13828
112537,2023-01-20 11:14:22.337268,497291629,33,326,13257,11130,16336,14008
112867,2023-01-20 11:14:23.327647,498294604,33,329,13382,11271,15608,13462
113266,2023-01-20 11:14:24.323175,499297353,33,398,15591,11577,15947,13672
113594,2023-01-20 11:14:25.324851,500299140,33,327,13305,11985,16253,14060
113922,2023-01-20 11:14:26.327337,501301652,33,327,13252,11214,16334,13845
114249,2023-01-20 11:14:27.329758,502304122,33,326,13257,11246,15573,13263
114575,2023-01-20 11:14:28.332638,503307002,33,325,13214,11749,15999,13932
114903,2023-01-20 11:14:29.334753,504309117,33,327,13310,12116,16285,14162
115230,2023-01-20 11:14:30.337245,505311613,33,326,13262,11287,16315,13876
115559,2023-01-20 11:14:31.339797,506314166,33,328,13295,11319,15705,13338
115885,2023-01-20 11:14:32.342338,507316693,33,325,13214,11817,16067,13998
116212,2023-01-20 11:14:33.339230,508319666,33,326,13257,12184,16319,14234
116537,2023-01-20 11:14:34.327130,509321602,33,324,13181,11182,15519,13285
116865,2023-01-20 11:14:35.329570,510324116,33,327,13305,11488,15810,13509
117193,2023-01-20 11:14:36.332047,511326653,33,327,13252,11905,16155,14093
117520,2023-01-20 11:14:37.334499,512329134,33,326,13257,11129,16315,13921
117846,2023-01-20 11:14:38.337503,513332145,33,325,13214,11270,15586,13374
118174,2023-01-20 11:14:39.339503,514334144,33,327,13321,11576,15990,13635
118502,2023-01-20 11:14:40.342046,515336674,33,327,13305,12026,16228,14197
118879,2023-01-20 11:14:41.344479,516339119,33,376,14673,11160,16350,13919
119206,2023-01-20 11:14:42.347007,517341619,33,326,13257,11192,15616,13230
119532,2023-01-20 11:14:43.338503,518346638,33,325,13214,11695,15945,13874
119859,2023-01-20 11:14:44.334910,519349115,33,326,13257,12062,16281,14149
120186,2023-01-20 11:14:45.337272,520351632,33,326,13262,11267,16313,13570
120515,2023-01-20 11:14:46.339780,521354156,33,328,13295,11433,15729,13439
120843,2023-01-20 11:14:47.342619,522356978,33,327,13284,11902,16082,14027
121170,2023-01-20 11:14:48.345183,523359542,33,326,13257,12113,16332,14199
121497,2023-01-20 11:14:49.347288,524361679,33,326,13267,11285,16291,13571
121825,2023-01-20 11:14:50.349780,525364141,33,327,13305,11430,15823,13471
122152,2023-01-20 11:14:51.352264,526366662,33,326,13219,11867,16117,14010
122479,2023-01-20 11:14:52.341165,527369469,33,326,13257,12148,16337,14199
122805,2023-01-20 11:14:53.343127,528371655,33,325,13214,11320,16326,13627
123132,2023-01-20 11:14:54.339991,529374219,33,326,13268,11538,15908,13582
123460,2023-01-20 11:14:55.342279,530376673,33,327,13305,12041,16320,14199
123788,2023-01-20 11:14:56.344732,531379110,33,327,13252,11212,16348,13948
124115,2023-01-20 11:14:57.347543,532381950,33,326,13257,11310,15604,13404
124490,2023-01-20 11:14:58.349736,533384096,33,374,14635,11659,15993,13785
124818,2023-01-20 11:14:59.352237,534386612,33,327,13310,12024,16244,14100
125144,2023-01-20 11:15:00.349719,535389117,33,325,13214,11243,16311,13848
125474,2023-01-20 11:15:01.357244,536391625,33,329,13343,11309,15602,13321
125803,2023-01-20 11:15:02.360140,537394555,33,328,13328,11778,16028,13922
126154,2023-01-20 11:15:03.343126,538397319,33,350,14213,12059,16299,14056
126480,2023-01-20 11:15:04.344732,539399098,33,325,13214,11231,16277,13468
126807,2023-01-20 11:15:05.347276,540401604,33,326,13257,11483,15819,13758
127136,2023-01-20 11:15:06.349745,541404112,33,328,13300,11866,16116,13929
127463,2023-01-20 11:15:07.352613,542406985,33,326,13257,12147,16312,14098
127789,2023-01-20 11:15:08.354763,543409122,33,325,13214,11145,15461,13190
128115,2023-01-20 11:15:09.357279,544411645,33,325,13234,11604,15961,13872
128443,2023-01-20 11:15:10.359804,545414169,33,327,13311,12020,16270,14084
128772,2023-01-20 11:15:11.362287,546416658,33,328,13300,11158,16310,13811
129099,2023-01-20 11:15:12.345530,547419673,33,326,13257,11256,15680,13279
129425,2023-01-20 11:15:13.347313,548421627,33,325,13214,11639,15975,13921
129801,2023-01-20 11:15:14.349726,549424102,33,375,14678,10787,16193,13565
130127,2023-01-20 11:15:15.352252,550426643,33,325,13214,11242,16328,13778
130457,2023-01-20 11:15:16.354732,551429117,33,329,13343,11308,15601,13579
130783,2023-01-20 11:15:17.357735,552432119,33,325,13214,11777,16027,13835
131112,2023-01-20 11:15:18.359723,553434138,33,328,13327,12058,16304,14060
131439,2023-01-20 11:15:19.362325,554436699,33,326,13267,11207,16326,13783
131766,2023-01-20 11:15:20.364751,555439175,33,326,13257,11359,15695,13639
132095,2023-01-20 11:15:21.367246,556441636,33,328,13300,11809,16025,13846
132421,2023-01-20 11:15:22.352460,557446949,33,325,13214,12056,16285,14069
132748,2023-01-20 11:15:23.354918,558449448,33,326,13257,11228,16309,13505
133071,2023-01-20 11:15:24.356926,559451625,33,322,13119,11480,15845,13757
133396,2023-01-20 11:15:25.359564,560454210,33,324,13210,11975,16308,14113
133727,2023-01-20 11:15:26.362340,561457002,33,330,13481,12100,16326,14120
134051,2023-01-20 11:15:27.362370,562457020,33,323,13156,11167,15715,13266
134375,2023-01-20 11:15:28.364948,563459566,33,323,13156,11713,16079,13995
134703,2023-01-20 11:15:29.367036,564461644,33,327,13405,12217,16346,14239
135027,2023-01-20 11:15:30.349965,565464150,33,323,13156,11196,16299,13563
135354,2023-01-20 11:15:31.356735,566466667,33,326,13242,11529,15905,13557
135680,2023-01-20 11:15:32.355104,567469467,33,325,13228,11927,16232,14175
136004,2023-01-20 11:15:33.357291,568471662,33,323,13156,11286,16323,13966
136329,2023-01-20 11:15:34.359777,569474153,33,324,13185,11438,15717,13539
136654,2023-01-20 11:15:35.362310,570476682,33,324,13199,11834,16253,13891
136984,2023-01-20 11:15:36.364766,571479127,33,329,13438,10911,16282,13945
137308,2023-01-20 11:15:37.367574,572481929,33,323,13156,11121,15469,13368
137632,2023-01-20 11:15:38.369804,573484169,33,323,13156,11605,15830,13684
137956,2023-01-20 11:15:39.372265,574486615,33,323,13176,12001,16333,14021
138285,2023-01-20 11:15:40.354930,575489108,33,328,13470,12247,16312,14391
138612,2023-01-20 11:15:41.357339,576491635,33,326,13242,11241,15559,13478
138986,2023-01-20 11:15:42.360167,577494531,33,373,14658,11648,16102,13761
139337,2023-01-20 11:15:43.363002,578497365,33,350,14213,12124,16341,14282
139663,2023-01-20 11:15:44.364711,579499092,33,325,13214,11122,15441,13285
139990,2023-01-20 11:15:45.367242,580501610,33,326,13257,11548,15755,13530
140319,2023-01-20 11:15:46.369727,581504105,33,328,13300,11922,16190,14154
140646,2023-01-20 11:15:47.372507,582506875,33,326,13257,12212,16335,14273
140972,2023-01-20 11:15:48.374750,583509112,33,325,13214,11210,15529,13373
141302,2023-01-20 11:15:49.377192,584511611,33,329,13380,11636,15801,13577
141628,2023-01-20 11:15:50.379778,585514162,33,325,13214,11925,16241,14162
141957,2023-01-20 11:15:51.362483,586516659,33,328,13300,11114,16267,13559
142284,2023-01-20 11:15:52.365252,587519598,33,326,13257,11175,15491,13338
142610,2023-01-20 11:15:53.367218,588521614,33,325,13214,11634,16097,13644
142936,2023-01-20 11:15:54.369778,589524134,33,325,13224,12046,16329,14270
143262,2023-01-20 11:15:55.372231,590526627,33,325,13214,11273,16253,13676
143592,2023-01-20 11:15:56.374812,591529175,33,329,13343,11387,15660,13518
143918,2023-01-20 11:15:57.377732,592532092,33,325,13214,11722,16218,13734
144246,2023-01-20 11:15:58.379804,593534168,33,327,13311,12177,16329,14342
144622,2023-01-20 11:15:59.382311,594536676,33,375,14688,11259,16301,13673
144949,2023-01-20 11:16:00.364857,595539087,33,326,13257,11424,15877,13439
145277,2023-01-20 11:16:01.367285,596541641,33,327,13252,11798,16114,14037
145606,2023-01-20 11:16:02.372306,597546642,33,328,13334,12088,16284,14182
145932,2023-01-20 11:16:03.374760,598549121,33,325,13214,11086,15402,13241
146258,2023-01-20 11:16:04.377307,599551668,33,325,13214,11512,16031,13576
146584,2023-01-20 11:16:05.379786,600554146,33,325,13224,11957,16273,14188
146912,2023-01-20 11:16:06.382619,601556978,33,327,13252,11146,16299,13597
147240,2023-01-20 11:16:07.385168,602559528,33,327,13305,11207,15523,13367
147566,2023-01-20 11:16:08.387254,603561614,33,325,13214,11633,16098,13664
147894,2023-01-20 11:16:09.369645,604564120,33,327,13310,12088,16308,14264
148220,2023-01-20 11:16:10.372079,605566642,33,325,13214,11219,16318,13653
148549,2023-01-20 11:16:11.374830,606569432,33,328,13295,11333,15660,13491
148876,2023-01-20 11:16:12.377086,607571700,33,326,13262,11749,16187,13754
149204,2023-01-20 11:16:13.379579,608574182,33,327,13311,12156,16302,14312
149530,2023-01-20 11:16:14.382058,609576667,33,325,13214,11154,15470,13378
149906,2023-01-20 11:16:15.384575,610579177,33,375,14678,11492,15826,13505
150234,2023-01-20 11:16:16.387268,611581878,33,327,13252,11830,16146,14060
150561,2023-01-20 11:16:17.389552,612584148,33,326,13272,12168,16349,14248
150887,2023-01-20 11:16:18.372486,613586617,33,325,13214,11118,15434,13271
151214,2023-01-20 11:16:19.377095,614589104,33,326,13267,11630,16010,13634
151543,2023-01-20 11:16:20.377260,615591620,33,328,13327,12022,16271,14178
151874,2023-01-20 11:16:21.380162,616594520,33,330,13366,11229,16329,13935
152226,2023-01-20 11:16:22.383009,617597365,33,351,14261,11207,15455,13231
152552,2023-01-20 11:16:23.384742,618599105,33,325,13214,11662,16032,13897
152879,2023-01-20 11:16:24.387281,619601681,33,326,13257,12083,16237,14133
153205,2023-01-20 11:16:25.389749,620604104,33,325,13214,11181,16301,13562
153534,2023-01-20 11:16:26.392616,621607017,33,328,13295,11333,15634,13394
153861,2023-01-20 11:16:27.394829,622609189,33,326,13262,11798,16120,14007
154188,2023-01-20 11:16:28.396945,623611608,33,326,13257,12171,16313,14234
154516,2023-01-20 11:16:29.380213,624614404,33,327,13321,11216,16335,13600
154843,2023-01-20 11:16:30.382393,625616811,33,326,13257,11368,15966,13506
155170,2023-01-20 11:16:31.385324,626619694,33,326,13219,11866,16236,14098
155547,2023-01-20 11:16:32.387269,627621684,33,376,14726,12216,16329,14194
155873,2023-01-20 11:16:33.389788,628624168,33,325,13214,11301,16327,13528
156199,2023-01-20 11:16:34.392339,629626713,33,325,13214,11573,15943,13804
156526,2023-01-20 11:16:35.394859,630629223,33,326,13257,11951,16267,14064
156854,2023-01-20 11:16:36.397702,631632083,33,327,13252,11228,16328,13852
157184,2023-01-20 11:16:37.400121,632634511,33,329,13391,11206,15756,13290
157508,2023-01-20 11:16:38.382549,633636736,33,323,13128,11661,16031,13881
157836,2023-01-20 11:16:39.384794,634639159,33,327,13310,12082,16302,14130
158162,2023-01-20 11:16:40.387279,635641634,33,325,13214,11160,16334,13547
158491,2023-01-20 11:16:41.392378,636646619,33,328,13295,11312,15841,13404
158818,2023-01-20 11:16:42.394756,637649116,33,326,13262,11777,16099,13993
159145,2023-01-20 11:16:43.397263,638651622,33,326,13257,12150,16292,14181
159474,2023-01-20 11:16:44.400151,639654508,33,328,13354,11248,16314,13601
159800,2023-01-20 11:16:45.403476,640657838,33,325,13224,11400,15967,13548
160128,2023-01-20 11:16:46.405238,641659589,33,327,13252,11865,16235,14093
160456,2023-01-20 11:16:47.407291,642661619,33,327,13305,11161,16328,13907
160780,2023-01-20 11:16:48.390932,643664139,33,323,13128,11236,15552,13341
161156,2023-01-20 11:16:49.392301,644666661,33,375,14688,11488,15889,13628
161483,2023-01-20 11:16:50.395069,645669430,33,326,13257,11897,16213,14006
161813,2023-01-20 11:16:51.397315,646671686,33,329,13322,12149,16303,14124
162143,2023-01-20 11:16:52.400130,647674487,33,329,13391,11115,15634,13233
162469,2023-01-20 11:16:53.402321,648676682,33,325,13214,11570,15940,13790
162796,2023-01-20 11:16:54.404743,649679101,33,326,13257,11991,16264,14062
163122,2023-01-20 11:16:55.408358,650682768,33,325,13214,11263,16323,13845
163451,2023-01-20 11:16:56.409184,651684437,33,328,13295,11241,15770,13360
163775,2023-01-20 11:16:57.393227,652686977,33,323,13128,11706,16076,13921
164103,2023-01-20 11:16:58.394539,653689118,33,327,13305,12079,16298,14158
164430,2023-01-20 11:16:59.396971,654691632,33,326,13267,11124,16297,13512
164763,2023-01-20 11:17:00.400234,655694838,33,332,13511,11276,15843,13451
165117,2023-01-20 11:17:01.402718,656697375,33,353,14328,11741,16111,13948
165444,2023-01-20 11:17:02.404489,657699100,33,326,13257,11085,16304,13755
165770,2023-01-20 11:17:03.407014,658701630,33,325,13229,11245,16326,13505
166096,2023-01-20 11:17:04.409556,659704169,33,325,13214,11671,16007,13852
166472,2023-01-20 11:17:05.413167,660707797,33,375,14678,11900,16270,13983
166798,2023-01-20 11:17:06.394986,661709126,33,325,13166,11233,16322,14051
167127,2023-01-20 11:17:07.415489,662711619,33,328,13343,11365,15681,13567
167454,2023-01-20 11:17:08.400189,663714436,33,326,13262,11655,16025,13758
167782,2023-01-20 11:17:09.402351,664716725,33,327,13310,11990,16310,13985
168108,2023-01-20 11:17:10.406126,665720517,33,325,13214,11121,16335,13718
168437,2023-01-20 11:17:11.407265,666721652,33,328,13295,11443,15716,13611
168763,2023-01-20 11:17:12.409751,667724144,33,325,13214,11738,16108,13837
169091,2023-01-20 11:17:13.412282,668726667,33,327,13305,12073,16256,14045
169416,2023-01-20 11:17:14.414769,669729142,33,324,13185,11209,16276,13491
169740,2023-01-20 11:17:15.417740,670732085,33,323,13156,11627,16026,13828
170070,2023-01-20 11:17:16.419808,671734168,33,329,13444,11856,16188,13978
170395,2023-01-20 11:17:17.402500,672736736,33,324,13199,11181,16270,13782
170720,2023-01-20 11:17:18.404746,673739124,33,324,13204,11242,15719,13328
171048,2023-01-20 11:17:19.407571,674741950,33,327,13405,11827,16119,13984
171372,2023-01-20 11:17:20.412569,675746953,33,323,13156,11974,16322,14075
171697,2023-01-20 11:17:21.414926,676749300,33,324,13161,11338,16358,13899
172024,2023-01-20 11:17:22.417272,677751647,33,326,13255,11399,15825,13443
172352,2023-01-20 11:17:23.419812,678754195,33,327,13305,11861,16129,14022
172677,2023-01-20 11:17:24.422590,679757015,33,324,13185,12151,16323,14203
173001,2023-01-20 11:17:25.425235,680759592,33,323,13156,11250,15598,13345
173331,2023-01-20 11:17:26.408102,681761622,33,329,13433,11614,15885,13630
173655,2023-01-20 11:17:27.409813,682764165,33,323,13156,11974,16261,14154
173980,2023-01-20 11:17:28.412300,683766660,33,324,13204,11120,16328,13631
174305,2023-01-20 11:17:29.415076,684769465,33,324,13209,11421,15763,13498
174634,2023-01-20 11:17:30.417289,685771723,33,328,13470,11633,15941,13640
174962,2023-01-20 11:17:31.419786,686774175,33,327,13277,12013,16325,14205
175286,2023-01-20 11:17:32.422256,687776690,33,323,13156,11178,16278,13649
175659,2023-01-20 11:17:33.424735,688779117,33,372,14610,11385,15813,13431
175985,2023-01-20 11:17:34.427585,689781956,33,325,13214,11923,16239,14101
176312,2023-01-20 11:17:35.409761,690782943,33,326,13257,12241,16321,14248
176640,2023-01-20 11:17:36.409731,691784147,33,327,13252,11221,15537,13297
176966,2023-01-20 11:17:37.412276,692786652,33,325,13224,11556,15949,13651
177293,2023-01-20 11:17:38.414707,693789121,33,326,13262,12059,16327,14226
177620,2023-01-20 11:17:39.417239,694791620,33,326,13267,11306,16318,13937
177950,2023-01-20 11:17:40.420232,695794614,33,329,13371,11327,15643,13401
178302,2023-01-20 11:17:41.422951,696797338,33,351,14208,11662,16060,13874
178629,2023-01-20 11:17:42.424731,697799119,33,326,13257,12127,16316,14193
178956,2023-01-20 11:17:43.427253,698801646,33,326,13262,11234,16294,13593
179283,2023-01-20 11:17:44.429754,699804135,33,326,13257,11449,15731,13428
179609,2023-01-20 11:17:45.413311,700807820,33,325,13214,11936,16186,14121
179938,2023-01-20 11:17:46.414647,701809117,33,328,13295,11104,16300,13909
180265,2023-01-20 11:17:47.417058,702811658,33,326,13243,11256,15572,13355
180594,2023-01-20 11:17:48.419583,703814221,33,328,13359,11594,15938,13586
180969,2023-01-20 11:17:49.421994,704816647,33,374,14655,12004,16218,14206
181296,2023-01-20 11:17:50.424997,705819638,33,326,13257,11217,16316,13827
181624,2023-01-20 11:17:51.426971,706821627,33,327,13252,11200,15664,13227
181951,2023-01-20 11:17:52.429476,707824120,33,326,13257,11721,15971,13901
182280,2023-01-20 11:17:53.432018,708826690,33,328,13332,12034,16284,14084
182606,2023-01-20 11:17:54.434500,709829141,33,325,13214,11235,16300,13836
182933,2023-01-20 11:17:55.417883,710832136,33,326,13257,11290,15800,13325
183261,2023-01-20 11:17:56.419812,711834152,33,327,13252,11739,15989,13950
183588,2023-01-20 11:17:57.422314,712836690,33,326,13257,12122,16318,14179
183914,2023-01-20 11:17:58.424783,713839151,33,325,13214,11457,16349,13899
184243,2023-01-20 11:17:59.427223,714841627,33,328,13358,11387,15864,13421
184569,2023-01-20 11:18:00.432282,715846648,33,325,13214,11845,16116,14049
184898,2023-01-20 11:18:01.434755,716849161,33,328,13295,12233,16313,14232
185224,2023-01-20 11:18:02.437267,717851636,33,325,13214,11231,15570,13310
185552,2023-01-20 11:18:03.439780,718854169,33,327,13311,11503,16004,13598
185879,2023-01-20 11:18:04.442620,719856986,33,326,13262,11933,16183,14139
186206,2023-01-20 11:18:05.423622,720857851,33,326,13257,11139,16314,13916
186582,2023-01-20 11:18:06.425224,721859599,33,375,14640,11249,15673,13257
186909,2023-01-20 11:18:07.427200,722861612,33,326,13257,11650,15900,13854
187235,2023-01-20 11:18:08.429753,723864136,33,325,13214,12033,16318,14098
187563,2023-01-20 11:18:09.432236,724866658,33,327,13315,11267,16315,13846
187890,2023-01-20 11:18:10.435059,725869457,33,326,13257,11245,15746,13306
188218,2023-01-20 11:18:11.437344,726871733,33,327,13252,11685,15935,13893
188545,2023-01-20 11:18:12.439752,727874142,33,326,13257,12101,16264,14141
188871,2023-01-20 11:18:13.442295,728876667,33,325,13214,11436,16328,13923
189199,2023-01-20 11:18:14.427632,729879097,33,327,13305,11414,15867,13463
189525,2023-01-20 11:18:15.427731,730881940,33,325,13214,11844,16094,14044
189854,2023-01-20 11:18:16.429716,731884091,33,328,13295,12232,16312,14227
190180,2023-01-20 11:18:17.432274,732886630,33,325,13214,11230,15566,13305
190507,2023-01-20 11:18:18.434737,733889119,33,326,13257,11502,16003,13600
190835,2023-01-20 11:18:19.437316,734891674,33,327,13315,11927,16129,14106
191166,2023-01-20 11:18:20.440178,735894553,33,330,13425,11128,16316,13908
191518,2023-01-20 11:18:21.442977,736897346,33,351,14208,11265,15601,13234
191893,2023-01-20 11:18:22.444746,737899121,33,374,14635,11657,16081,13970
192220,2023-01-20 11:18:23.430474,738901603,33,326,13257,11979,16315,13970
192548,2023-01-20 11:18:24.430000,739904148,33,327,13299,11229,16293,13729
192875,2023-01-20 11:18:25.447839,740906946,33,326,13257,11284,15708,13548
193203,2023-01-20 11:18:26.434725,741909102,33,327,13252,11647,15918,13770
193530,2023-01-20 11:18:27.437249,742911622,33,326,13257,12030,16333,14023
193856,2023-01-20 11:18:28.439790,743914159,33,325,13214,11365,16326,13796
194185,2023-01-20 11:18:29.442362,744916736,33,328,13358,11410,15743,13623
194511,2023-01-20 11:18:30.445215,745919619,33,325,13214,11720,15970,13838
194840,2023-01-20 11:18:31.447656,746922028,33,328,13295,12108,16314,14053
195166,2023-01-20 11:18:32.449979,747924375,33,325,13214,11400,16346,13830
195493,2023-01-20 11:18:33.432215,748926670,33,326,13257,11498,15879,13742
195820,2023-01-20 11:18:34.434582,749929130,33,326,13262,11856,16072,13957
196147,2023-01-20 11:18:35.437594,750932170,33,326,13257,11090,16296,13793
196476,2023-01-20 11:18:36.439502,751934168,33,328,13306,11227,15618,13245
196802,2023-01-20 11:18:37.442116,752936740,33,325,13214,11619,16043,13870
197129,2023-01-20 11:18:38.444463,753939127,33,326,13257,11977,16248,14092
197506,2023-01-20 11:18:39.447013,754941641,33,376,14736,11209,16327,13704
197833,2023-01-20 11:18:40.452078,755946705,33,326,13257,11230,15654,13486
198160,2023-01-20 11:18:41.454463,756949108,33,326,13219,11593,15843,13710
198487,2023-01-20 11:18:42.457024,757951645,33,326,13257,11976,16312,13978
198813,2023-01-20 11:18:43.439893,758954174,33,325,13214,11311,16323,13816
199141,2023-01-20 11:18:44.442756,759956995,33,327,13305,11409,15742,13653
199467,2023-01-20 11:18:45.442610,760957004,33,325,13214,11805,16058,13887
199796,2023-01-20 11:18:46.445149,761959543,33,328,13295,12165,16306,14104
200122,2023-01-20 11:18:47.447239,762961633,33,325,13214,11224,16324,13570
200449,2023-01-20 11:18:48.449751,763964139,33,326,13257,11530,15911,13797
200777,2023-01-20 11:18:49.452281,764966668,33,327,13315,11921,16174,14001
201104,2023-01-20 11:18:50.455083,765969466,33,326,13257,11122,16275,13783
201432,2023-01-20 11:18:51.457272,766971658,33,327,13252,11231,15632,13267
201759,2023-01-20 11:18:52.459798,767974176,33,326,13268,11565,15989,13844
202086,2023-01-20 11:18:53.442417,768976663,33,326,13257,12009,16262,14087
202412,2023-01-20 11:18:54.444839,769979116,33,325,13214,11258,16324,13857
202741,2023-01-20 11:18:55.447606,770981980,33,328,13342,11315,15688,13335
203118,2023-01-20 11:18:56.449732,771984107,33,376,14673,11439,15861,13693
203445,2023-01-20 11:18:57.452244,772986626,33,326,13257,11968,16252,13968
203771,2023-01-20 11:18:58.454727,773989106,33,325,13214,11273,16285,13774
204099,2023-01-20 11:18:59.457191,774991612,33,327,13310,11318,15699,13588
204429,2023-01-20 11:19:00.460232,775994615,33,329,13376,11714,15985,13787
204782,2023-01-20 11:19:01.462909,776997327,33,352,14251,12074,16319,14182
205108,2023-01-20 11:19:02.449889,777999120,33,325,13214,11308,16320,13731
205435,2023-01-20 11:19:03.447272,779001624,33,326,13257,11406,15830,13602
205759,2023-01-20 11:19:04.449870,780004125,33,323,13156,11850,16129,13872
206088,2023-01-20 11:19:05.452543,781006971,33,328,13429,11127,16328,13711
206414,2023-01-20 11:19:06.454735,782009118,33,325,13194,11388,16331,13791
206738,2023-01-20 11:19:07.457192,783011624,33,323,13156,11515,15968,13730
207064,2023-01-20 11:19:08.459876,784014269,33,325,13253,12031,16296,14035
207391,2023-01-20 11:19:09.462296,785016673,33,326,13376,11104,16321,13731
207716,2023-01-20 11:19:10.465200,786019604,33,324,13204,11303,15785,13604
208043,2023-01-20 11:19:11.447347,787021628,33,326,13223,11662,16115,13876
208366,2023-01-20 11:19:12.449742,788024103,33,322,13123,12178,16304,14122
208692,2023-01-20 11:19:13.452303,789026686,33,325,13228,11277,15752,13276
209016,2023-01-20 11:19:14.454751,790029135,33,323,13156,11718,16117,13983
209342,2023-01-20 11:19:15.457697,791032085,33,325,13233,12053,16316,14185
209673,2023-01-20 11:19:16.459752,792034136,33,330,13462,11306,16310,13862
209996,2023-01-20 11:19:17.462310,793036674,33,322,13127,11314,15859,13368
210320,2023-01-20 11:19:18.464754,794039149,33,323,13156,11827,16255,14112
210645,2023-01-20 11:19:19.467220,795041601,33,324,13209,11259,16236,13897
210975,2023-01-20 11:19:20.465639,796046618,33,329,13518,11144,15303,13220
211302,2023-01-20 11:19:21.454708,797049160,33,326,13223,11382,15869,13408
211626,2023-01-20 11:19:22.457064,798051628,33,323,13156,11866,16265,14130
211954,2023-01-20 11:19:23.459557,799054171,33,327,13311,11177,16297,13607
212325,2023-01-20 11:19:24.462354,800056969,33,370,14519,11232,15852,13267
212653,2023-01-20 11:19:25.464916,801059523,33,327,13305,11799,16099,14017
212983,2023-01-20 11:19:26.466964,802061601,33,329,13322,11906,16330,14099
213310,2023-01-20 11:19:27.469533,803064136,33,326,13257,11187,16319,13535
213636,2023-01-20 11:19:28.472026,804066650,33,325,13214,11391,15849,13431
213963,2023-01-20 11:19:29.474882,805069479,33,326,13267,11764,16134,14024
214291,2023-01-20 11:19:30.470124,806071630,33,327,13305,12027,16316,14176
214619,2023-01-20 11:19:31.459918,807074151,33,327,13252,11222,16314,13572
214946,2023-01-20 11:19:32.462309,808076661,33,326,13257,11469,15973,13529
215271,2023-01-20 11:19:33.464732,809079114,33,324,13181,11852,16222,14133
215598,2023-01-20 11:19:34.467589,810082004,33,326,13257,11178,16310,13921
215925,2023-01-20 11:19:35.469724,811084108,33,326,13262,11242,15567,13371
216254,2023-01-20 11:19:36.472205,812086609,33,328,13295,11595,16112,13649
216580,2023-01-20 11:19:37.474717,813089102,33,325,13214,11973,16312,14245
216907,2023-01-20 11:19:38.477236,814091620,33,326,13257,11299,16288,13664
217240,2023-01-20 11:19:39.460571,815094720,33,332,13489,11310,15683,13443
217592,2023-01-20 11:19:40.463001,816097315,33,351,14261,11711,16164,13941
217969,2023-01-20 11:19:41.464710,817099099,33,376,14673,11938,16308,13996
218296,2023-01-20 11:19:42.467204,818101625,33,326,13257,11307,16319,13771
218622,2023-01-20 11:19:43.469734,819104116,33,325,13214,11511,15881,13723
218949,2023-01-20 11:19:44.472555,820106942,33,326,13257,11763,16133,13959
219277,2023-01-20 11:19:45.474688,821109097,33,327,13291,12112,16309,14106
219605,2023-01-20 11:19:46.477204,822111601,33,327,13252,11067,15437,13114
219931,2023-01-20 11:19:47.479769,823114181,33,325,13224,11632,16023,13841
220258,2023-01-20 11:19:48.482279,824116676,33,326,13267,11884,16275,14076
220585,2023-01-20 11:19:49.477502,825119588,33,326,13257,12223,16337,14157
220912,2023-01-20 11:19:50.467350,826121630,33,326,13262,11221,15674,13282
221241,2023-01-20 11:19:51.469723,827124126,33,328,13295,11701,16037,13905
221567,2023-01-20 11:19:52.472286,828126667,33,325,13214,11919,16289,14114
221894,2023-01-20 11:19:53.474714,829129115,33,326,13257,11245,16320,13542
222220,2023-01-20 11:19:54.477710,830132096,33,325,13214,11309,15810,13375
222548,2023-01-20 11:19:55.479768,831134158,33,327,13311,11884,16211,14083
222879,2023-01-20 11:19:56.482293,832136680,33,330,13370,12007,16323,14175
223255,2023-01-20 11:19:57.484717,833139095,33,375,14678,11236,16320,13393
223582,2023-01-20 11:19:58.487272,834141625,33,326,13267,11440,15810,13645
223908,2023-01-20 11:19:59.472367,835146606,33,325,13214,11672,16063,13862
224235,2023-01-20 11:20:00.474815,836149153,33,326,13257,12064,16304,14055
224564,2023-01-20 11:20:01.477284,837151633,33,328,13300,11304,16310,13780
224891,2023-01-20 11:20:02.479776,838154158,33,326,13257,11542,15878,13729
225217,2023-01-20 11:20:03.482585,839156967,33,325,13214,11760,16130,13949
225544,2023-01-20 11:20:04.485127,840159528,33,326,13257,12152,16315,14105
225870,2023-01-20 11:20:05.487536,841161950,33,325,13214,11150,15620,13236
226199,2023-01-20 11:20:06.489877,842164260,33,328,13310,11639,15966,13845
226525,2023-01-20 11:20:07.492262,843166670,33,325,13214,11848,16218,14040
226853,2023-01-20 11:20:08.474990,844169495,33,327,13310,11174,16349,13827
227179,2023-01-20 11:20:09.477105,845171665,33,325,13214,11185,15709,13271
227507,2023-01-20 11:20:10.479556,846174212,33,327,13311,11793,16141,13987
227836,2023-01-20 11:20:11.482030,847176680,33,328,13300,11964,16307,14121
228163,2023-01-20 11:20:12.484489,848179117,33,326,13257,11251,16317,13544
228489,2023-01-20 11:20:13.487342,849181984,33,325,13214,11306,15776,13402
228864,2023-01-20 11:20:14.489467,850184115,33,374,14635,11881,16041,14058
229191,2023-01-20 11:20:15.492009,851186646,33,326,13257,12063,16303,14050
229520,2023-01-20 11:20:16.494467,852189128,33,328,13300,11177,16325,13478
229847,2023-01-20 11:20:17.488406,853191649,33,326,13257,11507,15877,13712
230177,2023-01-20 11:20:18.480236,854194585,33,329,13381,11845,16218,13988
230529,2023-01-20 11:20:19.482985,855197366,33,351,14300,11162,16331,13913
230855,2023-01-20 11:20:20.484758,856199157,33,325,13214,11369,15706,13561
231185,2023-01-20 11:20:21.487287,857201664,33,329,13343,11666,15945,13768
231511,2023-01-20 11:20:22.489721,858204123,33,325,13214,11913,16286,13984
231838,2023-01-20 11:20:23.492552,859206931,33,326,13257,11239,16328,13747
232164,2023-01-20 11:20:24.494748,860209124,33,325,13214,11457,15776,13648
232491,2023-01-20 11:20:25.497325,861211702,33,326,13257,11792,16162,13933
232821,2023-01-20 11:20:26.499839,862214216,33,329,13354,12049,16299,14061
233150,2023-01-20 11:20:27.491463,863216657,33,328,13327,11250,16295,13492
233477,2023-01-20 11:20:28.485293,864219592,33,326,13267,11475,15741,13648
233803,2023-01-20 11:20:29.487210,865221605,33,325,13214,11757,16127,13897
234179,2023-01-20 11:20:30.489721,866224112,33,375,14678,12095,16312,14226
234508,2023-01-20 11:20:31.492275,867226678,33,328,13300,11139,15461,13344
234835,2023-01-20 11:20:32.494716,868229121,33,326,13257,11459,15807,13569
235161,2023-01-20 11:20:33.497686,869232087,33,325,13214,11754,16158,13856
235488,2023-01-20 11:20:34.499728,870234150,33,326,13257,11114,16312,13995
235815,2023-01-20 11:20:35.502271,871236678,33,326,13236,11298,15635,13485
236144,2023-01-20 11:20:36.504672,872239081,33,328,13321,11595,15874,13702
236469,2023-01-20 11:20:37.497929,873241985,33,324,13181,11842,16246,13936
236797,2023-01-20 11:20:38.492625,874246965,33,327,13310,11149,16311,13699
237123,2023-01-20 11:20:39.494964,875249348,33,325,13214,11333,15649,13519
237450,2023-01-20 11:20:40.497241,876251642,33,326,13257,11668,16038,13806
237780,2023-01-20 11:20:41.499793,877254189,33,329,13354,11925,16295,14010
238107,2023-01-20 11:20:42.502594,878257005,33,326,13257,11246,16325,13754
238433,2023-01-20 11:20:43.505163,879259556,33,325,13214,11421,15737,13604
238759,2023-01-20 11:20:44.507254,880261639,33,325,13214,11756,16126,13893
239086,2023-01-20 11:20:45.509742,881264141,33,326,13257,12094,16301,14083
239415,2023-01-20 11:20:46.512300,882266676,33,328,13300,11295,16323,13561
239791,2023-01-20 11:20:47.495138,883269483,33,375,14678,11419,15785,13603
240118,2023-01-20 11:20:48.497373,884271654,33,326,13267,11753,16144,13856
240445,2023-01-20 11:20:49.499766,885274156,33,326,13257,12237,16309,14327
240773,2023-01-20 11:20:50.502292,886276697,33,327,13252,11244,15560,13429
241100,2023-01-20 11:20:51.504711,887279144,33,326,13257,11541,15868,13660
241427,2023-01-20 11:20:52.507532,888281935,33,326,13262,11788,16192,13896
241753,2023-01-20 11:20:53.509695,889284120,33,325,13228,11177,16343,14033
242078,2023-01-20 11:20:54.512250,890286648,33,324,13185,11361,15706,13559
242405,2023-01-20 11:20:55.514715,891289104,33,326,13352,11725,15957,13810
242731,2023-01-20 11:20:56.497065,892291617,33,325,13194,11887,16315,14012
243060,2023-01-20 11:20:57.499959,893294569,33,328,13372,11175,16166,13468
243410,2023-01-20 11:20:58.502743,894297363,33,349,14202,11571,15847,13730
243738,2023-01-20 11:20:59.504492,895299111,33,327,13395,11755,16034,13742
244064,2023-01-20 11:21:00.507025,896301679,33,325,13194,12239,16354,14363
244389,2023-01-20 11:21:01.509471,897304123,33,324,13185,11271,15496,13463
244716,2023-01-20 11:21:02.512307,898306953,33,326,13276,11619,15892,13707
245041,2023-01-20 11:21:03.514476,899309131,33,324,13185,11911,16281,13967
245366,2023-01-20 11:21:04.516975,900311630,33,324,13185,11101,16320,13451
245695,2023-01-20 11:21:05.500324,901314497,33,328,13390,11585,15899,13789
246020,2023-01-20 11:21:06.513568,902316675,33,324,13199,11747,16049,13869
246346,2023-01-20 11:21:07.505256,903319648,33,325,13233,12039,16336,14060
246671,2023-01-20 11:21:08.507228,904321623,33,324,13209,11239,16342,13585
247000,2023-01-20 11:21:09.509713,905324122,33,328,13470,11505,15801,13747
247326,2023-01-20 11:21:10.512255,906326641,33,325,13194,11785,16151,13927
247649,2023-01-20 11:21:11.514751,907329153,33,322,13123,11149,16327,13797
247977,2023-01-20 11:21:12.517716,908332108,33,327,13305,11267,15621,13276
248304,2023-01-20 11:21:13.519796,909334188,33,326,13268,11751,15950,13895
248675,2023-01-20 11:21:14.522305,910336687,33,370,14533,12003,16275,13957
249003,2023-01-20 11:21:15.504919,911339121,33,327,13252,11139,16325,13525
249329,2023-01-20 11:21:16.507298,912341625,33,325,13214,11613,15809,13751
249657,2023-01-20 11:21:17.512187,913346613,33,327,13305,11822,16090,13917
249984,2023-01-20 11:21:18.514740,914349150,33,326,13267,11036,16296,13726
250311,2023-01-20 11:21:19.517195,915351601,33,326,13257,11174,16320,13532
250639,2023-01-20 11:21:20.519730,916354160,33,327,13252,11719,15936,13860
250966,2023-01-20 11:21:21.522635,917357044,33,326,13257,11933,16227,14027
251293,2023-01-20 11:21:22.525100,918359535,33,326,13262,11157,16325,13815
251620,2023-01-20 11:21:23.527221,919361627,33,326,13257,11275,15632,13325
251946,2023-01-20 11:21:24.529728,920364159,33,325,13214,11807,16003,13943
252275,2023-01-20 11:21:25.520365,921366661,33,328,13295,12059,16299,14150
252601,2023-01-20 11:21:26.515229,922369515,33,325,13214,11293,16319,13835
252929,2023-01-20 11:21:27.524776,923371670,33,327,13305,11411,15762,13453
253257,2023-01-20 11:21:28.519734,924374190,33,327,13321,11895,16038,14018
253583,2023-01-20 11:21:29.522271,925376688,33,325,13226,12123,16288,14175
253913,2023-01-20 11:21:30.524776,926379191,33,329,13429,11259,16343,13568
254237,2023-01-20 11:21:31.527525,927382245,33,323,13156,11296,15733,13388
254562,2023-01-20 11:21:32.529681,928384731,33,324,13204,11929,16135,14072
254886,2023-01-20 11:21:33.520334,929387254,33,323,13156,11225,16256,13892
255209,2023-01-20 11:21:34.527613,930389799,33,322,13127,11323,15718,13473
255534,2023-01-20 11:21:35.517284,931392257,33,324,13165,11802,16239,13912
255865,2023-01-20 11:21:36.520153,932395180,33,330,13555,12112,16333,14291
256213,2023-01-20 11:21:37.522910,933397947,33,347,14131,11240,15446,13369
256537,2023-01-20 11:21:38.524691,934399733,33,323,13180,11531,15852,13587
256909,2023-01-20 11:21:39.525009,935400033,33,371,14548,10814,16324,13805
257235,2023-01-20 11:21:40.527487,936402524,33,325,13194,11261,16324,13611
257560,2023-01-20 11:21:41.529732,937404768,33,324,13185,11470,15815,13522
257886,2023-01-20 11:21:42.532530,938407579,33,325,13233,11954,16319,14256
258211,2023-01-20 11:21:43.534717,939409736,33,324,13181,11283,16309,13673
258537,2023-01-20 11:21:44.517178,940412358,33,325,13214,11521,15717,13575
258866,2023-01-20 11:21:45.533032,941414809,33,328,13306,11773,16202,13812
259192,2023-01-20 11:21:46.521983,942417337,33,325,13214,11050,16257,13618
259519,2023-01-20 11:21:47.524983,943420317,33,326,13262,11231,15567,13518
259846,2023-01-20 11:21:48.526866,944422227,33,326,13267,11695,15838,13725
260172,2023-01-20 11:21:49.529461,945424797,33,325,13214,11894,16210,13929
260500,2023-01-20 11:21:50.531995,946427326,33,327,13252,11209,16329,13752
260826,2023-01-20 11:21:51.534394,947429770,33,325,13214,11352,15688,13636
261152,2023-01-20 11:21:52.537357,948432719,33,325,13214,11864,16060,13912
261479,2023-01-20 11:21:53.527049,949434762,33,326,13262,12068,16297,14076
261805,2023-01-20 11:21:54.522507,950437324,33,325,13214,11195,15653,13233
262133,2023-01-20 11:21:55.524734,951439745,33,327,13252,11683,16020,13937
262459,2023-01-20 11:21:56.527215,952442263,33,325,13214,12071,16267,14145
262783,2023-01-20 11:21:57.532293,953447358,33,323,13156,11261,16278,13561
263109,2023-01-20 11:21:58.534716,954449746,33,325,13257,11508,15869,13503
263482,2023-01-20 11:21:59.537174,955452244,33,372,14561,11920,16125,14139
263808,2023-01-20 11:22:00.539757,956454781,33,325,13219,11211,16328,13828
264130,2023-01-20 11:22:01.542572,957457589,33,321,13094,11386,15877,13466
264453,2023-01-20 11:22:02.545135,958460157,33,322,13127,11928,16305,14194
264777,2023-01-20 11:22:03.533909,959462250,33,323,13175,11008,15385,13281
265100,2023-01-20 11:22:04.529711,960464770,33,322,13127,11521,15775,13623
265425,2023-01-20 11:22:05.532301,961467395,33,324,13165,11946,16323,13974
265748,2023-01-20 11:22:06.535040,962470104,33,322,13127,11368,16319,13838
266071,2023-01-20 11:22:07.537255,963472321,33,322,13127,11578,16006,13855
266397,2023-01-20 11:22:08.539742,964474804,33,325,13257,12124,16269,14155
266721,2023-01-20 11:22:09.542291,965477352,33,323,13156,11271,16288,13568
267047,2023-01-20 11:22:10.544762,966479820,33,325,13194,11518,15980,13616
267366,2023-01-20 11:22:11.547486,967482560,33,318,12903,11252,16272,13901
267690,2023-01-20 11:22:12.529949,968484762,33,323,13156,11345,15690,13594
268015,2023-01-20 11:22:13.532328,969487255,33,324,13204,11829,16006,13888
268339,2023-01-20 11:22:14.534749,970489753,33,323,13156,12177,16338,14133
268664,2023-01-20 11:22:15.537266,971492320,33,324,13165,11276,15767,13377
268992,2023-01-20 11:22:16.540164,972495205,33,327,13324,11780,16125,14035
269340,2023-01-20 11:22:17.542903,973497961,33,347,14112,11182,16315,13856
269666,2023-01-20 11:22:18.544728,974499782,33,325,13257,11363,15554,13341
269989,2023-01-20 11:22:19.547275,975502319,33,322,13127,11775,16149,14028
270314,2023-01-20 11:22:20.549693,976504769,33,324,13161,11122,16242,13572
270638,2023-01-20 11:22:21.552547,977507572,33,323,13156,11294,15689,13486
270961,2023-01-20 11:22:22.534844,978509738,33,322,13127,11778,16032,13805
271286,2023-01-20 11:22:23.537317,979512343,33,324,13204,11287,16300,14041
271610,2023-01-20 11:22:24.539881,980514782,33,323,13156,11371,15716,13607
271935,2023-01-20 11:22:25.542315,981517362,33,324,13165,11767,16141,13958
272259,2023-01-20 11:22:26.545186,982520261,33,323,13156,12242,16340,14183
272583,2023-01-20 11:22:27.547210,983522254,33,323,13156,11341,15866,13376
272908,2023-01-20 11:22:28.549722,984524804,33,324,13228,11854,16127,14065
273232,2023-01-20 11:22:29.552278,985527325,33,323,13156,12178,16350,14273
273560,2023-01-20 11:22:30.554738,986529790,33,327,13264,11277,15581,13444
273883,2023-01-20 11:22:31.543323,987532737,33,322,13127,11653,16230,13712
274208,2023-01-20 11:22:32.545028,988534777,33,324,13210,11266,16318,14024
274533,2023-01-20 11:22:33.542035,989537378,33,324,13204,11327,15624,13554
274856,2023-01-20 11:22:34.544373,990539759,33,322,13127,11675,16049,13859
275181,2023-01-20 11:22:35.546955,991542308,33,324,13161,12188,16317,14135
275504,2023-01-20 11:22:36.552029,992547375,33,322,13127,11249,15803,13297
275828,2023-01-20 11:22:37.554398,993549743,33,323,13156,11762,16136,14014
276153,2023-01-20 11:22:38.556959,994552294,33,324,13228,11121,16339,13895
276476,2023-01-20 11:22:39.559498,995554823,33,322,13127,11214,15588,13400
276801,2023-01-20 11:22:40.562233,996557597,33,324,13165,11727,16282,13790
277125,2023-01-20 11:22:41.564858,997560183,33,323,13156,11029,16273,13648
277448,2023-01-20 11:22:42.547388,998562314,33,322,13127,11416,15793,13632
277772,2023-01-20 11:22:43.549737,999564776,33,323,13175,11755,16129,13966
278095,2023-01-20 11:22:44.552322,1000567380,33,322,13127,11200,16317,13819
278420,2023-01-20 11:22:45.555058,1001570099,33,324,13165,11467,15936,13508
278744,2023-01-20 11:22:46.557283,1002572341,33,323,13156,11971,16319,14177
279068,2023-01-20 11:22:47.559763,1003574816,33,323,13181,11199,16344,13667
279392,2023-01-20 11:22:48.562280,1004577354,33,323,13180,11409,15777,13598
279717,2023-01-20 11:22:49.564718,1005579771,33,324,13189,11907,16297,13930
280042,2023-01-20 11:22:50.567514,1006582578,33,324,13165,11233,16264,13766
280365,2023-01-20 11:22:51.549823,1007584763,33,322,13127,11525,15899,13736
280688,2023-01-20 11:22:52.552231,1008587302,33,322,13127,11864,16238,14072
281012,2023-01-20 11:22:53.554685,1009589764,33,323,13156,11295,16332,13585
281336,2023-01-20 11:22:54.557270,1010592348,33,323,13175,11562,15951,13559
281663,2023-01-20 11:22:55.560114,1011595198,33,326,13246,12056,16290,14237
282011,2023-01-20 11:22:56.562916,1012597982,33,347,14112,11279,16305,13690
282334,2023-01-20 11:22:57.564697,1013599774,33,322,13127,11489,15884,13628
282659,2023-01-20 11:22:58.567279,1014602345,33,324,13192,12151,16350,14330
282976,2023-01-20 11:22:59.569675,1015604706,33,316,12592,11166,16032,13567
283281,2023-01-20 11:23:00.552763,1016607511,33,304,12045,11698,16321,14058
283586,2023-01-20 11:23:01.554831,1017609661,33,304,12077,11423,16312,13825
283889,2023-01-20 11:23:02.557274,1018612218,33,302,12007,11483,16128,13676
284193,2023-01-20 11:23:03.559768,1019614729,33,303,12061,11731,16325,13915
284497,2023-01-20 11:23:04.562238,1020617259,33,303,12055,11295,16091,13711
284802,2023-01-20 11:23:05.565314,1021620329,33,304,12045,11543,16306,13942
285105,2023-01-20 11:23:06.567144,1022622164,33,302,12007,11408,16099,13767
285408,2023-01-20 11:23:07.569712,1023624689,33,302,12007,11656,16225,13974
285712,2023-01-20 11:23:08.572227,1024627212,33,303,12060,11245,16238,13804
286016,2023-01-20 11:23:09.574735,1025629702,33,303,12055,11330,16126,13645
286321,2023-01-20 11:23:10.577695,1026632686,33,304,12045,11578,16341,13865
286623,2023-01-20 11:23:11.563549,1027634712,33,301,11974,11249,15946,13643
286928,2023-01-20 11:23:12.562311,1028637243,33,304,12095,11409,16173,13826
287231,2023-01-20 11:23:13.564996,1029639981,33,302,12007,11657,16300,14035
