LineNo,UTC_Approx,TimeUS,Id,Value
1819,2023-01-20 11:08:47.840500,162094439,7,6350296
2334,2023-01-20 11:08:48.820354,163094446,7,6350296
2760,2023-01-20 11:08:49.820343,164094439,7,4253144
3162,2023-01-20 11:08:50.820313,165094449,7,4220408
3562,2023-01-20 11:08:51.820161,166094492,7,4220408
3906,2023-01-20 11:08:52.820187,167094499,7,4220408
4229,2023-01-20 11:08:53.820132,168094503,7,4220408
4554,2023-01-20 11:08:54.820084,169094502,7,4203896
4879,2023-01-20 11:08:55.820096,170094483,7,4203896
5202,2023-01-20 11:08:56.820120,171094501,7,4203896
5526,2023-01-20 11:08:57.820117,172094499,7,4203896
5851,2023-01-20 11:08:58.820074,173094460,7,4203896
6175,2023-01-20 11:08:59.800130,174094570,7,4203896
6502,2023-01-20 11:09:00.800135,175094723,7,4203896
6826,2023-01-20 11:09:01.800142,176094806,7,4203896
7149,2023-01-20 11:09:02.800126,177094759,7,4203896
7473,2023-01-20 11:09:03.800126,178094773,7,4203896
7797,2023-01-20 11:09:04.800131,179094756,7,4203896
8123,2023-01-20 11:09:05.800147,180094762,7,4203896
8446,2023-01-20 11:09:06.800131,181094805,7,4203896
8770,2023-01-20 11:09:07.800130,182094754,7,4203896
9093,2023-01-20 11:09:08.800130,183094766,7,4203896
9418,2023-01-20 11:09:09.780544,184094741,7,4203896
9744,2023-01-20 11:09:10.780265,185094617,7,4203896
10067,2023-01-20 11:09:11.780094,186094477,7,4203896
10391,2023-01-20 11:09:12.780083,187094458,7,4203896
10714,2023-01-20 11:09:13.780080,188094467,7,4203896
11039,2023-01-20 11:09:14.780097,189094476,7,4203896
11367,2023-01-20 11:09:15.780073,190094443,7,4203896
11690,2023-01-20 11:09:16.780125,191094499,7,4203896
12013,2023-01-20 11:09:17.780059,192094421,7,4203896
12338,2023-01-20 11:09:18.760188,193094437,7,4203896
12664,2023-01-20 11:09:19.760059,194094429,7,4203896
12992,2023-01-20 11:09:20.760047,195094431,7,4203896
13318,2023-01-20 11:09:21.760046,196094433,7,4203896
13644,2023-01-20 11:09:22.760053,197094441,7,4203896
13970,2023-01-20 11:09:23.760063,198094436,7,4203896
14297,2023-01-20 11:09:24.760023,199094435,7,4203896
14625,2023-01-20 11:09:25.760050,200094433,7,4203896
14951,2023-01-20 11:09:26.760021,201094439,7,4203896
15277,2023-01-20 11:09:27.760075,202094444,7,4203896
15603,2023-01-20 11:09:28.740120,203094441,7,4203896
15930,2023-01-20 11:09:29.740255,204094491,7,4203896
16259,2023-01-20 11:09:30.740025,205094439,7,4203896
16627,2023-01-20 11:09:31.740101,206094481,7,4203896
16953,2023-01-20 11:09:32.740011,207094428,7,4203896
17279,2023-01-20 11:09:33.740044,208094431,7,4203896
17606,2023-01-20 11:09:34.740067,209094445,7,4203896
17934,2023-01-20 11:09:35.740073,210094446,7,4203896
18260,2023-01-20 11:09:36.720265,211094443,7,4203896
18586,2023-01-20 11:09:37.727351,212094454,7,4203896
18912,2023-01-20 11:09:38.720069,213094455,7,4203896
19238,2023-01-20 11:09:39.720056,214094443,7,4203896
19570,2023-01-20 11:09:40.720055,215094443,7,4203896
19896,2023-01-20 11:09:41.720056,216094448,7,4203896
20222,2023-01-20 11:09:42.720055,217094449,7,4203896
20547,2023-01-20 11:09:43.720044,218094433,7,4203896
20873,2023-01-20 11:09:44.720071,219094474,7,4203896
21202,2023-01-20 11:09:45.709136,220094433,7,4203896
21528,2023-01-20 11:09:46.700039,221094494,7,4203896
21903,2023-01-20 11:09:47.699831,222094441,7,4203896
22229,2023-01-20 11:09:48.699779,223094428,7,4203896
22555,2023-01-20 11:09:49.699814,224094446,7,4203896
22885,2023-01-20 11:09:50.699785,225094451,7,4203896
23211,2023-01-20 11:09:51.699832,226094448,7,4203896
23537,2023-01-20 11:09:52.699823,227094446,7,4203896
23863,2023-01-20 11:09:53.699794,228094438,7,4203896
24188,2023-01-20 11:09:54.699821,229094436,7,4203896
24517,2023-01-20 11:09:55.699764,230094444,7,4203896
24843,2023-01-20 11:09:56.680154,231094441,7,4203896
25169,2023-01-20 11:09:57.680061,232094450,7,4203896
25495,2023-01-20 11:09:58.680048,233094452,7,4203896
25821,2023-01-20 11:09:59.680080,234094489,7,4203896
26151,2023-01-20 11:10:00.680063,235094455,7,4203896
26475,2023-01-20 11:10:01.680090,236094498,7,4203896
26802,2023-01-20 11:10:02.680063,237094457,7,4203896
27125,2023-01-20 11:10:03.680062,238094447,7,4203896
27449,2023-01-20 11:10:04.680068,239094456,7,4203896
27776,2023-01-20 11:10:05.672865,240094464,7,4203896
28104,2023-01-20 11:10:06.660101,241094459,7,4203896
28429,2023-01-20 11:10:07.660025,242094461,7,4203896
28753,2023-01-20 11:10:08.660019,243094454,7,4203896
29128,2023-01-20 11:10:09.660063,244094481,7,4203896
29460,2023-01-20 11:10:10.660073,245094489,7,4203896
29787,2023-01-20 11:10:11.660067,246094475,7,4203896
30113,2023-01-20 11:10:12.660049,247094469,7,4203896
30439,2023-01-20 11:10:13.660043,248094478,7,4203896
30766,2023-01-20 11:10:14.660130,249094523,7,4203896
31095,2023-01-20 11:10:15.654645,250094487,7,4203896
31421,2023-01-20 11:10:16.640328,251094534,7,4203896
31747,2023-01-20 11:10:17.640068,252094471,7,4203896
32074,2023-01-20 11:10:18.640072,253094475,7,4203896
32400,2023-01-20 11:10:19.640036,254094472,7,4203896
32731,2023-01-20 11:10:20.640069,255094472,7,4203896
33057,2023-01-20 11:10:21.640046,256094482,7,4203896
33384,2023-01-20 11:10:22.640072,257094476,7,4203896
33710,2023-01-20 11:10:23.640083,258094490,7,4203896
34037,2023-01-20 11:10:24.640071,259094474,7,4203896
34365,2023-01-20 11:10:25.620148,260094489,7,4203896
34740,2023-01-20 11:10:26.620086,261094492,7,4203896
35067,2023-01-20 11:10:27.620081,262094487,7,4203896
35393,2023-01-20 11:10:28.620065,263094472,7,4203896
35720,2023-01-20 11:10:29.620096,264094522,7,4203896
36049,2023-01-20 11:10:30.620025,265094455,7,4203896
36377,2023-01-20 11:10:31.620100,266094521,7,4203896
36703,2023-01-20 11:10:32.620054,267094482,7,4203896
37030,2023-01-20 11:10:33.618296,268094553,7,4203896
37356,2023-01-20 11:10:34.600170,269094683,7,4203896
37685,2023-01-20 11:10:35.600134,270094742,7,4203896
38012,2023-01-20 11:10:36.600127,271094849,7,4203896
38339,2023-01-20 11:10:37.600149,272094833,7,4203896
38664,2023-01-20 11:10:38.600139,273094829,7,4203896
38991,2023-01-20 11:10:39.600148,274094825,7,4203896
39320,2023-01-20 11:10:40.600130,275094817,7,4203896
39649,2023-01-20 11:10:41.600126,276094822,7,4203896
39976,2023-01-20 11:10:42.600129,277094835,7,4203896
40349,2023-01-20 11:10:43.582374,278094798,7,4203896
40676,2023-01-20 11:10:44.580489,279094730,7,4203896
41004,2023-01-20 11:10:45.580217,280094597,7,4203896
41332,2023-01-20 11:10:46.580172,281094579,7,4203896
41658,2023-01-20 11:10:47.580068,282094474,7,4203896
41985,2023-01-20 11:10:48.580043,283094489,7,4203896
42311,2023-01-20 11:10:49.580078,284094490,7,4203896
42640,2023-01-20 11:10:50.580039,285094480,7,4203896
42967,2023-01-20 11:10:51.580066,286094476,7,4203896
43294,2023-01-20 11:10:52.580084,287094468,7,4203896
43620,2023-01-20 11:10:53.580083,288094485,7,4203896
43946,2023-01-20 11:10:54.560049,289094472,7,4203896
44275,2023-01-20 11:10:55.560153,290094481,7,4203896
44602,2023-01-20 11:10:56.560027,291094477,7,4203896
44929,2023-01-20 11:10:57.560101,292094527,7,4203896
45255,2023-01-20 11:10:58.560059,293094476,7,4203896
45631,2023-01-20 11:10:59.560078,294094504,7,4203896
45960,2023-01-20 11:11:00.560024,295094452,7,4203896
46288,2023-01-20 11:11:01.560100,296094517,7,4203896
46613,2023-01-20 11:11:02.560033,297094460,7,4203896
46940,2023-01-20 11:11:03.545627,298094463,7,4203896
47266,2023-01-20 11:11:04.540107,299094461,7,4203896
47595,2023-01-20 11:11:05.540072,300094465,7,4203896
47922,2023-01-20 11:11:06.540067,301094463,7,4203896
48249,2023-01-20 11:11:07.540084,302094476,7,4203896
48575,2023-01-20 11:11:08.540059,303094467,7,4203896
48901,2023-01-20 11:11:09.540065,304094463,7,4203896
49231,2023-01-20 11:11:10.540058,305094467,7,4203896
49558,2023-01-20 11:11:11.540056,306094444,7,4203896
49886,2023-01-20 11:11:12.520299,307094512,7,4203896
50212,2023-01-20 11:11:13.520149,308094474,7,4203896
50539,2023-01-20 11:11:14.520116,309094503,7,4203896
50867,2023-01-20 11:11:15.520061,310094472,7,4203896
51244,2023-01-20 11:11:16.520074,311094483,7,4203896
51570,2023-01-20 11:11:17.520068,312094471,7,4203896
51897,2023-01-20 11:11:18.520064,313094466,7,4203896
52223,2023-01-20 11:11:19.520049,314094473,7,4203896
52553,2023-01-20 11:11:20.520311,315094699,7,4203896
52879,2023-01-20 11:11:21.520049,316094459,7,4203896
53206,2023-01-20 11:11:22.499932,317094459,7,4203896
53533,2023-01-20 11:11:23.499797,318094465,7,4203896
53859,2023-01-20 11:11:24.499820,319094450,7,4203896
54188,2023-01-20 11:11:25.500019,320094697,7,4203896
54513,2023-01-20 11:11:26.499807,321094457,7,4203896
54841,2023-01-20 11:11:27.499855,322094497,7,4203896
55167,2023-01-20 11:11:28.499807,323094455,7,4203896
55494,2023-01-20 11:11:29.499814,324094501,7,4203896
55821,2023-01-20 11:11:30.499954,325094582,7,4203896
56150,2023-01-20 11:11:31.480193,326094460,7,4203896
56477,2023-01-20 11:11:32.480107,327094473,7,4203896
56853,2023-01-20 11:11:33.480066,328094464,7,4203896
57179,2023-01-20 11:11:34.480068,329094463,7,4203896
57506,2023-01-20 11:11:35.480049,330094448,7,4203896
57834,2023-01-20 11:11:36.480073,331094464,7,4203896
58160,2023-01-20 11:11:37.480042,332094462,7,4203896
58487,2023-01-20 11:11:38.480071,333094477,7,4203896
58813,2023-01-20 11:11:39.480048,334094477,7,4203896
59141,2023-01-20 11:11:40.460329,335094465,7,4203896
59469,2023-01-20 11:11:41.460110,336094471,7,4203896
59795,2023-01-20 11:11:42.472838,337094511,7,4203896
60122,2023-01-20 11:11:43.460040,338094464,7,4203896
60449,2023-01-20 11:11:44.460115,339094507,7,4203896
60773,2023-01-20 11:11:45.460033,340094466,7,4203896
61099,2023-01-20 11:11:46.460059,341094456,7,4203896
61427,2023-01-20 11:11:47.460059,342094446,7,4203896
61752,2023-01-20 11:11:48.460040,343094447,7,4203896
62076,2023-01-20 11:11:49.460077,344094446,7,4203896
62401,2023-01-20 11:11:50.444694,345094446,7,4203896
62730,2023-01-20 11:11:51.440220,346094455,7,4203896
63056,2023-01-20 11:11:52.440065,347094461,7,4203896
63380,2023-01-20 11:11:53.440049,348094445,7,4203896
63707,2023-01-20 11:11:54.440038,349094431,7,4203896
64031,2023-01-20 11:11:55.440085,350094456,7,4203896
64357,2023-01-20 11:11:56.440065,351094441,7,4203896
64683,2023-01-20 11:11:57.440107,352094484,7,4203896
65011,2023-01-20 11:11:58.440058,353094434,7,4203896
65335,2023-01-20 11:11:59.420350,354094475,7,4203896
65707,2023-01-20 11:12:00.422397,355094429,7,4203896
66035,2023-01-20 11:12:01.420074,356094433,7,4203896
66362,2023-01-20 11:12:02.420074,357094440,7,4203896
66689,2023-01-20 11:12:03.420090,358094453,7,4203896
67015,2023-01-20 11:12:04.420072,359094443,7,4203896
67341,2023-01-20 11:12:05.420078,360094440,7,4203896
67670,2023-01-20 11:12:06.420063,361094430,7,4203896
67997,2023-01-20 11:12:07.420077,362094435,7,4203896
68324,2023-01-20 11:12:08.420041,363094437,7,4203896
68650,2023-01-20 11:12:09.418280,364094458,7,4203896
68977,2023-01-20 11:12:10.400135,365094689,7,4203896
69305,2023-01-20 11:12:11.400131,366094678,7,4203896
69632,2023-01-20 11:12:12.400127,367094755,7,4203896
69961,2023-01-20 11:12:13.400130,368094726,7,4203896
70288,2023-01-20 11:12:14.400127,369094772,7,4203896
70614,2023-01-20 11:12:15.400141,370094751,7,4203896
70943,2023-01-20 11:12:16.400131,371094735,7,4203896
71318,2023-01-20 11:12:17.400132,372094734,7,4203896
71645,2023-01-20 11:12:18.400127,373094731,7,4203896
71970,2023-01-20 11:12:19.380355,374094614,7,4203896
72297,2023-01-20 11:12:20.380335,375094592,7,4203896
72625,2023-01-20 11:12:21.380434,376094634,7,4203896
72951,2023-01-20 11:12:22.380073,377094433,7,4203896
73279,2023-01-20 11:12:23.380075,378094437,7,4203896
73605,2023-01-20 11:12:24.380070,379094434,7,4203896
73932,2023-01-20 11:12:25.380080,380094441,7,4203896
74260,2023-01-20 11:12:26.380084,381094447,7,4203896
74587,2023-01-20 11:12:27.380106,382094475,7,4203896
74914,2023-01-20 11:12:28.360294,383094441,7,4203896
75241,2023-01-20 11:12:29.363749,384094473,7,4203896
75568,2023-01-20 11:12:30.360035,385094417,7,4203896
75897,2023-01-20 11:12:31.360060,386094431,7,4203896
76223,2023-01-20 11:12:32.360052,387094432,7,4203896
76550,2023-01-20 11:12:33.360062,388094432,7,4203896
76925,2023-01-20 11:12:34.360062,389094444,7,4203896
77251,2023-01-20 11:12:35.360077,390094446,7,4203896
77580,2023-01-20 11:12:36.360065,391094443,7,4203896
77906,2023-01-20 11:12:37.360022,392094435,7,4203896
78234,2023-01-20 11:12:38.340233,393094443,7,4203896
78560,2023-01-20 11:12:39.340120,394094439,7,4203896
78888,2023-01-20 11:12:40.340084,395094442,7,4203896
79216,2023-01-20 11:12:41.340036,396094427,7,4203896
79543,2023-01-20 11:12:42.340118,397094478,7,4203896
79870,2023-01-20 11:12:43.340042,398094430,7,4203896
80199,2023-01-20 11:12:44.340129,399094483,7,4203896
80525,2023-01-20 11:12:45.340047,400094437,7,4203896
80852,2023-01-20 11:12:46.340065,401094431,7,4203896
81179,2023-01-20 11:12:47.340077,402094433,7,4203896
81506,2023-01-20 11:12:48.320117,403094427,7,4203896
81833,2023-01-20 11:12:49.320087,404094443,7,4203896
82209,2023-01-20 11:12:50.320090,405094444,7,4203896
82538,2023-01-20 11:12:51.320064,406094436,7,4203896
82864,2023-01-20 11:12:52.320063,407094423,7,4203896
83192,2023-01-20 11:12:53.320082,408094448,7,4203896
83518,2023-01-20 11:12:54.320068,409094430,7,4203896
83845,2023-01-20 11:12:55.320073,410094443,7,4203896
84173,2023-01-20 11:12:56.320103,411094443,7,4203896
84500,2023-01-20 11:12:57.300019,412094493,7,4203896
84826,2023-01-20 11:12:58.299942,413094437,7,4203896
85153,2023-01-20 11:12:59.299898,414094498,7,4203896
85480,2023-01-20 11:13:00.299833,415094429,7,4203896
85808,2023-01-20 11:13:01.299792,416094435,7,4203896
86135,2023-01-20 11:13:02.299824,417094425,7,4203896
86461,2023-01-20 11:13:03.299794,418094431,7,4203896
86788,2023-01-20 11:13:04.299860,419094447,7,4203896
87114,2023-01-20 11:13:05.299816,420094438,7,4203896
87443,2023-01-20 11:13:06.299840,421094436,7,4203896
87818,2023-01-20 11:13:07.280257,422094439,7,4203896
88145,2023-01-20 11:13:08.280202,423094436,7,4203896
88471,2023-01-20 11:13:09.280061,424094431,7,4203896
88799,2023-01-20 11:13:10.280069,425094436,7,4203896
89127,2023-01-20 11:13:11.280065,426094424,7,4203896
89454,2023-01-20 11:13:12.280102,427094482,7,4203896
89780,2023-01-20 11:13:13.280078,428094436,7,4203896
90107,2023-01-20 11:13:14.280100,429094479,7,4203896
90435,2023-01-20 11:13:15.280057,430094423,7,4203896
90763,2023-01-20 11:13:16.272866,431094416,7,4203896
91090,2023-01-20 11:13:17.260189,432094433,7,4203896
91416,2023-01-20 11:13:18.260064,433094455,7,4203896
91744,2023-01-20 11:13:19.260083,434094446,7,4203896
92070,2023-01-20 11:13:20.260050,435094439,7,4203896
92399,2023-01-20 11:13:21.260053,436094426,7,4203896
92725,2023-01-20 11:13:22.260052,437094435,7,4203896
93052,2023-01-20 11:13:23.260066,438094437,7,4203896
93428,2023-01-20 11:13:24.260050,439094431,7,4203896
93755,2023-01-20 11:13:25.260070,440094436,7,4203896
94083,2023-01-20 11:13:26.260026,441094433,7,4203896
94410,2023-01-20 11:13:27.240283,442094467,7,4203896
94736,2023-01-20 11:13:28.240054,443094421,7,4203896
95063,2023-01-20 11:13:29.240118,444094482,7,4203896
95391,2023-01-20 11:13:30.240088,445094456,7,4203896
95719,2023-01-20 11:13:31.240074,446094449,7,4203896
96045,2023-01-20 11:13:32.240041,447094444,7,4203896
96370,2023-01-20 11:13:33.240077,448094445,7,4203896
96697,2023-01-20 11:13:34.240038,449094443,7,4203896
97024,2023-01-20 11:13:35.240068,450094437,7,4203896
97350,2023-01-20 11:13:36.220252,451094437,7,4203896
97674,2023-01-20 11:13:37.220179,452094428,7,4203896
97998,2023-01-20 11:13:38.220042,453094433,7,4203896
98326,2023-01-20 11:13:39.220084,454094445,7,4203896
98651,2023-01-20 11:13:40.220047,455094455,7,4203896
98979,2023-01-20 11:13:41.220076,456094447,7,4203896
99303,2023-01-20 11:13:42.220122,457094508,7,4203896
99628,2023-01-20 11:13:43.220079,458094460,7,4203896
99954,2023-01-20 11:13:44.220131,459094489,7,4203896
100277,2023-01-20 11:13:45.218311,460094491,7,4203896
100608,2023-01-20 11:13:46.200127,461094604,7,4203896
100932,2023-01-20 11:13:47.200130,462094572,7,4203896
101256,2023-01-20 11:13:48.200139,463094763,7,4203896
101586,2023-01-20 11:13:49.200127,464094738,7,4203896
101912,2023-01-20 11:13:50.200127,465094743,7,4203896
102283,2023-01-20 11:13:51.200126,466094748,7,4203896
102610,2023-01-20 11:13:52.200127,467094734,7,4203896
102936,2023-01-20 11:13:53.200127,468094763,7,4203896
103262,2023-01-20 11:13:54.200145,469094755,7,4203896
103588,2023-01-20 11:13:55.182207,470094670,7,4203896
103916,2023-01-20 11:13:56.180563,471094708,7,4203896
104242,2023-01-20 11:13:57.180203,472094560,7,4203896
104568,2023-01-20 11:13:58.180093,473094455,7,4203896
104895,2023-01-20 11:13:59.180151,474094498,7,4203896
105223,2023-01-20 11:14:00.180092,475094453,7,4203896
105552,2023-01-20 11:14:01.180096,476094455,7,4203896
105878,2023-01-20 11:14:02.180103,477094463,7,4203896
106205,2023-01-20 11:14:03.177868,478094452,7,4203896
106531,2023-01-20 11:14:04.180106,479094467,7,4203896
106859,2023-01-20 11:14:05.160286,480094470,7,4203896
107187,2023-01-20 11:14:06.160122,481094476,7,4203896
107512,2023-01-20 11:14:07.160056,482094466,7,4203896
107888,2023-01-20 11:14:08.160069,483094443,7,4203896
108214,2023-01-20 11:14:09.160039,484094455,7,4203896
108543,2023-01-20 11:14:10.160092,485094456,7,4203896
108871,2023-01-20 11:14:11.160045,486094451,7,4203896
109198,2023-01-20 11:14:12.160120,487094497,7,4203896
109524,2023-01-20 11:14:13.160058,488094443,7,4203896
109851,2023-01-20 11:14:14.160122,489094488,7,4203896
110178,2023-01-20 11:14:15.140139,490094451,7,4203896
110507,2023-01-20 11:14:16.140088,491094443,7,4203896
110835,2023-01-20 11:14:17.140098,492094457,7,4203896
111162,2023-01-20 11:14:18.140100,493094461,7,4203896
111488,2023-01-20 11:14:19.140094,494094461,7,4203896
111816,2023-01-20 11:14:20.140095,495094463,7,4203896
112144,2023-01-20 11:14:21.140080,496094458,7,4203896
112470,2023-01-20 11:14:22.140101,497094451,7,4203896
112797,2023-01-20 11:14:23.140111,498094459,7,4203896
113123,2023-01-20 11:14:24.120290,499094449,7,4203896
113500,2023-01-20 11:14:25.120161,500094464,7,4203896
113828,2023-01-20 11:14:26.120237,501094471,7,4203896
114155,2023-01-20 11:14:27.120115,502094500,7,4203896
114481,2023-01-20 11:14:28.120091,503094461,7,4203896
114808,2023-01-20 11:14:29.120113,504094493,7,4203896
115136,2023-01-20 11:14:30.120074,505094450,7,4203896
115464,2023-01-20 11:14:31.120080,506094455,7,4203896
115790,2023-01-20 11:14:32.120088,507094462,7,4203896
116117,2023-01-20 11:14:33.099993,508094455,7,4203896
116443,2023-01-20 11:14:34.109118,509094448,7,4203896
116770,2023-01-20 11:14:35.099904,510094458,7,4203896
117099,2023-01-20 11:14:36.099857,511094460,7,4203896
117425,2023-01-20 11:14:37.099801,512094443,7,4203896
117752,2023-01-20 11:14:38.099814,513094458,7,4203896
118078,2023-01-20 11:14:39.099818,514094456,7,4203896
118407,2023-01-20 11:14:40.099809,515094455,7,4203896
118784,2023-01-20 11:14:41.099821,516094469,7,4203896
119111,2023-01-20 11:14:42.099865,517094503,7,4203896
119437,2023-01-20 11:14:43.088984,518094453,7,4203896
119764,2023-01-20 11:14:44.080215,519094499,7,4203896
120089,2023-01-20 11:14:45.080092,520094453,7,4203896
120419,2023-01-20 11:14:46.080089,521094458,7,4203896
120745,2023-01-20 11:14:47.080094,522094453,7,4203896
121074,2023-01-20 11:14:48.080081,523094451,7,4203896
121400,2023-01-20 11:14:49.080093,524094451,7,4203896
121727,2023-01-20 11:14:50.080078,525094444,7,4203896
122057,2023-01-20 11:14:51.080114,526094471,7,4203896
122383,2023-01-20 11:14:52.080082,527094458,7,4203896
122710,2023-01-20 11:14:53.066942,528094455,7,4203896
123036,2023-01-20 11:14:54.060223,529094439,7,4203896
123362,2023-01-20 11:14:55.060132,530094458,7,4203896
123691,2023-01-20 11:14:56.060041,531094451,7,4203896
124018,2023-01-20 11:14:57.060111,532094490,7,4203896
124393,2023-01-20 11:14:58.060028,533094438,7,4203896
124720,2023-01-20 11:14:59.060117,534094494,7,4203896
125047,2023-01-20 11:15:00.054585,535094447,7,4203896
125377,2023-01-20 11:15:01.060088,536094465,7,4203896
125703,2023-01-20 11:15:02.060097,537094461,7,4203896
126030,2023-01-20 11:15:03.040295,538094457,7,4203896
126356,2023-01-20 11:15:04.040110,539094463,7,4203896
126682,2023-01-20 11:15:05.040132,540094462,7,4203896
127012,2023-01-20 11:15:06.040096,541094458,7,4203896
127338,2023-01-20 11:15:07.040070,542094437,7,4203896
127665,2023-01-20 11:15:08.040082,543094457,7,4203896
127990,2023-01-20 11:15:09.040087,544094464,7,4203896
128318,2023-01-20 11:15:10.040113,545094469,7,4203896
128647,2023-01-20 11:15:11.040083,546094464,7,4203896
128974,2023-01-20 11:15:12.020367,547094498,7,4203896
129300,2023-01-20 11:15:13.036456,548094461,7,4203896
129627,2023-01-20 11:15:14.020136,549094501,7,4203896
130002,2023-01-20 11:15:15.020082,550094454,7,4203896
130332,2023-01-20 11:15:16.020095,551094459,7,4203896
130658,2023-01-20 11:15:17.020096,552094465,7,4203896
130984,2023-01-20 11:15:18.020111,553094459,7,4203896
131313,2023-01-20 11:15:19.020086,554094457,7,4203896
131639,2023-01-20 11:15:20.020091,555094472,7,4203896
131969,2023-01-20 11:15:21.020087,556094465,7,4203896
132295,2023-01-20 11:15:22.000127,557094565,7,4203896
132622,2023-01-20 11:15:23.000131,558094738,7,4203896
132947,2023-01-20 11:15:24.000131,559094734,7,4203896
133271,2023-01-20 11:15:25.000131,560094763,7,4203896
133602,2023-01-20 11:15:26.000130,561094743,7,4203896
133926,2023-01-20 11:15:27.000131,562094823,7,4203896
134249,2023-01-20 11:15:28.000127,563094733,7,4203896
134573,2023-01-20 11:15:29.000139,564094793,7,4203896
134898,2023-01-20 11:15:29.982286,565094717,7,4203896
135226,2023-01-20 11:15:30.980427,566094640,7,4203896
135550,2023-01-20 11:15:31.980222,567094586,7,4203896
135876,2023-01-20 11:15:32.980084,568094516,7,4203896
136200,2023-01-20 11:15:33.980081,569094467,7,4203896
136526,2023-01-20 11:15:34.980078,570094465,7,4203896
136855,2023-01-20 11:15:35.980391,571094774,7,4203896
137180,2023-01-20 11:15:36.980056,572094432,7,4203896
137504,2023-01-20 11:15:37.980078,573094460,7,4203896
137828,2023-01-20 11:15:38.980057,574094437,7,4203896
138157,2023-01-20 11:15:39.963886,575094431,7,4203896
138483,2023-01-20 11:15:40.960142,576094438,7,4203896
138808,2023-01-20 11:15:41.960137,577094510,7,4203896
139180,2023-01-20 11:15:42.960102,578094448,7,4203896
139506,2023-01-20 11:15:43.960132,579094504,7,4203896
139832,2023-01-20 11:15:44.960079,580094465,7,4203896
140161,2023-01-20 11:15:45.960076,581094446,7,4203896
140488,2023-01-20 11:15:46.960076,582094461,7,4203896
140815,2023-01-20 11:15:47.960078,583094450,7,4203896
141141,2023-01-20 11:15:48.960075,584094456,7,4203896
141471,2023-01-20 11:15:49.960098,585094451,7,4203896
141799,2023-01-20 11:15:50.940254,586094447,7,4203896
142127,2023-01-20 11:15:51.955632,587094448,7,4203896
142452,2023-01-20 11:15:52.940071,588094443,7,4203896
142779,2023-01-20 11:15:53.940077,589094439,7,4203896
143105,2023-01-20 11:15:54.940089,590094453,7,4203896
143434,2023-01-20 11:15:55.940041,591094443,7,4203896
143761,2023-01-20 11:15:56.940135,592094496,7,4203896
144088,2023-01-20 11:15:57.940056,593094444,7,4203896
144463,2023-01-20 11:15:58.940134,594094496,7,4203896
144790,2023-01-20 11:15:59.927451,595094445,7,4203896
145119,2023-01-20 11:16:00.920107,596094448,7,4203896
145446,2023-01-20 11:16:01.920060,597094447,7,4203896
145773,2023-01-20 11:16:02.920084,598094439,7,4203896
146098,2023-01-20 11:16:03.920068,599094454,7,4203896
146425,2023-01-20 11:16:04.920097,600094450,7,4203896
146753,2023-01-20 11:16:05.920089,601094447,7,4203896
147081,2023-01-20 11:16:06.920083,602094445,7,4203896
147407,2023-01-20 11:16:07.920090,603094455,7,4203896
147734,2023-01-20 11:16:08.900002,604094452,7,4203896
148061,2023-01-20 11:16:09.899943,605094445,7,4203896
148389,2023-01-20 11:16:10.899862,606094452,7,4203896
148716,2023-01-20 11:16:11.899903,607094498,7,4203896
149042,2023-01-20 11:16:12.899858,608094463,7,4203896
149369,2023-01-20 11:16:13.899886,609094495,7,4203896
149695,2023-01-20 11:16:14.899853,610094462,7,4203896
150073,2023-01-20 11:16:15.899828,611094446,7,4203896
150400,2023-01-20 11:16:16.899834,612094461,7,4203896
150727,2023-01-20 11:16:17.899830,613094450,7,4203896
151052,2023-01-20 11:16:18.880251,614094446,7,4203896
151380,2023-01-20 11:16:19.880237,615094458,7,4203896
151710,2023-01-20 11:16:20.880092,616094449,7,4203896
152038,2023-01-20 11:16:21.880066,617094447,7,4203896
152364,2023-01-20 11:16:22.880095,618094452,7,4203896
152691,2023-01-20 11:16:23.880064,619094447,7,4203896
153017,2023-01-20 11:16:24.880086,620094448,7,4203896
153346,2023-01-20 11:16:25.880100,621094450,7,4203896
153672,2023-01-20 11:16:26.880113,622094491,7,4203896
153999,2023-01-20 11:16:27.872898,623094441,7,4203896
154326,2023-01-20 11:16:28.860350,624094487,7,4203896
154652,2023-01-20 11:16:29.860105,625094450,7,4203896
154981,2023-01-20 11:16:30.860116,626094451,7,4203896
155307,2023-01-20 11:16:31.860065,627094439,7,4203896
155684,2023-01-20 11:16:32.860055,628094437,7,4203896
156010,2023-01-20 11:16:33.860072,629094438,7,4203896
156337,2023-01-20 11:16:34.860037,630094430,7,4203896
156665,2023-01-20 11:16:35.860078,631094438,7,4203896
156992,2023-01-20 11:16:36.860064,632094434,7,4203896
157319,2023-01-20 11:16:37.840316,633094477,7,4203896
157645,2023-01-20 11:16:38.854593,634094437,7,4203896
157972,2023-01-20 11:16:39.840167,635094431,7,4203896
158300,2023-01-20 11:16:40.840060,636094428,7,4203896
158627,2023-01-20 11:16:41.840110,637094479,7,4203896
158954,2023-01-20 11:16:42.840049,638094423,7,4203896
159281,2023-01-20 11:16:43.840103,639094479,7,4203896
159607,2023-01-20 11:16:44.840058,640094427,7,4203896
159936,2023-01-20 11:16:45.840067,641094436,7,4203896
160262,2023-01-20 11:16:46.840031,642094429,7,4203896
160590,2023-01-20 11:16:47.820249,643094430,7,4203896
160965,2023-01-20 11:16:48.820175,644094429,7,4203896
161293,2023-01-20 11:16:49.820078,645094439,7,4203896
161620,2023-01-20 11:16:50.820007,646094423,7,4203896
161949,2023-01-20 11:16:51.820056,647094425,7,4203896
162276,2023-01-20 11:16:52.820031,648094441,7,4203896
162603,2023-01-20 11:16:53.820068,649094432,7,4203896
162929,2023-01-20 11:16:54.820066,650094437,7,4203896
163257,2023-01-20 11:16:55.820046,651094432,7,4203896
163584,2023-01-20 11:16:56.820132,652094507,7,4203896
163911,2023-01-20 11:16:57.800127,653094641,7,4203896
164238,2023-01-20 11:16:58.800127,654094772,7,4203896
164565,2023-01-20 11:16:59.800127,655094713,7,4203896
164894,2023-01-20 11:17:00.800142,656094728,7,4203896
165220,2023-01-20 11:17:01.800127,657094721,7,4203896
165547,2023-01-20 11:17:02.800130,658094715,7,4203896
165873,2023-01-20 11:17:03.800138,659094747,7,4203896
166200,2023-01-20 11:17:04.800146,660094728,7,4203896
166577,2023-01-20 11:17:05.800137,661094739,7,4203896
166902,2023-01-20 11:17:06.782234,662094672,7,4203896
167229,2023-01-20 11:17:07.780220,663094534,7,4203896
167555,2023-01-20 11:17:08.780239,664094569,7,4203896
167883,2023-01-20 11:17:09.780073,665094430,7,4203896
168211,2023-01-20 11:17:10.780056,666094434,7,4203896
168538,2023-01-20 11:17:11.780112,667094492,7,4203896
168865,2023-01-20 11:17:12.780057,668094432,7,4203896
169192,2023-01-20 11:17:13.780107,669094486,7,4203896
169516,2023-01-20 11:17:14.780060,670094432,7,4203896
169844,2023-01-20 11:17:15.763870,671094443,7,4203896
170168,2023-01-20 11:17:16.763888,672094440,7,4203896
170493,2023-01-20 11:17:17.777847,673094450,7,4203896
170818,2023-01-20 11:17:18.760033,674094431,7,4203896
171146,2023-01-20 11:17:19.760053,675094442,7,4203896
171472,2023-01-20 11:17:20.760061,676094440,7,4203896
171797,2023-01-20 11:17:21.760026,677094446,7,4203896
172125,2023-01-20 11:17:22.760080,678094473,7,4203896
172452,2023-01-20 11:17:23.760029,679094462,7,4203896
172776,2023-01-20 11:17:24.760087,680094473,7,4203896
173103,2023-01-20 11:17:25.745667,681094448,7,4203896
173430,2023-01-20 11:17:26.745714,682094494,7,4203896
173754,2023-01-20 11:17:27.740045,683094459,7,4203896
174079,2023-01-20 11:17:28.740119,684094501,7,4203896
174409,2023-01-20 11:17:29.740070,685094483,7,4203896
174735,2023-01-20 11:17:30.740065,686094449,7,4203896
175059,2023-01-20 11:17:31.740080,687094462,7,4203896
175429,2023-01-20 11:17:32.740081,688094459,7,4203896
175757,2023-01-20 11:17:33.740089,689094458,7,4203896
176083,2023-01-20 11:17:34.740123,690094482,7,4203896
176412,2023-01-20 11:17:35.727451,691094460,7,4203896
176738,2023-01-20 11:17:36.720107,692094457,7,4203896
177065,2023-01-20 11:17:37.720087,693094469,7,4203896
177391,2023-01-20 11:17:38.720090,694094453,7,4203896
177719,2023-01-20 11:17:39.720083,695094468,7,4203896
178047,2023-01-20 11:17:40.720073,696094460,7,4203896
178374,2023-01-20 11:17:41.720099,697094505,7,4203896
178700,2023-01-20 11:17:42.720058,698094446,7,4203896
179027,2023-01-20 11:17:43.720088,699094492,7,4203896
179354,2023-01-20 11:17:44.720068,700094448,7,4203896
179682,2023-01-20 11:17:45.699915,701094469,7,4203896
180009,2023-01-20 11:17:46.699833,702094462,7,4203896
180335,2023-01-20 11:17:47.699811,703094459,7,4203896
180662,2023-01-20 11:17:48.699794,704094466,7,4203896
181038,2023-01-20 11:17:49.699804,705094458,7,4203896
181367,2023-01-20 11:17:50.699797,706094466,7,4203896
181693,2023-01-20 11:17:51.699810,707094459,7,4203896
182020,2023-01-20 11:17:52.699744,708094461,7,4203896
182349,2023-01-20 11:17:53.699801,709094457,7,4203896
182676,2023-01-20 11:17:54.699789,710094464,7,4203896
183004,2023-01-20 11:17:55.680137,711094451,7,4203896
183331,2023-01-20 11:17:56.680172,712094500,7,4203896
183657,2023-01-20 11:17:57.680048,713094462,7,4203896
183984,2023-01-20 11:17:58.680084,714094487,7,4203896
184311,2023-01-20 11:17:59.680061,715094449,7,4203896
184639,2023-01-20 11:18:00.680072,716094454,7,4203896
184966,2023-01-20 11:18:01.680066,717094455,7,4203896
185292,2023-01-20 11:18:02.680073,718094464,7,4203896
185620,2023-01-20 11:18:03.680083,719094465,7,4203896
185946,2023-01-20 11:18:04.672842,720094459,7,4203896
186275,2023-01-20 11:18:05.660240,721094460,7,4203896
186650,2023-01-20 11:18:06.660048,722094462,7,4203896
186977,2023-01-20 11:18:07.660055,723094467,7,4203896
187303,2023-01-20 11:18:08.660034,724094456,7,4203896
187632,2023-01-20 11:18:09.660059,725094468,7,4203896
187960,2023-01-20 11:18:10.660007,726094454,7,4203896
188285,2023-01-20 11:18:11.660103,727094504,7,4203896
188612,2023-01-20 11:18:12.660018,728094459,7,4203896
188938,2023-01-20 11:18:13.660102,729094500,7,4203896
189266,2023-01-20 11:18:14.654620,730094455,7,4203896
189594,2023-01-20 11:18:15.640085,731094456,7,4203896
189921,2023-01-20 11:18:16.640025,732094461,7,4203896
190247,2023-01-20 11:18:17.640094,733094461,7,4203896
190574,2023-01-20 11:18:18.640022,734094461,7,4203896
190902,2023-01-20 11:18:19.640057,735094460,7,4203896
191231,2023-01-20 11:18:20.640053,736094458,7,4203896
191557,2023-01-20 11:18:21.640054,737094461,7,4203896
191933,2023-01-20 11:18:22.640058,738094461,7,4203896
192258,2023-01-20 11:18:23.640072,739094456,7,4203896
192587,2023-01-20 11:18:24.620220,740094463,7,4203896
192916,2023-01-20 11:18:25.620099,741094458,7,4203896
193242,2023-01-20 11:18:26.620090,742094507,7,4203896
193569,2023-01-20 11:18:27.620058,743094474,7,4203896
193895,2023-01-20 11:18:28.620107,744094510,7,4203896
194224,2023-01-20 11:18:29.620021,745094453,7,4203896
194552,2023-01-20 11:18:30.620054,746094459,7,4203896
194879,2023-01-20 11:18:31.620050,747094461,7,4203896
195205,2023-01-20 11:18:32.620142,748094526,7,4203896
195532,2023-01-20 11:18:33.600145,749094717,7,4203896
195859,2023-01-20 11:18:34.600139,750094717,7,4203896
196187,2023-01-20 11:18:35.600131,751094758,7,4203896
196513,2023-01-20 11:18:36.600145,752094796,7,4203896
196840,2023-01-20 11:18:37.600131,753094801,7,4203896
197166,2023-01-20 11:18:38.600131,754094793,7,4203896
197543,2023-01-20 11:18:39.600130,755094799,7,4203896
197872,2023-01-20 11:18:40.600127,756094802,7,4203896
198198,2023-01-20 11:18:41.600183,757094900,7,4203896
198525,2023-01-20 11:18:42.600115,758094787,7,4203896
198849,2023-01-20 11:18:43.580620,759094806,7,4203896
199177,2023-01-20 11:18:44.580331,760094643,7,4203896
199504,2023-01-20 11:18:45.580093,761094535,7,4203896
199831,2023-01-20 11:18:46.580058,762094465,7,4203896
200157,2023-01-20 11:18:47.580023,763094461,7,4203896
200484,2023-01-20 11:18:48.580065,764094467,7,4203896
200812,2023-01-20 11:18:49.580050,765094458,7,4203896
201141,2023-01-20 11:18:50.580044,766094454,7,4203896
201467,2023-01-20 11:18:51.580052,767094453,7,4203896
201794,2023-01-20 11:18:52.580055,768094463,7,4203896
202120,2023-01-20 11:18:53.560091,769094451,7,4203896
202447,2023-01-20 11:18:54.560107,770094471,7,4203896
202778,2023-01-20 11:18:55.560059,771094468,7,4203896
203153,2023-01-20 11:18:56.560100,772094513,7,4203896
203479,2023-01-20 11:18:57.560050,773094464,7,4203896
203805,2023-01-20 11:18:58.560091,774094515,7,4203896
204133,2023-01-20 11:18:59.560036,775094464,7,4203896
204462,2023-01-20 11:19:00.560067,776094484,7,4203896
204789,2023-01-20 11:19:01.560049,777094483,7,4203896
205115,2023-01-20 11:19:02.555668,778094463,7,4203896
205442,2023-01-20 11:19:03.540074,779094473,7,4203896
205766,2023-01-20 11:19:04.540121,780094463,7,4203896
206097,2023-01-20 11:19:05.540051,781094468,7,4203896
206421,2023-01-20 11:19:06.540057,782094455,7,4203896
206745,2023-01-20 11:19:07.540060,783094477,7,4203896
207070,2023-01-20 11:19:08.540050,784094457,7,4203896
207397,2023-01-20 11:19:09.540093,785094488,7,4203896
207723,2023-01-20 11:19:10.540015,786094447,7,4203896
208048,2023-01-20 11:19:11.520270,787094496,7,4203896
208372,2023-01-20 11:19:12.520057,788094434,7,4203896
208698,2023-01-20 11:19:13.520083,789094480,7,4203896
209022,2023-01-20 11:19:14.520055,790094450,7,4203896
209350,2023-01-20 11:19:15.520042,791094441,7,4203896
209679,2023-01-20 11:19:16.520017,792094432,7,4203896
210002,2023-01-20 11:19:17.520047,793094427,7,4203896
210326,2023-01-20 11:19:18.520036,794094453,7,4203896
210651,2023-01-20 11:19:19.520044,795094440,7,4203896
210983,2023-01-20 11:19:20.509289,796094665,7,4203896
211308,2023-01-20 11:19:21.499969,797094436,7,4203896
211631,2023-01-20 11:19:22.499874,798094427,7,4203896
211958,2023-01-20 11:19:23.499810,799094434,7,4203896
212329,2023-01-20 11:19:24.499837,800094468,7,4203896
212659,2023-01-20 11:19:25.500063,801094681,7,4203896
212987,2023-01-20 11:19:26.499830,802094472,7,4203896
213314,2023-01-20 11:19:27.499819,803094432,7,4203896
213640,2023-01-20 11:19:28.499813,804094451,7,4203896
213967,2023-01-20 11:19:29.499828,805094435,7,4203896
214295,2023-01-20 11:19:30.491010,806094562,7,4203896
214623,2023-01-20 11:19:31.480198,807094443,7,4203896
214950,2023-01-20 11:19:32.480090,808094447,7,4203896
215276,2023-01-20 11:19:33.480054,809094441,7,4203896
215603,2023-01-20 11:19:34.480018,810094434,7,4203896
215930,2023-01-20 11:19:35.480045,811094433,7,4203896
216258,2023-01-20 11:19:36.480019,812094424,7,4203896
216584,2023-01-20 11:19:37.480052,813094439,7,4203896
216911,2023-01-20 11:19:38.480048,814094433,7,4203896
217237,2023-01-20 11:19:39.460338,815094487,7,4203896
217565,2023-01-20 11:19:40.460118,816094433,7,4203896
217942,2023-01-20 11:19:41.460082,817094470,7,4203896
218269,2023-01-20 11:19:42.460010,818094431,7,4203896
218595,2023-01-20 11:19:43.460067,819094446,7,4203896
218920,2023-01-20 11:19:44.460062,820094446,7,4203896
219248,2023-01-20 11:19:45.460031,821094434,7,4203896
219575,2023-01-20 11:19:46.460047,822094440,7,4203896
219902,2023-01-20 11:19:47.460037,823094440,7,4203896
220228,2023-01-20 11:19:48.460053,824094444,7,4203896
220556,2023-01-20 11:19:49.454615,825094430,7,4203896
220883,2023-01-20 11:19:50.440208,826094473,7,4203896
221213,2023-01-20 11:19:51.440041,827094427,7,4203896
221539,2023-01-20 11:19:52.440065,828094436,7,4203896
221866,2023-01-20 11:19:53.440048,829094431,7,4203896
222192,2023-01-20 11:19:54.440112,830094484,7,4203896
222519,2023-01-20 11:19:55.440061,831094439,7,4203896
222848,2023-01-20 11:19:56.440109,832094481,7,4203896
223226,2023-01-20 11:19:57.440062,833094433,7,4203896
223551,2023-01-20 11:19:58.440100,834094432,7,4203896
223878,2023-01-20 11:19:59.420238,835094443,7,4203896
224205,2023-01-20 11:20:00.420117,836094445,7,4203896
224534,2023-01-20 11:20:01.420083,837094441,7,4203896
224861,2023-01-20 11:20:02.420083,838094445,7,4203896
225187,2023-01-20 11:20:03.420084,839094443,7,4203896
225514,2023-01-20 11:20:04.420067,840094438,7,4203896
225840,2023-01-20 11:20:05.420041,841094452,7,4203896
226170,2023-01-20 11:20:06.420095,842094452,7,4203896
226496,2023-01-20 11:20:07.420062,843094462,7,4203896
226823,2023-01-20 11:20:08.400131,844094583,7,4203896
227149,2023-01-20 11:20:09.400131,845094606,7,4203896
227476,2023-01-20 11:20:10.400127,846094747,7,4203896
227805,2023-01-20 11:20:11.400143,847094789,7,4203896
228131,2023-01-20 11:20:12.400135,848094736,7,4203896
228458,2023-01-20 11:20:13.400131,849094740,7,4203896
228833,2023-01-20 11:20:14.400131,850094732,7,4203896
229160,2023-01-20 11:20:15.400131,851094741,7,4203896
229489,2023-01-20 11:20:16.400131,852094733,7,4203896
229816,2023-01-20 11:20:17.400119,853094720,7,4203896
230140,2023-01-20 11:20:18.380237,854094558,7,4203896
230467,2023-01-20 11:20:19.380145,855094508,7,4203896
230793,2023-01-20 11:20:20.380124,856094485,7,4203896
231123,2023-01-20 11:20:21.380076,857094433,7,4203896
231449,2023-01-20 11:20:22.380074,858094435,7,4203896
231776,2023-01-20 11:20:23.380070,859094435,7,4203896
232102,2023-01-20 11:20:24.380131,860094485,7,4203896
232429,2023-01-20 11:20:25.380073,861094436,7,4203896
232758,2023-01-20 11:20:26.380120,862094479,7,4203896
233084,2023-01-20 11:20:27.360181,863094441,7,4203896
233413,2023-01-20 11:20:28.360219,864094444,7,4203896
233740,2023-01-20 11:20:29.360069,865094434,7,4203896
234116,2023-01-20 11:20:30.360100,866094438,7,4203896
234444,2023-01-20 11:20:31.360054,867094441,7,4203896
234771,2023-01-20 11:20:32.360051,868094437,7,4203896
235097,2023-01-20 11:20:33.360080,869094454,7,4203896
235424,2023-01-20 11:20:34.360020,870094430,7,4203896
235750,2023-01-20 11:20:35.360059,871094436,7,4203896
236080,2023-01-20 11:20:36.360048,872094436,7,4203896
236406,2023-01-20 11:20:37.360099,873094448,7,4203896
236733,2023-01-20 11:20:38.340144,874094451,7,4203896
237060,2023-01-20 11:20:39.340116,875094480,7,4203896
237387,2023-01-20 11:20:40.340038,876094438,7,4203896
237715,2023-01-20 11:20:41.340099,877094468,7,4203896
238042,2023-01-20 11:20:42.340029,878094428,7,4203896
238369,2023-01-20 11:20:43.340075,879094442,7,4203896
238695,2023-01-20 11:20:44.340078,880094442,7,4203896
239021,2023-01-20 11:20:45.340074,881094444,7,4203896
239349,2023-01-20 11:20:46.340095,882094449,7,4203896
239726,2023-01-20 11:20:47.320151,883094433,7,4203896
240052,2023-01-20 11:20:48.320205,884094441,7,4203896
240380,2023-01-20 11:20:49.320072,885094436,7,4203896
240706,2023-01-20 11:20:50.320063,886094450,7,4203896
241035,2023-01-20 11:20:51.320073,887094457,7,4203896
241362,2023-01-20 11:20:52.320064,888094446,7,4203896
241687,2023-01-20 11:20:53.320063,889094440,7,4203896
242013,2023-01-20 11:20:54.320103,890094488,7,4203896
242340,2023-01-20 11:20:55.320068,891094442,7,4203896
242666,2023-01-20 11:20:56.309101,892094468,7,4203896
242991,2023-01-20 11:20:57.299914,893094430,7,4203896
243314,2023-01-20 11:20:58.299814,894094427,7,4203896
243645,2023-01-20 11:20:59.299854,895094451,7,4203896
243969,2023-01-20 11:21:00.299816,896094453,7,4203896
244296,2023-01-20 11:21:01.299843,897094462,7,4203896
244623,2023-01-20 11:21:02.299822,898094463,7,4203896
244948,2023-01-20 11:21:03.299827,899094461,7,4203896
245273,2023-01-20 11:21:04.299804,900094441,7,4203896
245597,2023-01-20 11:21:05.290958,901094458,7,4203896
245926,2023-01-20 11:21:06.280235,902094461,7,4203896
246253,2023-01-20 11:21:07.280090,903094469,7,4203896
246577,2023-01-20 11:21:08.280096,904094466,7,4203896
246906,2023-01-20 11:21:09.280131,905094508,7,4203896
247230,2023-01-20 11:21:10.280091,906094454,7,4203896
247556,2023-01-20 11:21:11.280142,907094515,7,4203896
247884,2023-01-20 11:21:12.280103,908094469,7,4203896
248210,2023-01-20 11:21:13.280101,909094477,7,4203896
248580,2023-01-20 11:21:14.280118,910094486,7,4203896
248907,2023-01-20 11:21:15.260315,911094483,7,4203896
249235,2023-01-20 11:21:16.260219,912094475,7,4203896
249563,2023-01-20 11:21:17.260069,913094479,7,4203896
249889,2023-01-20 11:21:18.260106,914094474,7,4203896
250216,2023-01-20 11:21:19.260110,915094483,7,4203896
250542,2023-01-20 11:21:20.260119,916094493,7,4203896
250871,2023-01-20 11:21:21.260108,917094486,7,4203896
251198,2023-01-20 11:21:22.260103,918094481,7,4203896
251525,2023-01-20 11:21:23.260071,919094473,7,4203896
251851,2023-01-20 11:21:24.260156,920094522,7,4203896
252178,2023-01-20 11:21:25.260089,921094493,7,4203896
252506,2023-01-20 11:21:26.254714,922094536,7,4203896
252833,2023-01-20 11:21:27.244687,923094472,7,4203896
253160,2023-01-20 11:21:28.240104,924094485,7,4203896
253485,2023-01-20 11:21:29.240084,925094491,7,4203896
253811,2023-01-20 11:21:30.240112,926094484,7,4203896
254141,2023-01-20 11:21:31.240018,927094484,7,4203896
254465,2023-01-20 11:21:32.240111,928095127,7,4203896
254789,2023-01-20 11:21:33.240099,929095121,7,4203896
255113,2023-01-20 11:21:34.220294,930095114,7,4203896
255436,2023-01-20 11:21:35.236488,931095113,7,4203896
255766,2023-01-20 11:21:36.220098,932095106,7,4203896
256089,2023-01-20 11:21:37.220068,933095122,7,4203896
256413,2023-01-20 11:21:38.220099,934095114,7,4203896
256786,2023-01-20 11:21:39.220136,935095147,7,4203896
257110,2023-01-20 11:21:40.220089,936095106,7,4203896
257436,2023-01-20 11:21:41.220128,937095145,7,4203896
257760,2023-01-20 11:21:42.220090,938095116,7,4203896
258087,2023-01-20 11:21:43.220125,939095148,7,4203896
258413,2023-01-20 11:21:44.200191,940095341,7,4203896
258739,2023-01-20 11:21:45.200182,941095341,7,4203896
259067,2023-01-20 11:21:46.200152,942095469,7,4203896
259393,2023-01-20 11:21:47.200148,943095481,7,4203896
259720,2023-01-20 11:21:48.200130,944095461,7,4203896
260047,2023-01-20 11:21:49.200140,945095476,7,4203896
260373,2023-01-20 11:21:50.200136,946095470,7,4203896
260701,2023-01-20 11:21:51.200134,947095464,7,4203896
261027,2023-01-20 11:21:52.200150,948095477,7,4203896
261352,2023-01-20 11:21:53.182354,949095387,7,4203896
261677,2023-01-20 11:21:54.180546,950095390,7,4203896
262003,2023-01-20 11:21:55.180371,951095303,7,4203896
262331,2023-01-20 11:21:56.180144,952095138,7,4203896
262656,2023-01-20 11:21:57.180120,953095116,7,4203896
262981,2023-01-20 11:21:58.180124,954095118,7,4203896
263355,2023-01-20 11:21:59.180114,955095112,7,4203896
263678,2023-01-20 11:22:00.180090,956095109,7,4203896
264003,2023-01-20 11:22:01.180141,957095113,7,4203896
264326,2023-01-20 11:22:02.180113,958095112,7,4203896
264650,2023-01-20 11:22:03.180118,959095089,7,4203896
264973,2023-01-20 11:22:04.160071,960095083,7,4203896
265296,2023-01-20 11:22:05.160090,961095091,7,4203896
265621,2023-01-20 11:22:06.160043,962095107,7,4203896
265943,2023-01-20 11:22:07.160114,963095122,7,4203896
266268,2023-01-20 11:22:08.160052,964095112,7,4203896
266593,2023-01-20 11:22:09.160124,965095151,7,4203896
266916,2023-01-20 11:22:10.160082,966095108,7,4203896
267242,2023-01-20 11:22:11.160114,967095144,7,4203896
267562,2023-01-20 11:22:12.140285,968095092,7,4203896
267887,2023-01-20 11:22:13.140270,969095096,7,4203896
268210,2023-01-20 11:22:14.140243,970095094,7,4203896
268534,2023-01-20 11:22:15.140086,971095097,7,4203896
268860,2023-01-20 11:22:16.140104,972095102,7,4203896
269184,2023-01-20 11:22:17.140092,973095104,7,4203896
269508,2023-01-20 11:22:18.140077,974095101,7,4203896
269833,2023-01-20 11:22:19.140097,975095105,7,4203896
270156,2023-01-20 11:22:20.140078,976095106,7,4203896
270481,2023-01-20 11:22:21.140080,977095091,7,4203896
270805,2023-01-20 11:22:22.127466,978095109,7,4203896
271129,2023-01-20 11:22:23.120155,979095083,7,4203896
271454,2023-01-20 11:22:24.120101,980095133,7,4203896
271777,2023-01-20 11:22:25.120075,981095087,7,4203896
272103,2023-01-20 11:22:26.120112,982095139,7,4203896
272426,2023-01-20 11:22:27.120086,983095098,7,4203896
272750,2023-01-20 11:22:28.120090,984095098,7,4203896
273076,2023-01-20 11:22:29.120063,985095095,7,4203896
273399,2023-01-20 11:22:30.120086,986095092,7,4203896
273726,2023-01-20 11:22:31.120095,987095118,7,4203896
274050,2023-01-20 11:22:32.099965,988095109,7,4203896
274373,2023-01-20 11:22:33.099834,989095099,7,4203896
274698,2023-01-20 11:22:34.099778,990095101,7,4203896
275022,2023-01-20 11:22:35.099817,991095097,7,4203896
275347,2023-01-20 11:22:36.099798,992095091,7,4203896
275671,2023-01-20 11:22:37.099776,993095114,7,4203896
275994,2023-01-20 11:22:38.099768,994095087,7,4203896
276319,2023-01-20 11:22:39.099855,995095145,7,4203896
276642,2023-01-20 11:22:40.099760,996095101,7,4203896
276967,2023-01-20 11:22:41.089029,997095145,7,4203896
277291,2023-01-20 11:22:42.080323,998095122,7,4203896
277614,2023-01-20 11:22:43.080129,999095100,7,4203896
277937,2023-01-20 11:22:44.080070,1000095098,7,4203896
278260,2023-01-20 11:22:45.080074,1001095104,7,4203896
278585,2023-01-20 11:22:46.080084,1002095106,7,4203896
278909,2023-01-20 11:22:47.080080,1003095100,7,4203896
279232,2023-01-20 11:22:48.080068,1004095083,7,4203896
279557,2023-01-20 11:22:49.080045,1005095097,7,4203896
279881,2023-01-20 11:22:50.080049,1006095103,7,4203896
280206,2023-01-20 11:22:51.060324,1007095103,7,4203896
280529,2023-01-20 11:22:52.060139,1008095129,7,4203896
280853,2023-01-20 11:22:53.060148,1009095103,7,4203896
281177,2023-01-20 11:22:54.060051,1010095110,7,4203896
281500,2023-01-20 11:22:55.060060,1011095108,7,4203896
281825,2023-01-20 11:22:56.060066,1012095096,7,4203896
282148,2023-01-20 11:22:57.060135,1013095169,7,4203896
282471,2023-01-20 11:22:58.060081,1014095114,7,4203896
282802,2023-01-20 11:22:59.060042,1015095053,7,4253144
283105,2023-01-20 11:23:00.054637,1016095042,7,4220360
283410,2023-01-20 11:23:01.054732,1017095039,7,4220376
283715,2023-01-20 11:23:02.040236,1018095044,7,4220376
284018,2023-01-20 11:23:03.040101,1019095035,7,4220376
284322,2023-01-20 11:23:04.040109,1020095041,7,4220376
284625,2023-01-20 11:23:05.040149,1021095086,7,4220376
284930,2023-01-20 11:23:06.040159,1022095084,7,4220376
285233,2023-01-20 11:23:07.040147,1023095070,7,4220376
285536,2023-01-20 11:23:08.040167,1024095096,7,4220376
285840,2023-01-20 11:23:09.040090,1025095037,7,4220376
286143,2023-01-20 11:23:10.040089,1026095035,7,4220376
286448,2023-01-20 11:23:11.036537,1027095037,7,4220376
286753,2023-01-20 11:23:12.020253,1028095024,7,4351448
287056,2023-01-20 11:23:13.020107,1029095035,7,4351432
