LineNo,UTC_Approx,TimeUS,Name,Value,Default
154,2023-01-20 11:08:47.333443,161583526,FORMAT_VERSION,120,120
155,2023-01-20 11:08:47.333477,161583561,SYSID_THISMAV,1,1
156,2023-01-20 11:08:47.333504,161583590,SYSID_MYGCS,255,255
157,2023-01-20 11:08:47.333530,161583617,PILOT_THR_FILT,0,0
158,2023-01-20 11:08:47.333555,161583644,PILOT_TKOFF_ALT,0,0
159,2023-01-20 11:08:47.333585,161583675,PILOT_THR_BHV,7,0
160,2023-01-20 11:08:47.333613,161583705,SERIAL0_BAUD,115,115
161,2023-01-20 11:08:47.333643,161583736,SERIAL0_PROTOCOL,2,2
162,2023-01-20 11:08:47.333676,161583771,SERIAL1_PROTOCOL,-1,2
163,2023-01-20 11:08:47.333708,161583804,SERIAL1_BAUD,57,57
164,2023-01-20 11:08:47.333739,161583837,SERIAL2_PROTOCOL,2,2
165,2023-01-20 11:08:47.333825,161583928,SERIAL2_BAUD,57,57
166,2023-01-20 11:08:47.333862,161583967,SERIAL3_PROTOCOL,5,5
167,2023-01-20 11:08:47.333896,161584002,SERIAL3_BAUD,38,38
168,2023-01-20 11:08:47.333930,161584038,SERIAL4_PROTOCOL,1,5
169,2023-01-20 11:08:47.333979,161584090,SERIAL4_BAUD,57,38
170,2023-01-20 11:08:47.334017,161584130,SERIAL5_PROTOCOL,20,-1
171,2023-01-20 11:08:47.334053,161584168,SERIAL5_BAUD,115,57
172,2023-01-20 11:08:47.334090,161584207,SERIAL6_PROTOCOL,-1,-1
173,2023-01-20 11:08:47.334132,161584251,SERIAL6_BAUD,57,57
174,2023-01-20 11:08:47.334219,161584343,SERIAL1_OPTIONS,0,0
175,2023-01-20 11:08:47.334259,161584384,SERIAL2_OPTIONS,0,0
176,2023-01-20 11:08:47.335919,161586132,SERIAL2_OPTIONS,0,0
177,2023-01-20 11:08:47.335959,161586174,SERIAL3_OPTIONS,0,0
178,2023-01-20 11:08:47.336005,161586223,SERIAL4_OPTIONS,0,0
179,2023-01-20 11:08:47.336093,161586315,SERIAL5_OPTIONS,0,0
180,2023-01-20 11:08:47.336137,161586361,SERIAL6_OPTIONS,0,0
181,2023-01-20 11:08:47.336179,161586406,SERIAL_PASS1,0,0
182,2023-01-20 11:08:47.336221,161586450,SERIAL_PASS2,-1,-1
183,2023-01-20 11:08:47.336269,161586500,SERIAL_PASSTIMO,15,15
184,2023-01-20 11:08:47.336323,161586557,SERIAL7_PROTOCOL,-1,-1
185,2023-01-20 11:08:47.336366,161586603,SERIAL7_BAUD,57,57
186,2023-01-20 11:08:47.336412,161586651,SERIAL7_OPTIONS,0,0
187,2023-01-20 11:08:47.336449,161586690,TELEM_DELAY,0,0
188,2023-01-20 11:08:47.336477,161586719,GCS_PID_MASK,0,0
189,2023-01-20 11:08:47.336502,161586746,RTL_ALT,1000,1500
190,2023-01-20 11:08:47.336531,161586776,RTL_CONE_SLOPE,3,3
191,2023-01-20 11:08:47.336556,161586803,RTL_SPEED,0,0
192,2023-01-20 11:08:47.336587,161586835,RTL_ALT_FINAL,0,0
193,2023-01-20 11:08:47.336666,161586918,RTL_CLIMB_MIN,0,0
194,2023-01-20 11:08:47.336691,161586945,RTL_LOIT_TIME,5000,5000
195,2023-01-20 11:08:47.336717,161586972,RTL_ALT_TYPE,0,0
196,2023-01-20 11:08:47.336742,161586998,FS_GCS_ENABLE,0,0
197,2023-01-20 11:08:47.336767,161587025,GPS_HDOP_GOOD,140,140
198,2023-01-20 11:08:47.336800,161587059,SUPER_SIMPLE,0,0
199,2023-01-20 11:08:47.336824,161587085,WP_YAW_BEHAVIOR,2,2
200,2023-01-20 11:08:47.338055,161588380,WP_YAW_BEHAVIOR,2,2
201,2023-01-20 11:08:47.338080,161588407,LAND_SPEED,50,50
202,2023-01-20 11:08:47.338112,161588440,LAND_SPEED_HIGH,0,0
203,2023-01-20 11:08:47.338137,161588467,PILOT_SPEED_UP,250,250
204,2023-01-20 11:08:47.354628,161605826,PILOT_ACCEL_Z,250,250
205,2023-01-20 11:08:47.354654,161605853,FS_THR_ENABLE,1,1
206,2023-01-20 11:08:47.354734,161605937,FS_THR_VALUE,975,975
207,2023-01-20 11:08:47.354759,161605964,THR_DZ,100,100
208,2023-01-20 11:08:47.354784,161605990,FLTMODE1,3,0
209,2023-01-20 11:08:47.354809,161606016,FLTMODE2,0,0
210,2023-01-20 11:08:47.354834,161606043,FLTMODE3,0,0
211,2023-01-20 11:08:47.354859,161606069,FLTMODE4,5,0
212,2023-01-20 11:08:47.354884,161606095,FLTMODE5,0,0
213,2023-01-20 11:08:47.354909,161606122,FLTMODE6,2,0
214,2023-01-20 11:08:47.354938,161606152,FLTMODE_CH,5,5
215,2023-01-20 11:08:47.354963,161606178,INITIAL_MODE,0,0
216,2023-01-20 11:08:47.354988,161606205,SIMPLE,0,0
217,2023-01-20 11:08:47.355013,161606231,LOG_BITMASK,176126,176126
218,2023-01-20 11:08:47.355039,161606258,ESC_CALIBRATION,0,0
219,2023-01-20 11:08:47.355111,161606334,TUNE,0,0
220,2023-01-20 11:08:47.355136,161606360,FRAME_TYPE,1,1
221,2023-01-20 11:08:47.355165,161606391,ARMING_ACCTHRESH,0.75,0.75
222,2023-01-20 11:08:47.355196,161606423,ARMING_RUDDER,2,2
223,2023-01-20 11:08:47.355245,161606475,ARMING_MIS_ITEMS,0,0
224,2023-01-20 11:08:47.355276,161606508,ARMING_CHECK,65534,1
225,2023-01-20 11:08:47.355309,161606542,ARMING_OPTIONS,0,0
226,2023-01-20 11:08:47.355338,161606573,DISARM_DELAY,10,10
227,2023-01-20 11:08:47.355363,161606599,ANGLE_MAX,3000,3000
228,2023-01-20 11:08:47.355388,161606626,PHLD_BRAKE_RATE,8,8
229,2023-01-20 11:08:47.355414,161606653,PHLD_BRAKE_ANGLE,3000,3000
230,2023-01-20 11:08:47.355447,161606688,LAND_REPOSITION,1,1
231,2023-01-20 11:08:47.355477,161606719,FS_EKF_ACTION,1,1
232,2023-01-20 11:08:47.355502,161606746,FS_EKF_THRESH,0.8,0.8
233,2023-01-20 11:08:47.355528,161606773,FS_CRASH_CHECK,1,1
234,2023-01-20 11:08:47.355554,161606800,RC_SPEED,490,490
235,2023-01-20 11:08:47.355578,161606826,ACRO_BAL_ROLL,1,1
236,2023-01-20 11:08:47.357034,161608358,ACRO_BAL_ROLL,1,1
237,2023-01-20 11:08:47.357059,161608385,ACRO_BAL_PITCH,1,1
238,2023-01-20 11:08:47.357089,161608416,ACRO_TRAINER,2,2
239,2023-01-20 11:08:47.357117,161608446,CAM_TRIGG_TYPE,0,0
240,2023-01-20 11:08:47.357147,161608477,CAM_DURATION,1,10
241,2023-01-20 11:08:47.357191,161608524,CAM_SERVO_ON,2000,1300
242,2023-01-20 11:08:47.357222,161608556,CAM_SERVO_OFF,1000,1100
243,2023-01-20 11:08:47.357254,161608590,CAM_TRIGG_DIST,0,0
244,2023-01-20 11:08:47.357289,161608627,CAM_RELAY_ON,1,1
245,2023-01-20 11:08:47.357325,161608665,CAM_MIN_INTERVAL,0,0
246,2023-01-20 11:08:47.357370,161608712,CAM_MAX_ROLL,0,0
247,2023-01-20 11:08:47.357404,161608748,CAM_FEEDBACK_PIN,-1,-1
248,2023-01-20 11:08:47.357439,161608785,CAM_FEEDBACK_POL,1,1
249,2023-01-20 11:08:47.357476,161608823,CAM_AUTO_ONLY,0,0
250,2023-01-20 11:08:47.357563,161608915,CAM_TYPE,0,0
251,2023-01-20 11:08:47.357597,161608951,RELAY_PIN,-1,-1
252,2023-01-20 11:08:47.357630,161608986,RELAY_PIN2,-1,-1
253,2023-01-20 11:08:47.357660,161609017,RELAY_PIN3,-1,-1
254,2023-01-20 11:08:47.357691,161609050,RELAY_PIN4,-1,-1
255,2023-01-20 11:08:47.357723,161609083,RELAY_DEFAULT,0,0
256,2023-01-20 11:08:47.357755,161609117,RELAY_PIN5,-1,-1
257,2023-01-20 11:08:47.357788,161609152,RELAY_PIN6,-1,-1
258,2023-01-20 11:08:47.357820,161609186,LGR_ENABLE,0,0
259,2023-01-20 11:08:47.357852,161609220,COMPASS_OFS_X,-236.4141,0
260,2023-01-20 11:08:47.357932,161609304,COMPASS_OFS_Y,6.628765,0
261,2023-01-20 11:08:47.357963,161609336,COMPASS_OFS_Z,-63.54173,0
262,2023-01-20 11:08:47.357992,161609367,COMPASS_DEC,0.09971547,0
263,2023-01-20 11:08:47.359846,161611318,COMPASS_DEC,0.09971547,0
264,2023-01-20 11:08:47.359876,161611350,COMPASS_LEARN,0,0
265,2023-01-20 11:08:47.359906,161611382,COMPASS_USE,1,1
266,2023-01-20 11:08:47.359938,161611415,COMPASS_AUTODEC,1,1
267,2023-01-20 11:08:47.359971,161611450,COMPASS_MOTCT,0,0
268,2023-01-20 11:08:47.360013,161611494,COMPASS_MOT_X,0,0
269,2023-01-20 11:08:47.360060,161611544,COMPASS_MOT_Y,0,0
270,2023-01-20 11:08:47.360095,161611580,COMPASS_MOT_Z,0,0
271,2023-01-20 11:08:47.360129,161611616,COMPASS_ORIENT,0,0
272,2023-01-20 11:08:47.360163,161611652,COMPASS_EXTERNAL,1,0
273,2023-01-20 11:08:47.360205,161611696,COMPASS_OFS2_X,0,0
274,2023-01-20 11:08:47.360249,161611742,COMPASS_OFS2_Y,0,0
275,2023-01-20 11:08:47.360288,161611784,COMPASS_OFS2_Z,0,0
276,2023-01-20 11:08:47.360331,161611829,COMPASS_MOT2_X,0,0
277,2023-01-20 11:08:47.360420,161611922,COMPASS_MOT2_Y,0,0
278,2023-01-20 11:08:47.360456,161611960,COMPASS_MOT2_Z,0,0
279,2023-01-20 11:08:47.360500,161612007,COMPASS_OFS3_X,0,0
280,2023-01-20 11:08:47.360537,161612046,COMPASS_OFS3_Y,0,0
281,2023-01-20 11:08:47.360578,161612089,COMPASS_OFS3_Z,0,0
282,2023-01-20 11:08:47.360624,161612137,COMPASS_MOT3_X,0,0
283,2023-01-20 11:08:47.360662,161612177,COMPASS_MOT3_Y,0,0
284,2023-01-20 11:08:47.360700,161612217,COMPASS_MOT3_Z,0,0
285,2023-01-20 11:08:47.360790,161612312,COMPASS_DEV_ID,466433,0
286,2023-01-20 11:08:47.361890,161613470,COMPASS_DEV_ID,466433,0
287,2023-01-20 11:08:47.361929,161613511,COMPASS_DEV_ID2,0,0
288,2023-01-20 11:08:47.361982,161613567,COMPASS_DEV_ID3,0,0
289,2023-01-20 11:08:47.362021,161613608,COMPASS_USE2,1,1
290,2023-01-20 11:08:47.362062,161613651,COMPASS_ORIENT2,0,0
291,2023-01-20 11:08:47.362103,161613694,COMPASS_EXTERN2,0,0
292,2023-01-20 11:08:47.362156,161613750,COMPASS_USE3,1,1
293,2023-01-20 11:08:47.362198,161613794,COMPASS_ORIENT3,0,0
294,2023-01-20 11:08:47.362245,161613844,COMPASS_EXTERN3,0,0
295,2023-01-20 11:08:47.362353,161613957,COMPASS_DIA_X,1.010122,1
296,2023-01-20 11:08:47.362397,161614004,COMPASS_DIA_Y,0.9903072,1
297,2023-01-20 11:08:47.362446,161614055,COMPASS_DIA_Z,1.01222,1
298,2023-01-20 11:08:47.362502,161614114,COMPASS_ODI_X,-0.01555343,0
299,2023-01-20 11:08:47.362546,161614161,COMPASS_ODI_Y,0.01945507,0
300,2023-01-20 11:08:47.362592,161614209,COMPASS_ODI_Z,0.02003503,0
301,2023-01-20 11:08:47.362700,161614323,COMPASS_DIA2_X,1,1
302,2023-01-20 11:08:47.362746,161614371,COMPASS_DIA2_Y,1,1
303,2023-01-20 11:08:47.362792,161614419,COMPASS_DIA2_Z,1,1
304,2023-01-20 11:08:47.362850,161614481,COMPASS_ODI2_X,0,0
305,2023-01-20 11:08:47.364217,161615919,COMPASS_ODI2_X,0,0
306,2023-01-20 11:08:47.364263,161615968,COMPASS_ODI2_Y,0,0
307,2023-01-20 11:08:47.364314,161616021,COMPASS_ODI2_Z,0,0
308,2023-01-20 11:08:47.364373,161616084,COMPASS_DIA3_X,1,1
309,2023-01-20 11:08:47.364421,161616134,COMPASS_DIA3_Y,1,1
310,2023-01-20 11:08:47.364467,161616183,COMPASS_DIA3_Z,1,1
311,2023-01-20 11:08:47.364529,161616248,COMPASS_ODI3_X,0,0
312,2023-01-20 11:08:47.364627,161616351,COMPASS_ODI3_Y,0,0
313,2023-01-20 11:08:47.364675,161616401,COMPASS_ODI3_Z,0,0
314,2023-01-20 11:08:47.364722,161616451,COMPASS_CAL_FIT,16,16
315,2023-01-20 11:08:47.364770,161616502,COMPASS_OFFS_MAX,1800,1800
316,2023-01-20 11:08:47.364826,161616561,COMPASS_PMOT_EN,0,0
317,2023-01-20 11:08:47.364895,161616633,COMPASS_TYPEMASK,0,0
318,2023-01-20 11:08:47.364951,161616692,COMPASS_FLTR_RNG,0,0
319,2023-01-20 11:08:47.365016,161616760,COMPASS_AUTO_ROT,2,2
320,2023-01-20 11:08:47.365078,161616826,COMPASS_PRIO1_ID,466433,0
321,2023-01-20 11:08:47.376112,161628441,COMPASS_PRIO2_ID,0,0
322,2023-01-20 11:08:47.376174,161628506,COMPASS_PRIO3_ID,0,0
323,2023-01-20 11:08:47.376234,161628569,COMPASS_ENABLE,1,1
324,2023-01-20 11:08:47.376294,161628632,COMPASS_SCALE,1.062747,0
325,2023-01-20 11:08:47.376360,161628702,COMPASS_SCALE2,0,0
326,2023-01-20 11:08:47.376422,161628767,COMPASS_SCALE3,0,0
327,2023-01-20 11:08:47.376494,161628843,COMPASS_OPTIONS,0,0
328,2023-01-20 11:08:47.376626,161628981,COMPASS_DEV_ID4,0,0
329,2023-01-20 11:08:47.376691,161629050,COMPASS_DEV_ID5,0,0
330,2023-01-20 11:08:47.376755,161629117,COMPASS_DEV_ID6,0,0
331,2023-01-20 11:08:47.376822,161629188,COMPASS_DEV_ID7,0,0
332,2023-01-20 11:08:47.376891,161629261,COMPASS_DEV_ID8,0,0
333,2023-01-20 11:08:47.376995,161629370,INS_GYROFFS_X,0.003963228,0
334,2023-01-20 11:08:47.377025,161629402,INS_GYROFFS_Y,-0.005495302,0
335,2023-01-20 11:08:47.377055,161629433,INS_GYROFFS_Z,0.004820467,0
336,2023-01-20 11:08:47.378371,161630818,INS_GYROFFS_Z,0.004820467,0
337,2023-01-20 11:08:47.378430,161630881,INS_ACCSCAL_X,0.9986851,1
338,2023-01-20 11:08:47.378512,161630967,INS_ACCSCAL_Y,0.9968767,1
339,2023-01-20 11:08:47.378543,161631000,INS_ACCSCAL_Z,0.9873109,1
340,2023-01-20 11:08:47.378577,161631035,INS_ACCOFFS_X,0.1389707,0
341,2023-01-20 11:08:47.378608,161631068,INS_ACCOFFS_Y,-0.1729043,0
342,2023-01-20 11:08:47.378642,161631104,INS_ACCOFFS_Z,0.9466134,0
343,2023-01-20 11:08:47.378674,161631137,INS_GYRO_FILTER,40,20
344,2023-01-20 11:08:47.378709,161631174,INS_ACCEL_FILTER,10,20
345,2023-01-20 11:08:47.378742,161631209,INS_USE,1,1
346,2023-01-20 11:08:47.378774,161631243,INS_STILL_THRESH,2.5,2.5
347,2023-01-20 11:08:47.378858,161631331,INS_GYR_CAL,1,1
348,2023-01-20 11:08:47.378897,161631372,INS_TRIM_OPTION,1,1
349,2023-01-20 11:08:47.378932,161631409,INS_ACC_BODYFIX,2,2
350,2023-01-20 11:08:47.378980,161631460,INS_POS1_X,0,0
351,2023-01-20 11:08:47.379017,161631498,INS_POS1_Y,0,0
352,2023-01-20 11:08:47.379053,161631536,INS_POS1_Z,0,0
353,2023-01-20 11:08:47.379089,161631574,INS_GYR_ID,2162954,0
354,2023-01-20 11:08:47.379125,161631612,INS_ACC_ID,1245450,0
355,2023-01-20 11:08:47.379165,161631654,INS_FAST_SAMPLE,1,1
356,2023-01-20 11:08:47.379207,161631698,INS_LOG_BAT_CNT,1024,1024
357,2023-01-20 11:08:47.379252,161631746,INS_LOG_BAT_MASK,0,0
358,2023-01-20 11:08:47.379299,161631795,INS_LOG_BAT_OPT,0,0
359,2023-01-20 11:08:47.379342,161631841,INS_LOG_BAT_LGIN,20,20
361,2023-01-20 11:08:47.380937,161633519,INS_LOG_BAT_LGIN,20,20
362,2023-01-20 11:08:47.380984,161633569,INS_LOG_BAT_LGCT,32,32
363,2023-01-20 11:08:47.381028,161633615,INS_ENABLE_MASK,127,127
364,2023-01-20 11:08:47.381076,161633666,INS_HNTCH_ENABLE,0,0
365,2023-01-20 11:08:47.381135,161633728,INS_HNTC2_ENABLE,0,0
366,2023-01-20 11:08:47.381193,161633789,INS_GYRO_RATE,0,0
367,2023-01-20 11:08:47.381243,161633841,WPNAV_SPEED,700,1000
368,2023-01-20 11:08:47.381333,161633936,WPNAV_RADIUS,200,200
369,2023-01-20 11:08:47.381381,161633987,WPNAV_SPEED_UP,250,250
370,2023-01-20 11:08:47.381413,161634020,WPNAV_SPEED_DN,150,150
371,2023-01-20 11:08:47.381447,161634056,WPNAV_ACCEL,250,250
372,2023-01-20 11:08:47.381479,161634090,WPNAV_ACCEL_Z,100,100
373,2023-01-20 11:08:47.381512,161634125,WPNAV_RFND_USE,1,1
374,2023-01-20 11:08:47.381546,161634160,WPNAV_JERK,1,1
375,2023-01-20 11:08:47.381580,161634196,WPNAV_TER_MARGIN,10,10
376,2023-01-20 11:08:47.381616,161634234,LOIT_ANG_MAX,0,0
377,2023-01-20 11:08:47.381696,161634319,LOIT_SPEED,1250,1250
378,2023-01-20 11:08:47.381726,161634350,LOIT_ACC_MAX,500,500
379,2023-01-20 11:08:47.381762,161634388,LOIT_BRK_ACCEL,250,250
380,2023-01-20 11:08:47.381796,161634424,LOIT_BRK_JERK,500,500
381,2023-01-20 11:08:47.381829,161634458,LOIT_BRK_DELAY,1,1
382,2023-01-20 11:08:47.381861,161634492,CIRCLE_RADIUS,1000,1000
383,2023-01-20 11:08:47.383446,161636160,CIRCLE_RADIUS,1000,1000
384,2023-01-20 11:08:47.383475,161636191,CIRCLE_RATE,20,20
385,2023-01-20 11:08:47.383505,161636223,CIRCLE_OPTIONS,1,1
386,2023-01-20 11:08:47.383592,161636314,ATC_SLEW_YAW,6000,6000
387,2023-01-20 11:08:47.383625,161636349,ATC_ACCEL_Y_MAX,27000,27000
388,2023-01-20 11:08:47.383659,161636385,ATC_RATE_FF_ENAB,1,1
389,2023-01-20 11:08:47.383694,161636422,ATC_ACCEL_R_MAX,110000,110000
390,2023-01-20 11:08:47.383729,161636459,ATC_ACCEL_P_MAX,110000,110000
391,2023-01-20 11:08:47.383768,161636499,ATC_ANGLE_BOOST,1,1
392,2023-01-20 11:08:47.383810,161636544,ATC_ANG_RLL_P,4.5,4.5
393,2023-01-20 11:08:47.383852,161636588,ATC_ANG_PIT_P,4.5,4.5
394,2023-01-20 11:08:47.383896,161636634,ATC_ANG_YAW_P,4.5,4.5
395,2023-01-20 11:08:47.383944,161636685,ATC_ANG_LIM_TC,1,1
396,2023-01-20 11:08:47.383990,161636733,ATC_RATE_R_MAX,0,0
397,2023-01-20 11:08:47.384036,161636782,ATC_RATE_P_MAX,0,0
398,2023-01-20 11:08:47.384089,161636838,ATC_RATE_Y_MAX,0,0
399,2023-01-20 11:08:47.384198,161636952,ATC_INPUT_TC,0.15,0.15
400,2023-01-20 11:08:47.384264,161637022,ATC_RAT_RLL_P,0.135,0.135
401,2023-01-20 11:08:47.384319,161637079,ATC_RAT_RLL_I,0.135,0.135
402,2023-01-20 11:08:47.384370,161637133,ATC_RAT_RLL_D,0.0036,0.0036
403,2023-01-20 11:08:47.384424,161637190,ATC_RAT_RLL_FF,0,0
404,2023-01-20 11:08:47.385585,161638412,ATC_RAT_RLL_FF,0,0
405,2023-01-20 11:08:47.385642,161638472,ATC_RAT_RLL_IMAX,0.5,0.5
406,2023-01-20 11:08:47.385699,161638532,ATC_RAT_RLL_FLTT,20,20
407,2023-01-20 11:08:47.385752,161638588,ATC_RAT_RLL_FLTE,0,0
408,2023-01-20 11:08:47.385806,161638645,ATC_RAT_RLL_FLTD,20,20
409,2023-01-20 11:08:47.385861,161638703,ATC_RAT_RLL_SMAX,0,0
410,2023-01-20 11:08:47.385922,161638767,ATC_RAT_PIT_P,0.135,0.135
411,2023-01-20 11:08:47.385980,161638828,ATC_RAT_PIT_I,0.135,0.135
412,2023-01-20 11:08:47.386099,161638953,ATC_RAT_PIT_D,0.0036,0.0036
413,2023-01-20 11:08:47.386158,161639015,ATC_RAT_PIT_FF,0,0
414,2023-01-20 11:08:47.386237,161639098,ATC_RAT_PIT_IMAX,0.5,0.5
415,2023-01-20 11:08:47.386297,161639162,ATC_RAT_PIT_FLTT,20,20
416,2023-01-20 11:08:47.386358,161639226,ATC_RAT_PIT_FLTE,0,0
417,2023-01-20 11:08:47.386471,161639345,ATC_RAT_PIT_FLTD,20,20
418,2023-01-20 11:08:47.386534,161639411,ATC_RAT_PIT_SMAX,0,0
419,2023-01-20 11:08:47.387872,161640820,ATC_RAT_PIT_SMAX,0,0
420,2023-01-20 11:08:47.387997,161640951,ATC_RAT_YAW_P,0.18,0.18
421,2023-01-20 11:08:47.388066,161641024,ATC_RAT_YAW_I,0.018,0.018
422,2023-01-20 11:08:47.388147,161641109,ATC_RAT_YAW_D,0,0
423,2023-01-20 11:08:47.388214,161641180,ATC_RAT_YAW_FF,0,0
424,2023-01-20 11:08:47.388282,161641251,ATC_RAT_YAW_IMAX,0.5,0.5
425,2023-01-20 11:08:47.388401,161641376,ATC_RAT_YAW_FLTT,20,20
426,2023-01-20 11:08:47.388470,161641449,ATC_RAT_YAW_FLTE,2,2.5
427,2023-01-20 11:08:47.388539,161641522,ATC_RAT_YAW_FLTD,0,0
428,2023-01-20 11:08:47.388613,161641600,ATC_RAT_YAW_SMAX,0,0
429,2023-01-20 11:08:47.388686,161641676,ATC_THR_MIX_MIN,0.1,0.1
430,2023-01-20 11:08:47.388759,161641753,ATC_THR_MIX_MAX,0.5,0.5
431,2023-01-20 11:08:47.388832,161641830,ATC_THR_MIX_MAN,0.1,0.1
432,2023-01-20 11:08:47.390328,161643405,ATC_THR_MIX_MAN,0.1,0.1
433,2023-01-20 11:08:47.390384,161643464,PSC_POSZ_P,1,1
434,2023-01-20 11:08:47.390417,161643498,PSC_VELZ_P,5,5
435,2023-01-20 11:08:47.390449,161643532,PSC_VELZ_I,0,0
436,2023-01-20 11:08:47.390486,161643571,PSC_VELZ_IMAX,1000,1000
437,2023-01-20 11:08:47.390520,161643607,PSC_VELZ_FLTE,5,5
438,2023-01-20 11:08:47.390554,161643643,PSC_VELZ_D,0,0
439,2023-01-20 11:08:47.390589,161643680,PSC_VELZ_FLTD,5,5
440,2023-01-20 11:08:47.390625,161643718,PSC_VELZ_FF,0,0
441,2023-01-20 11:08:47.390664,161643758,PSC_ACCZ_P,0.5,0.5
442,2023-01-20 11:08:47.390703,161643800,PSC_ACCZ_I,1,1
443,2023-01-20 11:08:47.390746,161643845,PSC_ACCZ_D,0,0
444,2023-01-20 11:08:47.390847,161643951,PSC_ACCZ_FF,0,0
445,2023-01-20 11:08:47.390888,161643994,PSC_ACCZ_IMAX,800,800
446,2023-01-20 11:08:47.390929,161644038,PSC_ACCZ_FLTT,0,0
447,2023-01-20 11:08:47.390972,161644083,PSC_ACCZ_FLTE,20,20
448,2023-01-20 11:08:47.391034,161644148,PSC_ACCZ_FLTD,0,0
449,2023-01-20 11:08:47.391078,161644194,PSC_ACCZ_SMAX,0,0
450,2023-01-20 11:08:47.391125,161644244,PSC_POSXY_P,1,1
451,2023-01-20 11:08:47.391223,161644347,PSC_VELXY_P,2,2
452,2023-01-20 11:08:47.391278,161644405,PSC_VELXY_I,1,1
453,2023-01-20 11:08:47.392735,161645939,PSC_VELXY_I,1,1
454,2023-01-20 11:08:47.392801,161646008,PSC_VELXY_IMAX,1000,1000
455,2023-01-20 11:08:47.392857,161646067,PSC_VELXY_FLTE,5,5
456,2023-01-20 11:08:47.392921,161646134,PSC_VELXY_D,0.5,0.5
457,2023-01-20 11:08:47.392994,161646211,PSC_VELXY_FLTD,5,5
458,2023-01-20 11:08:47.393101,161646324,PSC_VELXY_FF,0,0
459,2023-01-20 11:08:47.393169,161646395,PSC_ANGLE_MAX,0,0
460,2023-01-20 11:08:47.393230,161646460,PSC_JERK_XY,5,5
461,2023-01-20 11:08:47.393295,161646528,PSC_JERK_Z,5,5
462,2023-01-20 11:08:47.393345,161646581,SR0_RAW_SENS,0,0
463,2023-01-20 11:08:47.393378,161646615,SR0_EXT_STAT,0,0
464,2023-01-20 11:08:47.393415,161646654,SR0_RC_CHAN,0,0
465,2023-01-20 11:08:47.393448,161646689,SR0_RAW_CTRL,0,0
466,2023-01-20 11:08:47.393479,161646722,SR0_POSITION,0,0
467,2023-01-20 11:08:47.393514,161646759,SR0_EXTRA1,0,0
468,2023-01-20 11:08:47.393551,161646797,SR0_EXTRA2,0,0
469,2023-01-20 11:08:47.393587,161646835,SR0_EXTRA3,0,0
470,2023-01-20 11:08:47.393681,161646934,SR0_PARAMS,0,0
471,2023-01-20 11:08:47.395351,161648692,SR0_PARAMS,0,0
472,2023-01-20 11:08:47.395388,161648731,SR0_ADSB,0,0
473,2023-01-20 11:08:47.395424,161648769,SR1_RAW_SENS,0,0
474,2023-01-20 11:08:47.395456,161648803,SR1_EXT_STAT,0,0
475,2023-01-20 11:08:47.395489,161648838,SR1_RC_CHAN,0,0
476,2023-01-20 11:08:47.395586,161648939,SR1_RAW_CTRL,0,0
477,2023-01-20 11:08:47.395627,161648983,SR1_POSITION,0,0
478,2023-01-20 11:08:47.395662,161649020,SR1_EXTRA1,0,0
479,2023-01-20 11:08:47.395699,161649058,SR1_EXTRA2,0,0
480,2023-01-20 11:08:47.395736,161649097,SR1_EXTRA3,0,0
481,2023-01-20 11:08:47.395772,161649135,SR1_PARAMS,0,0
482,2023-01-20 11:08:47.395813,161649179,SR1_ADSB,0,0
483,2023-01-20 11:08:47.395864,161649232,SR2_RAW_SENS,2,0
484,2023-01-20 11:08:47.395947,161649319,SR2_EXT_STAT,2,0
485,2023-01-20 11:08:47.395979,161649353,SR2_RC_CHAN,2,0
486,2023-01-20 11:08:47.396010,161649386,SR2_RAW_CTRL,0,0
487,2023-01-20 11:08:47.396044,161649422,SR2_POSITION,3,0
488,2023-01-20 11:08:47.396083,161649463,SR2_EXTRA1,10,0
489,2023-01-20 11:08:47.396118,161649500,SR2_EXTRA2,10,0
490,2023-01-20 11:08:47.396155,161649539,SR2_EXTRA3,3,0
491,2023-01-20 11:08:47.396192,161649577,SR2_PARAMS,0,0
492,2023-01-20 11:08:47.396230,161649617,SR2_ADSB,0,0
493,2023-01-20 11:08:47.396263,161649652,SR3_RAW_SENS,0,0
494,2023-01-20 11:08:47.396295,161649686,SR3_EXT_STAT,0,0
495,2023-01-20 11:08:47.397491,161650945,SR3_EXT_STAT,0,0
496,2023-01-20 11:08:47.397535,161650991,SR3_RC_CHAN,0,0
497,2023-01-20 11:08:47.397566,161651024,SR3_RAW_CTRL,0,0
498,2023-01-20 11:08:47.397598,161651057,SR3_POSITION,0,0
499,2023-01-20 11:08:47.397630,161651091,SR3_EXTRA1,0,0
500,2023-01-20 11:08:47.397663,161651126,SR3_EXTRA2,0,0
501,2023-01-20 11:08:47.397700,161651165,SR3_EXTRA3,0,0
502,2023-01-20 11:08:47.397733,161651200,SR3_PARAMS,0,0
503,2023-01-20 11:08:47.397768,161651237,SR3_ADSB,0,0
504,2023-01-20 11:08:47.397863,161651336,SR4_RAW_SENS,0,0
505,2023-01-20 11:08:47.397892,161651367,SR4_EXT_STAT,0,0
506,2023-01-20 11:08:47.397922,161651398,SR4_RC_CHAN,0,0
507,2023-01-20 11:08:47.397957,161651435,SR4_RAW_CTRL,0,0
508,2023-01-20 11:08:47.397988,161651468,SR4_POSITION,0,0
509,2023-01-20 11:08:47.398020,161651502,SR4_EXTRA1,0,0
510,2023-01-20 11:08:47.398053,161651536,SR4_EXTRA2,0,0
511,2023-01-20 11:08:47.398086,161651571,SR4_EXTRA3,0,0
512,2023-01-20 11:08:47.398120,161651607,SR4_PARAMS,0,0
513,2023-01-20 11:08:47.398154,161651643,SR4_ADSB,0,0
514,2023-01-20 11:08:47.398187,161651678,AHRS_GPS_GAIN,1,1
515,2023-01-20 11:08:47.398221,161651713,AHRS_GPS_USE,1,1
516,2023-01-20 11:08:47.398251,161651745,AHRS_YAW_P,0.2,0.2
517,2023-01-20 11:08:47.398282,161651777,AHRS_RP_P,0.2,0.2
518,2023-01-20 11:08:47.398313,161651810,AHRS_WIND_MAX,0,0
519,2023-01-20 11:08:47.398350,161651849,AHRS_TRIM_X,0.01598733,0
520,2023-01-20 11:08:47.398439,161651943,AHRS_TRIM_Y,-0.00542287,0
523,2023-01-20 11:08:47.400137,161653730,AHRS_TRIM_Y,-0.00542287,0
524,2023-01-20 11:08:47.400170,161653765,AHRS_TRIM_Z,0,0
525,2023-01-20 11:08:47.400203,161653800,AHRS_ORIENTATION,0,0
526,2023-01-20 11:08:47.400237,161653835,AHRS_COMP_BETA,0.1,0.1
527,2023-01-20 11:08:47.400323,161653926,AHRS_GPS_MINSATS,6,6
528,2023-01-20 11:08:47.400362,161653967,AHRS_EKF_TYPE,3,3
529,2023-01-20 11:08:47.400407,161654014,MNT1_TYPE,0,0
530,2023-01-20 11:08:47.400445,161654054,MNT2_TYPE,0,0
531,2023-01-20 11:08:47.400483,161654094,LOG_BACKEND_TYPE,1,1
532,2023-01-20 11:08:47.400512,161654125,LOG_FILE_BUFSIZE,16,16
533,2023-01-20 11:08:47.400543,161654158,LOG_DISARMED,0,0
534,2023-01-20 11:08:47.400574,161654190,LOG_REPLAY,0,0
535,2023-01-20 11:08:47.400609,161654227,LOG_FILE_DSRMROT,0,0
536,2023-01-20 11:08:47.400689,161654311,LOG_MAV_BUFSIZE,8,8
537,2023-01-20 11:08:47.400722,161654346,LOG_FILE_TIMEOUT,5,5
538,2023-01-20 11:08:47.400770,161654397,LOG_FILE_MB_FREE,500,500
539,2023-01-20 11:08:47.400805,161654433,LOG_FILE_RATEMAX,0,0
540,2023-01-20 11:08:47.400840,161654470,LOG_MAV_RATEMAX,0,0
541,2023-01-20 11:08:47.400880,161654512,BATT_MONITOR,4,4
542,2023-01-20 11:08:47.400913,161654547,BATT_CAPACITY,6000,3300
543,2023-01-20 11:08:47.400947,161654583,BATT_SERIAL_NUM,-1,-1
544,2023-01-20 11:08:47.400982,161654620,BATT_LOW_TIMER,10,10
545,2023-01-20 11:08:47.401018,161654658,BATT_FS_VOLTSRC,0,0
546,2023-01-20 11:08:47.401055,161654696,BATT_LOW_VOLT,13.2,10.5
547,2023-01-20 11:08:47.401092,161654735,BATT_LOW_MAH,0,0
548,2023-01-20 11:08:47.402620,161656344,BATT_LOW_MAH,0,0
549,2023-01-20 11:08:47.402658,161656384,BATT_CRT_VOLT,0,0
550,2023-01-20 11:08:47.402710,161656439,BATT_CRT_MAH,0,0
551,2023-01-20 11:08:47.402752,161656483,BATT_FS_LOW_ACT,2,0
552,2023-01-20 11:08:47.402792,161656525,BATT_FS_CRT_ACT,0,0
553,2023-01-20 11:08:47.402832,161656567,BATT_ARM_VOLT,13,0
554,2023-01-20 11:08:47.404568,161658394,BATT_ARM_MAH,0,0
555,2023-01-20 11:08:47.404637,161658467,BATT_OPTIONS,0,0
556,2023-01-20 11:08:47.404682,161658514,BATT_VOLT_PIN,10,10
557,2023-01-20 11:08:47.404730,161658565,BATT_CURR_PIN,11,11
558,2023-01-20 11:08:47.404778,161658616,BATT_VOLT_MULT,11,11
559,2023-01-20 11:08:47.404825,161658665,BATT_AMP_PERVLT,31.7,31.7
560,2023-01-20 11:08:47.404876,161658718,BATT_AMP_OFFSET,0,0
561,2023-01-20 11:08:47.404928,161658773,BATT_VLT_OFFSET,0,0
562,2023-01-20 11:08:47.404982,161658830,BATT2_MONITOR,0,0
563,2023-01-20 11:08:47.405094,161658948,BATT3_MONITOR,0,0
564,2023-01-20 11:08:47.405170,161659028,BATT4_MONITOR,0,0
565,2023-01-20 11:08:47.405263,161659126,BATT5_MONITOR,0,0
566,2023-01-20 11:08:47.405364,161659232,BATT6_MONITOR,0,0
567,2023-01-20 11:08:47.405526,161659403,BATT7_MONITOR,0,0
568,2023-01-20 11:08:47.408127,161662141,BATT7_MONITOR,0,0
569,2023-01-20 11:08:47.408300,161662323,BATT8_MONITOR,0,0
570,2023-01-20 11:08:47.408455,161662486,BATT9_MONITOR,0,0
571,2023-01-20 11:08:47.408552,161662588,BRD_SAFETYENABLE,0,0
572,2023-01-20 11:08:47.408584,161662622,BRD_SERIAL_NUM,0,0
573,2023-01-20 11:08:47.408611,161662650,BRD_SAFETY_MASK,16368,16368
574,2023-01-20 11:08:47.408646,161662687,BRD_SAFETYOPTION,3,3
575,2023-01-20 11:08:47.408684,161662727,BRD_RTC_TYPES,1,1
576,2023-01-20 11:08:47.408719,161662764,BRD_RTC_TZ_MIN,0,0
577,2023-01-20 11:08:47.408758,161662805,BRD_SD_SLOWDOWN,0,0
578,2023-01-20 11:08:47.408794,161662843,BRD_OPTIONS,1,1
579,2023-01-20 11:08:47.408889,161662943,BRD_BOOT_DELAY,0,0
580,2023-01-20 11:08:47.408929,161662985,BRD_ALT_CONFIG,0,0
581,2023-01-20 11:08:47.408964,161663022,BARO1_GND_PRESS,92868.73,0
582,2023-01-20 11:08:47.408998,161663057,BARO_GND_TEMP,0,0
583,2023-01-20 11:08:47.409034,161663096,BARO_ALT_OFFSET,0,0
584,2023-01-20 11:08:47.409684,161663780,BARO_ALT_OFFSET,0,0
585,2023-01-20 11:08:47.409719,161663816,BARO_PRIMARY,0,0
586,2023-01-20 11:08:47.409753,161663852,BARO_EXT_BUS,-1,-1
587,2023-01-20 11:08:47.409839,161663943,BARO2_GND_PRESS,0,0
588,2023-01-20 11:08:47.409873,161663978,BARO3_GND_PRESS,0,0
589,2023-01-20 11:08:47.409909,161664017,BARO_FLTR_RNG,0,0
590,2023-01-20 11:08:47.409945,161664054,BARO_PROBE_EXT,0,0
591,2023-01-20 11:08:47.409993,161664105,BARO1_DEVID,357889,0
592,2023-01-20 11:08:47.410029,161664143,BARO2_DEVID,0,0
593,2023-01-20 11:08:47.410068,161664184,BARO3_DEVID,0,0
594,2023-01-20 11:08:47.410105,161664223,BARO_ALTERR_MAX,2000,2000
595,2023-01-20 11:08:47.410192,161664315,BARO_OPTIONS,0,0
596,2023-01-20 11:08:47.410234,161664359,GPS_TYPE,1,1
597,2023-01-20 11:08:47.410264,161664390,GPS_TYPE2,0,0
598,2023-01-20 11:08:47.410293,161664421,GPS_NAVFILTER,8,8
599,2023-01-20 11:08:47.410326,161664456,GPS_AUTO_SWITCH,1,1
600,2023-01-20 11:08:47.410359,161664490,GPS_MIN_DGPS,100,100
601,2023-01-20 11:08:47.410407,161664541,GPS_SBAS_MODE,2,2
602,2023-01-20 11:08:47.410440,161664576,GPS_MIN_ELEV,-100,-100
603,2023-01-20 11:08:47.410476,161664613,GPS_INJECT_TO,127,127
604,2023-01-20 11:08:47.410514,161664653,GPS_SBP_LOGMASK,-256,-256
605,2023-01-20 11:08:47.410549,161664690,GPS_RAW_DATA,0,0
606,2023-01-20 11:08:47.410587,161664730,GPS_GNSS_MODE,0,0
607,2023-01-20 11:08:47.410623,161664768,GPS_SAVE_CFG,2,2
608,2023-01-20 11:08:47.412150,161666375,GPS_SAVE_CFG,2,2
609,2023-01-20 11:08:47.412186,161666413,GPS_GNSS_MODE2,0,0
610,2023-01-20 11:08:47.412226,161666456,GPS_AUTO_CONFIG,1,1
611,2023-01-20 11:08:47.412268,161666500,GPS_RATE_MS,200,200
612,2023-01-20 11:08:47.412324,161666559,GPS_RATE_MS2,200,200
613,2023-01-20 11:08:47.412379,161666616,GPS_POS1_X,0,0
614,2023-01-20 11:08:47.412418,161666658,GPS_POS1_Y,0,0
615,2023-01-20 11:08:47.412461,161666703,GPS_POS1_Z,0,0
616,2023-01-20 11:08:47.412511,161666755,GPS_POS2_X,0,0
617,2023-01-20 11:08:47.412553,161666800,GPS_POS2_Y,0,0
618,2023-01-20 11:08:47.412594,161666843,GPS_POS2_Z,0,0
619,2023-01-20 11:08:47.412691,161666945,GPS_DELAY_MS,0,0
620,2023-01-20 11:08:47.412736,161666992,GPS_DELAY_MS2,0,0
621,2023-01-20 11:08:47.412777,161667036,GPS_BLEND_MASK,5,5
622,2023-01-20 11:08:47.412830,161667091,GPS_BLEND_TC,10,10
623,2023-01-20 11:08:47.412875,161667139,GPS_DRV_OPTIONS,0,0
624,2023-01-20 11:08:47.412924,161667190,GPS_COM_PORT,1,1
625,2023-01-20 11:08:47.412970,161667239,GPS_COM_PORT2,1,1
626,2023-01-20 11:08:47.413069,161667343,GPS_MB1_TYPE,0,0
627,2023-01-20 11:08:47.413123,161667400,GPS_MB2_TYPE,0,0
628,2023-01-20 11:08:47.414572,161668925,GPS_MB2_TYPE,0,0
629,2023-01-20 11:08:47.414626,161668982,GPS_PRIMARY,0,0
630,2023-01-20 11:08:47.414671,161669029,SCHED_DEBUG,0,0
631,2023-01-20 11:08:47.414702,161669062,SCHED_LOOP_RATE,400,400
632,2023-01-20 11:08:47.414734,161669095,SCHED_OPTIONS,0,0
633,2023-01-20 11:08:47.414778,161669142,AVOID_ENABLE,3,3
634,2023-01-20 11:08:47.414808,161669173,AVOID_ANGLE_MAX,1000,1000
635,2023-01-20 11:08:47.414838,161669205,AVOID_DIST_MAX,5,5
636,2023-01-20 11:08:47.414917,161669288,AVOID_MARGIN,2,2
637,2023-01-20 11:08:47.414951,161669324,AVOID_BEHAVE,0,0
638,2023-01-20 11:08:47.414984,161669358,AVOID_BACKUP_SPD,0.75,0.75
639,2023-01-20 11:08:47.415020,161669396,AVOID_ALT_MIN,0,0
640,2023-01-20 11:08:47.415056,161669435,AVOID_ACCEL_MAX,3,3
641,2023-01-20 11:08:47.415091,161669471,AVOID_BACKUP_DZ,0.1,0.1
642,2023-01-20 11:08:47.415132,161669514,RALLY_TOTAL,0,0
643,2023-01-20 11:08:47.415161,161669545,RALLY_LIMIT_KM,0.3,0.3
644,2023-01-20 11:08:47.415194,161669580,RALLY_INCL_HOME,1,1
645,2023-01-20 11:08:47.415239,161669627,MOT_YAW_HEADROOM,200,200
646,2023-01-20 11:08:47.415271,161669661,MOT_THST_EXPO,0.65,0.65
647,2023-01-20 11:08:47.415305,161669697,MOT_SPIN_MAX,0.95,0.95
648,2023-01-20 11:08:47.415337,161669730,MOT_BAT_VOLT_MAX,16.8,0
649,2023-01-20 11:08:47.415371,161669766,MOT_BAT_VOLT_MIN,13.2,0
650,2023-01-20 11:08:47.415403,161669800,MOT_BAT_CURR_MAX,0,0
651,2023-01-20 11:08:47.415437,161669835,MOT_PWM_TYPE,0,0
652,2023-01-20 11:08:47.415521,161669924,MOT_PWM_MIN,1000,1000
653,2023-01-20 11:08:47.417146,161671634,MOT_PWM_MIN,1000,1000
654,2023-01-20 11:08:47.417184,161671674,MOT_PWM_MAX,2000,2000
655,2023-01-20 11:08:47.417219,161671711,MOT_SPIN_MIN,0.15,0.15
656,2023-01-20 11:08:47.417254,161671748,MOT_SPIN_ARM,0.1,0.1
657,2023-01-20 11:08:47.417290,161671786,MOT_BAT_CURR_TC,5,5
658,2023-01-20 11:08:47.417327,161671825,MOT_THST_HOVER,0.3700503,0.35
659,2023-01-20 11:08:47.417415,161671918,MOT_HOVER_LEARN,2,2
660,2023-01-20 11:08:47.417457,161671962,MOT_SAFE_DISARM,0,0
661,2023-01-20 11:08:47.417497,161672004,MOT_SPOOL_TIME,0.5,0.5
662,2023-01-20 11:08:47.417537,161672046,MOT_BOOST_SCALE,0,0
663,2023-01-20 11:08:47.417578,161672089,MOT_BAT_IDX,0,0
664,2023-01-20 11:08:47.417626,161672140,MOT_SLEW_UP_TIME,0,0
665,2023-01-20 11:08:47.417668,161672184,MOT_SLEW_DN_TIME,0,0
666,2023-01-20 11:08:47.417715,161672233,MOT_SAFE_TIME,1,1
667,2023-01-20 11:08:47.417801,161672324,RCMAP_ROLL,1,1
668,2023-01-20 11:08:47.417830,161672355,RCMAP_PITCH,2,2
669,2023-01-20 11:08:47.417860,161672386,RCMAP_THROTTLE,3,3
670,2023-01-20 11:08:47.417891,161672419,RCMAP_YAW,4,4
699,2023-01-20 11:08:47.422324,161677085,EK3_ENABLE,1,1
700,2023-01-20 11:08:47.422354,161677116,EK3_VELNE_M_NSE,0.3,0.3
701,2023-01-20 11:08:47.422385,161677149,EK3_VELD_M_NSE,0.5,0.5
702,2023-01-20 11:08:47.422423,161677189,EK3_VEL_I_GATE,500,500
703,2023-01-20 11:08:47.422455,161677223,EK3_POSNE_M_NSE,0.5,0.5
704,2023-01-20 11:08:47.422538,161677310,EK3_POS_I_GATE,500,500
705,2023-01-20 11:08:47.422571,161677345,EK3_GLITCH_RAD,25,25
706,2023-01-20 11:08:47.422604,161677380,EK3_ALT_M_NSE,2,2
707,2023-01-20 11:08:47.422638,161677416,EK3_HGT_I_GATE,500,500
708,2023-01-20 11:08:47.422674,161677453,EK3_HGT_DELAY,60,60
709,2023-01-20 11:08:47.422709,161677490,EK3_MAG_M_NSE,0.05,0.05
710,2023-01-20 11:08:47.422745,161677528,EK3_MAG_CAL,3,3
711,2023-01-20 11:08:47.422786,161677571,EK3_MAG_I_GATE,300,300
712,2023-01-20 11:08:47.422823,161677610,EK3_EAS_M_NSE,1.4,1.4
713,2023-01-20 11:08:47.422861,161677650,EK3_EAS_I_GATE,400,400
714,2023-01-20 11:08:47.422900,161677691,EK3_RNG_M_NSE,0.5,0.5
715,2023-01-20 11:08:47.422939,161677732,EK3_RNG_I_GATE,500,500
716,2023-01-20 11:08:47.422994,161677790,EK3_MAX_FLOW,2.5,2.5
717,2023-01-20 11:08:47.423034,161677832,EK3_FLOW_M_NSE,0.25,0.25
718,2023-01-20 11:08:47.423131,161677934,EK3_FLOW_I_GATE,300,300
719,2023-01-20 11:08:47.423173,161677979,EK3_FLOW_DELAY,10,10
720,2023-01-20 11:08:47.423216,161678024,EK3_GYRO_P_NSE,0.015,0.015
721,2023-01-20 11:08:47.423259,161678069,EK3_ACC_P_NSE,0.35,0.35
722,2023-01-20 11:08:47.423955,161678802,EK3_ACC_P_NSE,0.35,0.35
723,2023-01-20 11:08:47.423999,161678848,EK3_GBIAS_P_NSE,0.001,0.001
724,2023-01-20 11:08:47.424095,161678949,EK3_ABIAS_P_NSE,0.003,0.003
725,2023-01-20 11:08:47.424144,161679001,EK3_WIND_P_NSE,0.2,0.2
726,2023-01-20 11:08:47.424190,161679049,EK3_WIND_PSCALE,1,1
727,2023-01-20 11:08:47.424236,161679098,EK3_GPS_CHECK,31,31
728,2023-01-20 11:08:47.424287,161679151,EK3_IMU_MASK,1,3
729,2023-01-20 11:08:47.424342,161679209,EK3_CHECK_SCALE,100,100
730,2023-01-20 11:08:47.424442,161679314,EK3_NOAID_M_NSE,10,10
731,2023-01-20 11:08:47.424490,161679365,EK3_BETA_MASK,0,0
732,2023-01-20 11:08:47.424539,161679417,EK3_YAW_M_NSE,0.5,0.5
733,2023-01-20 11:08:47.424590,161679470,EK3_YAW_I_GATE,300,300
734,2023-01-20 11:08:47.424640,161679523,EK3_TAU_OUTPUT,25,25
735,2023-01-20 11:08:47.424696,161679582,EK3_MAGE_P_NSE,0.001,0.001
736,2023-01-20 11:08:47.424747,161679636,EK3_MAGB_P_NSE,0.0001,0.0001
737,2023-01-20 11:08:47.424801,161679692,EK3_RNG_USE_HGT,-1,-1
738,2023-01-20 11:08:47.424854,161679748,EK3_TERR_GRAD,0.1,0.1
739,2023-01-20 11:08:47.424926,161679824,EK3_BCN_M_NSE,1,1
740,2023-01-20 11:08:47.426399,161681374,EK3_BCN_M_NSE,1,1
741,2023-01-20 11:08:47.426454,161681432,EK3_BCN_I_GTE,500,500
742,2023-01-20 11:08:47.426509,161681490,EK3_BCN_DELAY,50,50
743,2023-01-20 11:08:47.426569,161681553,EK3_RNG_USE_SPD,2,2
744,2023-01-20 11:08:47.426625,161681612,EK3_ACC_BIAS_LIM,1,1
745,2023-01-20 11:08:47.426683,161681673,EK3_MAG_MASK,0,0
746,2023-01-20 11:08:47.426740,161681733,EK3_OGN_HGT_MASK,0,0
747,2023-01-20 11:08:47.426802,161681799,EK3_VIS_VERR_MIN,0.1,0.1
748,2023-01-20 11:08:47.426928,161681931,EK3_VIS_VERR_MAX,0.9,0.9
749,2023-01-20 11:08:47.426988,161681994,EK3_WENC_VERR,0.1,0.1
750,2023-01-20 11:08:47.427052,161682062,EK3_FLOW_USE,1,1
751,2023-01-20 11:08:47.427113,161682126,EK3_HRT_FILT,2,2
752,2023-01-20 11:08:47.427183,161682200,EK3_MAG_EF_LIM,50,50
753,2023-01-20 11:08:47.427293,161682315,EK3_GSF_RUN_MASK,3,3
754,2023-01-20 11:08:47.427359,161682385,EK3_GSF_USE_MASK,3,3
755,2023-01-20 11:08:47.429037,161684151,EK3_GSF_USE_MASK,3,3
756,2023-01-20 11:08:47.429109,161684227,EK3_GSF_RST_MAX,2,2
757,2023-01-20 11:08:47.429224,161684348,EK3_ERR_THRESH,0.2,0.2
758,2023-01-20 11:08:47.429289,161684417,EK3_AFFINITY,0,0
759,2023-01-20 11:08:47.429361,161684492,EK3_SRC1_POSXY,3,3
760,2023-01-20 11:08:47.429434,161684569,EK3_SRC1_VELXY,3,3
761,2023-01-20 11:08:47.429511,161684650,EK3_SRC1_POSZ,1,1
762,2023-01-20 11:08:47.429585,161684728,EK3_SRC1_VELZ,3,3
763,2023-01-20 11:08:47.429660,161684807,EK3_SRC1_YAW,1,1
764,2023-01-20 11:08:47.429801,161684956,EK3_SRC2_POSXY,0,0
765,2023-01-20 11:08:47.429878,161685037,EK3_SRC2_VELXY,0,0
766,2023-01-20 11:08:47.429960,161685123,EK3_SRC2_POSZ,1,1
767,2023-01-20 11:08:47.431188,161686415,EK3_SRC2_POSZ,1,1
768,2023-01-20 11:08:47.431264,161686496,EK3_SRC2_VELZ,0,0
769,2023-01-20 11:08:47.431346,161686582,EK3_SRC2_YAW,0,0
770,2023-01-20 11:08:47.431424,161686664,EK3_SRC3_POSXY,0,0
771,2023-01-20 11:08:47.431504,161686748,EK3_SRC3_VELXY,0,0
772,2023-01-20 11:08:47.431584,161686832,EK3_SRC3_POSZ,1,1
773,2023-01-20 11:08:47.431734,161686990,EK3_SRC3_VELZ,0,0
774,2023-01-20 11:08:47.431820,161687081,EK3_SRC3_YAW,0,0
775,2023-01-20 11:08:47.431906,161687171,EK3_SRC_OPTIONS,1,1
776,2023-01-20 11:08:47.432043,161687315,EK3_DRAG_BCOEF_X,0,0
777,2023-01-20 11:08:47.432129,161687406,EK3_DRAG_BCOEF_Y,0,0
778,2023-01-20 11:08:47.433462,161688809,EK3_DRAG_BCOEF_Y,0,0
779,2023-01-20 11:08:47.433619,161688974,EK3_DRAG_M_NSE,0.5,0.5
780,2023-01-20 11:08:47.433702,161689062,EK3_DRAG_MCOEF,0,0
781,2023-01-20 11:08:47.433790,161689155,EK3_OGNM_TEST_SF,2,2
782,2023-01-20 11:08:47.435881,161691356,EK3_GND_EFF_DZ,4,4
783,2023-01-20 11:08:47.435970,161691449,EK3_PRIMARY,0,0
784,2023-01-20 11:08:47.436072,161691557,EK3_LOG_LEVEL,0,0
785,2023-01-20 11:08:47.436163,161691652,EK3_GPS_VACC_MAX,0,0
786,2023-01-20 11:08:47.436228,161691721,MIS_TOTAL,69,0
787,2023-01-20 11:08:47.436258,161691752,MIS_RESTART,0,0
788,2023-01-20 11:08:47.436288,161691784,MIS_OPTIONS,0,0
789,2023-01-20 11:08:47.436318,161691816,RSSI_TYPE,0,0
790,2023-01-20 11:08:47.436352,161691851,RNGFND1_TYPE,0,0
791,2023-01-20 11:08:47.436446,161691950,RNGFND2_TYPE,0,0
792,2023-01-20 11:08:47.436511,161692019,RNGFND3_TYPE,0,0
793,2023-01-20 11:08:47.436574,161692085,RNGFND4_TYPE,0,0
794,2023-01-20 11:08:47.436655,161692170,RNGFND5_TYPE,0,0
795,2023-01-20 11:08:47.436800,161692323,RNGFND6_TYPE,0,0
796,2023-01-20 11:08:47.438316,161693919,RNGFND6_TYPE,0,0
797,2023-01-20 11:08:47.438429,161694038,RNGFND7_TYPE,0,0
798,2023-01-20 11:08:47.438543,161694158,RNGFND8_TYPE,0,0
799,2023-01-20 11:08:47.438720,161694344,RNGFND9_TYPE,0,0
800,2023-01-20 11:08:47.438857,161694488,RNGFNDA_TYPE,0,0
801,2023-01-20 11:08:47.438953,161694589,TERRAIN_ENABLE,1,1
802,2023-01-20 11:08:47.438983,161694621,TERRAIN_SPACING,100,100
803,2023-01-20 11:08:47.439013,161694653,TERRAIN_OPTIONS,0,0
804,2023-01-20 11:08:47.439044,161694685,TERRAIN_MARGIN,0.05,0.05
805,2023-01-20 11:08:47.439080,161694723,TERRAIN_OFS_MAX,15,15
806,2023-01-20 11:08:47.439115,161694760,RPM1_TYPE,0,0
807,2023-01-20 11:08:47.439151,161694798,RPM2_TYPE,0,0
808,2023-01-20 11:08:47.439187,161694835,NTF_LED_BRIGHT,3,3
809,2023-01-20 11:08:47.440922,161696662,NTF_LED_BRIGHT,3,3
810,2023-01-20 11:08:47.440955,161696697,NTF_BUZZ_TYPES,1,1
811,2023-01-20 11:08:47.440986,161696729,NTF_LED_OVERRIDE,0,0
812,2023-01-20 11:08:47.441017,161696762,NTF_DISPLAY_TYPE,0,0
813,2023-01-20 11:08:47.441049,161696796,NTF_BUZZ_PIN,80,80
814,2023-01-20 11:08:47.441082,161696830,NTF_LED_TYPES,199,199
815,2023-01-20 11:08:47.441165,161696918,NTF_BUZZ_ON_LVL,1,1
816,2023-01-20 11:08:47.441200,161696954,NTF_BUZZ_VOLUME,100,100
817,2023-01-20 11:08:47.441237,161696994,NTF_LED_LEN,1,1
818,2023-01-20 11:08:47.441268,161697026,THROW_MOT_START,0,0
819,2023-01-20 11:08:47.441311,161697071,OSD_TYPE,1,1
820,2023-01-20 11:08:47.441340,161697102,OSD_CHAN,0,0
821,2023-01-20 11:08:47.441373,161697137,OSD1_ENABLE,1,0
822,2023-01-20 11:08:47.441408,161697173,OSD1_CHAN_MIN,900,900
823,2023-01-20 11:08:47.441443,161697210,OSD1_CHAN_MAX,2100,2100
824,2023-01-20 11:08:47.441540,161697312,OSD1_ALTITUDE_EN,1,0
825,2023-01-20 11:08:47.441580,161697354,OSD1_ALTITUDE_X,23,0
826,2023-01-20 11:08:47.441619,161697396,OSD1_ALTITUDE_Y,8,0
827,2023-01-20 11:08:47.441663,161697442,OSD1_BAT_VOLT_EN,1,0
828,2023-01-20 11:08:47.441707,161697488,OSD1_BAT_VOLT_X,24,0
829,2023-01-20 11:08:47.441756,161697540,OSD1_BAT_VOLT_Y,1,0
830,2023-01-20 11:08:47.441804,161697590,OSD1_RSSI_EN,1,0
831,2023-01-20 11:08:47.441851,161697640,OSD1_RSSI_X,1,0
832,2023-01-20 11:08:47.442945,161698791,OSD1_RSSI_X,1,0
833,2023-01-20 11:08:47.442993,161698842,OSD1_RSSI_Y,1,0
834,2023-01-20 11:08:47.443100,161698955,OSD1_CURRENT_EN,1,0
835,2023-01-20 11:08:47.443154,161699011,OSD1_CURRENT_X,25,0
836,2023-01-20 11:08:47.443207,161699067,OSD1_CURRENT_Y,2,0
837,2023-01-20 11:08:47.443285,161699149,OSD1_BATUSED_EN,1,0
838,2023-01-20 11:08:47.443346,161699213,OSD1_BATUSED_X,23,0
839,2023-01-20 11:08:47.443458,161699331,OSD1_BATUSED_Y,3,0
840,2023-01-20 11:08:47.443518,161699395,OSD1_SATS_EN,1,0
841,2023-01-20 11:08:47.443579,161699459,OSD1_SATS_X,1,0
842,2023-01-20 11:08:47.443644,161699527,OSD1_SATS_Y,3,0
843,2023-01-20 11:08:47.443708,161699595,OSD1_FLTMODE_EN,1,0
844,2023-01-20 11:08:47.443773,161699663,OSD1_FLTMODE_X,2,0
845,2023-01-20 11:08:47.443840,161699733,OSD1_FLTMODE_Y,8,0
846,2023-01-20 11:08:47.443912,161699809,OSD1_MESSAGE_EN,1,0
847,2023-01-20 11:08:47.445392,161701367,OSD1_MESSAGE_EN,1,0
848,2023-01-20 11:08:47.445461,161701440,OSD1_MESSAGE_X,2,0
849,2023-01-20 11:08:47.445535,161701518,OSD1_MESSAGE_Y,6,0
850,2023-01-20 11:08:47.445613,161701600,OSD1_GSPEED_EN,1,0
851,2023-01-20 11:08:47.445687,161701678,OSD1_GSPEED_X,2,0
852,2023-01-20 11:08:47.445765,161701760,OSD1_GSPEED_Y,14,0
853,2023-01-20 11:08:47.445842,161701841,OSD1_HORIZON_EN,1,0
854,2023-01-20 11:08:47.445972,161701978,OSD1_HORIZON_X,14,0
855,2023-01-20 11:08:47.446055,161702065,OSD1_HORIZON_Y,8,0
856,2023-01-20 11:08:47.446151,161702166,OSD1_HOME_EN,1,0
857,2023-01-20 11:08:47.446234,161702253,OSD1_HOME_X,14,0
858,2023-01-20 11:08:47.446374,161702401,OSD1_HOME_Y,1,0
859,2023-01-20 11:08:47.447819,161703922,OSD1_HOME_Y,1,0
860,2023-01-20 11:08:47.447908,161704016,OSD1_HEADING_EN,1,0
861,2023-01-20 11:08:47.447996,161704108,OSD1_HEADING_X,13,0
862,2023-01-20 11:08:47.448082,161704199,OSD1_HEADING_Y,2,0
863,2023-01-20 11:08:47.448245,161704370,OSD1_THROTTLE_EN,1,0
864,2023-01-20 11:08:47.448336,161704466,OSD1_THROTTLE_X,24,0
865,2023-01-20 11:08:47.448431,161704566,OSD1_THROTTLE_Y,11,0
866,2023-01-20 11:08:47.448531,161704671,OSD1_COMPASS_EN,1,0
867,2023-01-20 11:08:47.448625,161704770,OSD1_COMPASS_X,15,0
868,2023-01-20 11:08:47.448777,161704930,OSD1_COMPASS_Y,3,0
869,2023-01-20 11:08:47.450168,161706395,OSD1_COMPASS_Y,3,0
870,2023-01-20 11:08:47.450267,161706499,OSD1_WIND_EN,0,0
871,2023-01-20 11:08:47.450370,161706607,OSD1_WIND_X,2,0
872,2023-01-20 11:08:47.450469,161706711,OSD1_WIND_Y,12,0
873,2023-01-20 11:08:47.450575,161706823,OSD1_ASPEED_EN,0,0
874,2023-01-20 11:08:47.450731,161706987,OSD1_ASPEED_X,2,0
875,2023-01-20 11:08:47.450838,161707100,OSD1_ASPEED_Y,13,0
876,2023-01-20 11:08:47.450991,161707261,OSD1_VSPEED_EN,1,0
877,2023-01-20 11:08:47.451125,161707402,OSD1_VSPEED_X,24,0
878,2023-01-20 11:08:47.453033,161709410,OSD1_VSPEED_X,24,0
879,2023-01-20 11:08:47.453140,161709523,OSD1_VSPEED_Y,9,0
880,2023-01-20 11:08:47.453255,161709644,OSD1_ESCTEMP_EN,0,0
881,2023-01-20 11:08:47.453372,161709767,OSD1_ESCTEMP_X,24,0
882,2023-01-20 11:08:47.453541,161709945,OSD1_ESCTEMP_Y,13,0
883,2023-01-20 11:08:47.453656,161710066,OSD1_ESCRPM_EN,0,0
884,2023-01-20 11:08:47.453777,161710193,OSD1_ESCRPM_X,22,0
885,2023-01-20 11:08:47.453940,161710365,OSD1_ESCRPM_Y,12,0
886,2023-01-20 11:08:47.454883,161711358,OSD1_ESCRPM_Y,12,0
887,2023-01-20 11:08:47.455031,161711514,OSD1_ESCAMPS_EN,0,0
888,2023-01-20 11:08:47.455164,161711654,OSD1_ESCAMPS_X,24,0
889,2023-01-20 11:08:47.455285,161711781,OSD1_ESCAMPS_Y,14,0
890,2023-01-20 11:08:47.455464,161711969,OSD1_GPSLAT_EN,1,0
891,2023-01-20 11:08:47.455589,161712101,OSD1_GPSLAT_X,9,0
892,2023-01-20 11:08:47.455718,161712237,OSD1_GPSLAT_Y,13,0
893,2023-01-20 11:08:47.455920,161712449,OSD1_GPSLONG_EN,1,0
895,2023-01-20 11:08:47.457379,161713985,OSD1_GPSLONG_EN,1,0
896,2023-01-20 11:08:47.457512,161714125,OSD1_GPSLONG_X,9,0
897,2023-01-20 11:08:47.457689,161714311,OSD1_GPSLONG_Y,14,0
898,2023-01-20 11:08:47.457846,161714477,OSD1_ROLL_EN,0,0
899,2023-01-20 11:08:47.457979,161714617,OSD1_ROLL_X,0,0
900,2023-01-20 11:08:47.458116,161714761,OSD1_ROLL_Y,0,0
901,2023-01-20 11:08:47.458309,161714964,OSD1_PITCH_EN,0,0
902,2023-01-20 11:08:47.459703,161716432,OSD1_PITCH_EN,0,0
903,2023-01-20 11:08:47.459856,161716592,OSD1_PITCH_X,0,0
904,2023-01-20 11:08:47.459997,161716741,OSD1_PITCH_Y,0,0
905,2023-01-20 11:08:47.460194,161716948,OSD1_TEMP_EN,0,0
906,2023-01-20 11:08:47.460334,161717096,OSD1_TEMP_X,0,0
907,2023-01-20 11:08:47.460481,161717250,OSD1_TEMP_Y,0,0
908,2023-01-20 11:08:47.460680,161717460,OSD1_HDOP_EN,0,0
909,2023-01-20 11:08:47.462000,161718849,OSD1_HDOP_EN,0,0
910,2023-01-20 11:08:47.462200,161719060,OSD1_HDOP_X,0,0
911,2023-01-20 11:08:47.462356,161719224,OSD1_HDOP_Y,0,0
912,2023-01-20 11:08:47.462560,161719439,OSD1_WAYPOINT_EN,0,0
913,2023-01-20 11:08:47.462736,161719624,OSD1_WAYPOINT_X,0,0
914,2023-01-20 11:08:47.462891,161719787,OSD1_WAYPOINT_Y,0,0
915,2023-01-20 11:08:47.465168,161722184,OSD1_WAYPOINT_Y,0,0
916,2023-01-20 11:08:47.465372,161722399,OSD1_XTRACK_EN,0,0
917,2023-01-20 11:08:47.465553,161722589,OSD1_XTRACK_X,0,0
918,2023-01-20 11:08:47.465708,161722752,OSD1_XTRACK_Y,0,0
919,2023-01-20 11:08:47.465921,161722977,OSD1_DIST_EN,0,0
920,2023-01-20 11:08:47.466084,161723148,OSD1_DIST_X,22,0
921,2023-01-20 11:08:47.466834,161723938,OSD1_DIST_X,22,0
922,2023-01-20 11:08:47.466997,161724109,OSD1_DIST_Y,11,0
923,2023-01-20 11:08:47.467210,161724333,OSD1_STATS_EN,0,0
924,2023-01-20 11:08:47.467384,161724517,OSD1_STATS_X,0,0
925,2023-01-20 11:08:47.467561,161724703,OSD1_STATS_Y,0,0
926,2023-01-20 11:08:47.467783,161724937,OSD1_FLTIME_EN,0,0
927,2023-01-20 11:08:47.469205,161726434,OSD1_FLTIME_EN,0,0
928,2023-01-20 11:08:47.469402,161726641,OSD1_FLTIME_X,23,0
929,2023-01-20 11:08:47.469575,161726823,OSD1_FLTIME_Y,10,0
930,2023-01-20 11:08:47.469807,161727067,OSD1_CLIMBEFF_EN,0,0
931,2023-01-20 11:08:47.469982,161727251,OSD1_CLIMBEFF_X,0,0
932,2023-01-20 11:08:47.470219,161727501,OSD1_CLIMBEFF_Y,0,0
933,2023-01-20 11:08:47.471591,161728945,OSD1_CLIMBEFF_Y,0,0
934,2023-01-20 11:08:47.471775,161729139,OSD1_EFF_EN,0,0
935,2023-01-20 11:08:47.472003,161729379,OSD1_EFF_X,22,0
936,2023-01-20 11:08:47.472193,161729579,OSD1_EFF_Y,10,0
937,2023-01-20 11:08:47.472395,161729792,OSD1_BTEMP_EN,0,0
938,2023-01-20 11:08:47.472637,161730046,OSD1_BTEMP_X,0,0
939,2023-01-20 11:08:47.473953,161731432,OSD1_BTEMP_X,0,0
940,2023-01-20 11:08:47.474147,161731636,OSD1_BTEMP_Y,0,0
941,2023-01-20 11:08:47.474352,161731851,OSD1_ATEMP_EN,0,0
942,2023-01-20 11:08:47.474595,161732107,OSD1_ATEMP_X,0,0
943,2023-01-20 11:08:47.474829,161732354,OSD1_ATEMP_Y,0,0
944,2023-01-20 11:08:47.476719,161734343,OSD1_ATEMP_Y,0,0
945,2023-01-20 11:08:47.476920,161734555,OSD1_BAT2_VLT_EN,0,0
946,2023-01-20 11:08:47.477114,161734759,OSD1_BAT2_VLT_X,0,0
947,2023-01-20 11:08:47.477379,161735038,OSD1_BAT2_VLT_Y,0,0
948,2023-01-20 11:08:47.477582,161735252,OSD1_BAT2USED_EN,0,0
949,2023-01-20 11:08:47.478766,161736498,OSD1_BAT2USED_EN,0,0
950,2023-01-20 11:08:47.478990,161736734,OSD1_BAT2USED_X,0,0
951,2023-01-20 11:08:47.479259,161737017,OSD1_BAT2USED_Y,0,0
952,2023-01-20 11:08:47.479462,161737230,OSD1_ASPD2_EN,0,0
953,2023-01-20 11:08:47.479714,161737496,OSD1_ASPD2_X,0,0
954,2023-01-20 11:08:47.481097,161738951,OSD1_ASPD2_X,0,0
955,2023-01-20 11:08:47.481300,161739165,OSD1_ASPD2_Y,0,0
956,2023-01-20 11:08:47.481556,161739435,OSD1_ASPD1_EN,0,0
957,2023-01-20 11:08:47.481767,161739657,OSD1_ASPD1_X,0,0
958,2023-01-20 11:08:47.482056,161739961,OSD1_ASPD1_Y,0,0
959,2023-01-20 11:08:47.483720,161741713,OSD1_ASPD1_Y,0,0
960,2023-01-20 11:08:47.483997,161742004,OSD1_CLK_EN,0,0
961,2023-01-20 11:08:47.484206,161742224,OSD1_CLK_X,0,0
962,2023-01-20 11:08:47.484457,161742489,OSD1_CLK_Y,0,0
963,2023-01-20 11:08:47.484684,161742727,OSD1_SIDEBARS_EN,0,0
964,2023-01-20 11:08:47.486041,161744156,OSD1_SIDEBARS_EN,0,0
965,2023-01-20 11:08:47.486306,161744435,OSD1_SIDEBARS_X,4,0
966,2023-01-20 11:08:47.486531,161744671,OSD1_SIDEBARS_Y,5,0
967,2023-01-20 11:08:47.486824,161744980,OSD1_CRSSHAIR_EN,0,0
968,2023-01-20 11:08:47.487044,161745212,OSD1_CRSSHAIR_X,0,0
969,2023-01-20 11:08:47.488714,161746969,OSD1_CRSSHAIR_X,0,0
970,2023-01-20 11:08:47.488951,161747219,OSD1_CRSSHAIR_Y,0,0
971,2023-01-20 11:08:47.489224,161747506,OSD1_HOMEDIST_EN,1,0
972,2023-01-20 11:08:47.489455,161747750,OSD1_HOMEDIST_X,1,0
973,2023-01-20 11:08:47.489751,161748061,OSD1_HOMEDIST_Y,1,0
974,2023-01-20 11:08:47.490527,161748878,OSD1_HOMEDIST_Y,1,0
975,2023-01-20 11:08:47.490807,161749173,OSD1_HOMEDIR_EN,1,0
976,2023-01-20 11:08:47.491085,161749465,OSD1_HOMEDIR_X,1,0
977,2023-01-20 11:08:47.491321,161749714,OSD1_HOMEDIR_Y,1,0
978,2023-01-20 11:08:47.491608,161750016,OSD1_POWER_EN,1,0
979,2023-01-20 11:08:47.492979,161751459,OSD1_POWER_EN,1,0
980,2023-01-20 11:08:47.493222,161751715,OSD1_POWER_X,1,0
981,2023-01-20 11:08:47.493509,161752017,OSD1_POWER_Y,1,0
982,2023-01-20 11:08:47.493808,161752331,OSD1_CELLVOLT_EN,1,0
983,2023-01-20 11:08:47.494047,161752583,OSD1_CELLVOLT_X,1,0
985,2023-01-20 11:08:47.495422,161754031,OSD1_CELLVOLT_X,1,0
986,2023-01-20 11:08:47.495730,161754355,OSD1_CELLVOLT_Y,1,0
987,2023-01-20 11:08:47.495970,161754607,OSD1_BATTBAR_EN,1,0
988,2023-01-20 11:08:47.496273,161754926,OSD1_BATTBAR_X,1,0
989,2023-01-20 11:08:47.498221,161756977,OSD1_BATTBAR_X,1,0
990,2023-01-20 11:08:47.498485,161757255,OSD1_BATTBAR_Y,1,0
991,2023-01-20 11:08:47.498779,161757564,OSD1_ARMING_EN,1,0
992,2023-01-20 11:08:47.499032,161757830,OSD1_ARMING_X,1,0
993,2023-01-20 11:08:47.500492,161759367,OSD1_ARMING_X,1,0
994,2023-01-20 11:08:47.500746,161759635,OSD1_ARMING_Y,1,0
995,2023-01-20 11:08:47.501068,161759974,OSD1_CALLSIGN_EN,0,0
996,2023-01-20 11:08:47.501329,161760249,OSD1_CALLSIGN_X,0,0
997,2023-01-20 11:08:47.502506,161761487,OSD1_CALLSIGN_X,0,0
998,2023-01-20 11:08:47.502780,161761776,OSD1_CALLSIGN_Y,0,0
999,2023-01-20 11:08:47.503098,161762110,OSD1_CURRENT2_EN,0,0
1000,2023-01-20 11:08:47.503429,161762459,OSD1_CURRENT2_X,0,0
1001,2023-01-20 11:08:47.504904,161764012,OSD1_CURRENT2_X,0,0
1002,2023-01-20 11:08:47.505217,161764341,OSD1_CURRENT2_Y,0,0
1003,2023-01-20 11:08:47.505495,161764634,OSD1_VTX_PWR_EN,0,0
1004,2023-01-20 11:08:47.505824,161764980,OSD1_VTX_PWR_X,0,0
1005,2023-01-20 11:08:47.507266,161766498,OSD1_VTX_PWR_X,0,0
1006,2023-01-20 11:08:47.507541,161766787,OSD1_VTX_PWR_Y,0,0
1007,2023-01-20 11:08:47.507865,161767129,OSD1_TER_HGT_EN,0,0
1008,2023-01-20 11:08:47.508200,161767481,OSD1_TER_HGT_X,23,0
1009,2023-01-20 11:08:47.509649,161769006,OSD1_TER_HGT_X,23,0
1010,2023-01-20 11:08:47.509956,161769330,OSD1_TER_HGT_Y,7,0
1011,2023-01-20 11:08:47.510246,161769635,OSD1_AVGCELLV_EN,0,0
1012,2023-01-20 11:08:47.510583,161769990,OSD1_AVGCELLV_X,24,0
1013,2023-01-20 11:08:47.512292,161771789,OSD1_AVGCELLV_X,24,0
1014,2023-01-20 11:08:47.512619,161772133,OSD1_AVGCELLV_Y,3,0
1015,2023-01-20 11:08:47.512938,161772469,OSD1_RESTVOLT_EN,0,0
1016,2023-01-20 11:08:47.513234,161772780,OSD1_RESTVOLT_X,24,0
1020,2023-01-20 11:08:47.514555,161774170,OSD1_RESTVOLT_X,24,0
1021,2023-01-20 11:08:47.514875,161774508,OSD1_RESTVOLT_Y,2,0
1022,2023-01-20 11:08:47.515179,161774828,OSD1_FENCE_EN,0,0
1023,2023-01-20 11:08:47.515513,161775179,OSD1_FENCE_X,14,0
1048,2023-01-20 11:08:47.517379,161777143,OSD1_FENCE_X,14,0
1049,2023-01-20 11:08:47.517704,161777485,OSD1_FENCE_Y,9,0
1050,2023-01-20 11:08:47.517999,161777796,OSD1_RNGF_EN,0,0
1051,2023-01-20 11:08:47.518346,161778161,OSD1_RNGF_X,0,0
1052,2023-01-20 11:08:47.519168,161779026,OSD1_RNGF_X,0,0
1053,2023-01-20 11:08:47.519501,161779377,OSD1_RNGF_Y,0,0
1054,2023-01-20 11:08:47.519799,161779691,OSD2_ENABLE,0,0
1055,2023-01-20 11:08:47.520271,161780187,OSD3_ENABLE,0,0
1056,2023-01-20 11:08:47.521627,161781615,OSD3_ENABLE,0,0
1057,2023-01-20 11:08:47.522406,161782435,OSD4_ENABLE,0,0
1058,2023-01-20 11:08:47.524444,161784580,OSD4_ENABLE,0,0
1059,2023-01-20 11:08:47.525467,161785657,OSD_SW_METHOD,0,0
1060,2023-01-20 11:08:47.526724,161786980,OSD_SW_METHOD,0,0
1061,2023-01-20 11:08:47.527878,161788195,OSD_OPTIONS,1,1
1062,2023-01-20 11:08:47.529180,161789565,OSD_OPTIONS,1,1
1063,2023-01-20 11:08:47.530331,161790777,OSD_FONT,0,0
1064,2023-01-20 11:08:47.531636,161792151,OSD_FONT,0,0
1065,2023-01-20 11:08:47.532861,161793440,OSD_V_OFFSET,16,16
1067,2023-01-20 11:08:47.534495,161795160,OSD_V_OFFSET,16,16
1068,2023-01-20 11:08:47.535704,161796433,OSD_H_OFFSET,32,32
1069,2023-01-20 11:08:47.536963,161797758,OSD_H_OFFSET,32,32
1070,2023-01-20 11:08:47.538165,161799023,OSD_W_RSSI,30,30
1071,2023-01-20 11:08:47.539450,161800376,OSD_W_RSSI,30,30
1072,2023-01-20 11:08:47.540599,161801585,OSD_W_NSAT,9,9
1073,2023-01-20 11:08:47.541869,161802922,OSD_W_NSAT,9,9
1074,2023-01-20 11:08:47.543039,161804154,OSD_W_BATVOLT,10,10
1075,2023-01-20 11:08:47.544309,161805491,OSD_W_BATVOLT,10,10
1076,2023-01-20 11:08:47.545448,161806690,OSD_UNITS,0,0
1077,2023-01-20 11:08:47.547123,161808453,OSD_UNITS,0,0
1078,2023-01-20 11:08:47.548261,161809651,OSD_MSG_TIME,10,10
1079,2023-01-20 11:08:47.549528,161810984,OSD_MSG_TIME,10,10
1080,2023-01-20 11:08:47.550689,161812207,OSD_ARM_SCR,0,0
1081,2023-01-20 11:08:47.552018,161813606,OSD_ARM_SCR,0,0
1082,2023-01-20 11:08:47.553168,161814816,OSD_DSARM_SCR,0,0
1083,2023-01-20 11:08:47.554441,161816156,OSD_DSARM_SCR,0,0
1084,2023-01-20 11:08:47.555665,161817444,OSD_FS_SCR,0,0
1085,2023-01-20 11:08:47.557682,161819568,OSD_FS_SCR,0,0
1086,2023-01-20 11:08:47.558824,161820770,OSD_BTN_DELAY,300,300
1087,2023-01-20 11:08:47.560408,161822437,OSD_BTN_DELAY,300,300
1088,2023-01-20 11:08:47.561555,161823645,OSD_W_TERR,-1,-1
1089,2023-01-20 11:08:47.562880,161825039,OSD_W_TERR,-1,-1
1090,2023-01-20 11:08:47.564088,161826311,OSD_W_AVGCELLV,3.6,3.6
1091,2023-01-20 11:08:47.565372,161827662,OSD_W_AVGCELLV,3.6,3.6
1092,2023-01-20 11:08:47.566589,161828943,OSD_CELL_COUNT,-1,-1
1093,2023-01-20 11:08:47.568216,161830656,OSD_CELL_COUNT,-1,-1
1094,2023-01-20 11:08:47.569446,161831951,OSD_W_RESTVOLT,10,10
1095,2023-01-20 11:08:47.570777,161833352,OSD_W_RESTVOLT,10,10
1096,2023-01-20 11:08:47.571958,161834595,OSD5_ENABLE,0,0
1097,2023-01-20 11:08:47.573273,161835979,OSD5_ENABLE,0,0
1098,2023-01-20 11:08:47.574533,161837305,OSD6_ENABLE,0,0
1100,2023-01-20 11:08:47.575925,161838771,OSD6_ENABLE,0,0
1101,2023-01-20 11:08:47.577288,161840206,OSD1_LINK_Q_EN,0,0
1102,2023-01-20 11:08:47.579234,161842254,OSD1_LINK_Q_EN,0,0
1103,2023-01-20 11:08:47.580640,161843734,OSD1_LINK_Q_X,1,0
1104,2023-01-20 11:08:47.582327,161845510,OSD1_LINK_Q_X,1,0
1105,2023-01-20 11:08:47.583780,161847039,OSD1_LINK_Q_Y,1,0
1106,2023-01-20 11:08:47.585416,161848761,OSD1_LINK_Q_Y,1,0
1107,2023-01-20 11:08:47.586992,161850420,OSD1_TXT_RES,0,0
1108,2023-01-20 11:08:47.588460,161851966,OSD1_TXT_RES,0,0
1109,2023-01-20 11:08:47.589923,161853506,OSD1_FONT,0,0
1110,2023-01-20 11:08:47.591557,161855226,OSD1_FONT,0,0
1111,2023-01-20 11:08:47.592952,161856694,OSD2_LINK_Q_EN,0,0
1112,2023-01-20 11:08:47.594729,161858565,OSD2_LINK_Q_EN,0,0
1113,2023-01-20 11:08:47.596140,161860050,OSD2_LINK_Q_X,1,0
1114,2023-01-20 11:08:47.597562,161861547,OSD2_LINK_Q_X,1,0
1115,2023-01-20 11:08:47.598997,161863057,OSD2_LINK_Q_Y,1,0
1118,2023-01-20 11:08:47.600899,161864966,OSD2_LINK_Q_Y,1,0
1119,2023-01-20 11:08:47.602490,161866475,OSD2_TXT_RES,0,0
1120,2023-01-20 11:08:47.605368,161869205,OSD2_TXT_RES,0,0
1121,2023-01-20 11:08:47.606935,161870692,OSD2_FONT,0,0
1122,2023-01-20 11:08:47.608487,161872164,OSD2_FONT,0,0
1123,2023-01-20 11:08:47.610081,161873676,OSD3_LINK_Q_EN,0,0
1124,2023-01-20 11:08:47.611693,161875206,OSD3_LINK_Q_EN,0,0
1125,2023-01-20 11:08:47.613311,161876740,OSD3_LINK_Q_X,1,0
1126,2023-01-20 11:08:47.615011,161878353,OSD3_LINK_Q_X,1,0
1127,2023-01-20 11:08:47.616569,161879831,OSD3_LINK_Q_Y,1,0
1128,2023-01-20 11:08:47.618560,161881720,OSD3_LINK_Q_Y,1,0
1129,2023-01-20 11:08:47.620241,161883315,OSD3_TXT_RES,0,0
1130,2023-01-20 11:08:47.621773,161884768,OSD3_TXT_RES,0,0
1131,2023-01-20 11:08:47.623449,161886358,OSD3_FONT,0,0
1132,2023-01-20 11:08:47.624960,161887791,OSD3_FONT,0,0
1133,2023-01-20 11:08:47.626597,161889344,OSD4_LINK_Q_EN,0,0
1138,2023-01-20 11:08:47.628317,161890976,OSD4_LINK_Q_EN,0,0
1139,2023-01-20 11:08:47.629924,161892500,OSD4_LINK_Q_X,1,0
1164,2023-01-20 11:08:47.632598,161895037,OSD4_LINK_Q_X,1,0
1165,2023-01-20 11:08:47.634194,161896551,OSD4_LINK_Q_Y,1,0
1166,2023-01-20 11:08:47.635783,161898058,OSD4_LINK_Q_Y,1,0
1167,2023-01-20 11:08:47.637363,161899557,OSD4_TXT_RES,0,0
1168,2023-01-20 11:08:47.639144,161901247,OSD4_TXT_RES,0,0
1169,2023-01-20 11:08:47.640764,161902784,OSD4_FONT,0,0
1170,2023-01-20 11:08:47.642278,161904220,OSD4_FONT,0,0
1171,2023-01-20 11:08:47.643173,161905069,WP_NAVALT_MIN,0,0
1172,2023-01-20 11:08:47.644625,161906446,WP_NAVALT_MIN,0,0
1173,2023-01-20 11:08:47.644662,161906481,BTN_ENABLE,0,0
1174,2023-01-20 11:08:47.644705,161906522,THROW_NEXTMODE,18,18
1175,2023-01-20 11:08:47.644751,161906566,THROW_TYPE,0,0
1176,2023-01-20 11:08:47.644799,161906611,GND_EFFECT_COMP,1,1
1177,2023-01-20 11:08:47.644859,161906668,DEV_OPTIONS,0,0
1178,2023-01-20 11:08:47.644932,161906737,BCN_TYPE,0,0
1179,2023-01-20 11:08:47.644984,161906787,ACRO_THR_MID,0,0
1180,2023-01-20 11:08:47.645043,161906843,SYSID_ENFORCE,0,0
1181,2023-01-20 11:08:47.645161,161906955,STAT_BOOTCNT,83,0
1182,2023-01-20 11:08:47.645230,161907020,STAT_FLTTIME,4142,0
1183,2023-01-20 11:08:47.645291,161907078,STAT_RUNTIME,35577,0
1184,2023-01-20 11:08:47.645353,161907137,STAT_RESET,2.158871E+08,1
1185,2023-01-20 11:08:47.645419,161907199,FRAME_CLASS,1,0
1186,2023-01-20 11:08:47.645545,161907319,SERVO1_MIN,1100,1100
1187,2023-01-20 11:08:47.645619,161907389,SERVO1_MAX,1900,1900
1188,2023-01-20 11:08:47.645689,161907456,SERVO1_TRIM,1500,1500
1189,2023-01-20 11:08:47.646887,161908592,SERVO1_TRIM,1500,1500
1190,2023-01-20 11:08:47.646972,161908673,SERVO1_REVERSED,0,0
1191,2023-01-20 11:08:47.647068,161908764,SERVO1_FUNCTION,36,0
1192,2023-01-20 11:08:47.647144,161908836,SERVO2_MIN,1100,1100
1193,2023-01-20 11:08:47.647285,161908970,SERVO2_MAX,1900,1900
1194,2023-01-20 11:08:47.647363,161909044,SERVO2_TRIM,1500,1500
1195,2023-01-20 11:08:47.647445,161909121,SERVO2_REVERSED,0,0
1196,2023-01-20 11:08:47.647524,161909196,SERVO2_FUNCTION,33,0
1197,2023-01-20 11:08:47.647670,161909335,SERVO3_MIN,1100,1100
1198,2023-01-20 11:08:47.647753,161909414,SERVO3_MAX,1900,1900
1199,2023-01-20 11:08:47.647837,161909493,SERVO3_TRIM,1500,1500
1200,2023-01-20 11:08:47.647925,161909577,SERVO3_REVERSED,0,0
1201,2023-01-20 11:08:47.649546,161911114,SERVO3_REVERSED,0,0
1202,2023-01-20 11:08:47.649635,161911199,SERVO3_FUNCTION,34,0
1203,2023-01-20 11:08:47.649780,161911336,SERVO4_MIN,1100,1100
1204,2023-01-20 11:08:47.649872,161911424,SERVO4_MAX,1900,1900
1205,2023-01-20 11:08:47.649966,161911513,SERVO4_TRIM,1500,1500
1206,2023-01-20 11:08:47.650057,161911599,SERVO4_REVERSED,0,0
1207,2023-01-20 11:08:47.650157,161911694,SERVO4_FUNCTION,35,0
1208,2023-01-20 11:08:47.650273,161911804,SERVO5_MIN,1000,1100
1209,2023-01-20 11:08:47.650425,161911948,SERVO5_MAX,2000,1900
1210,2023-01-20 11:08:47.650526,161912044,SERVO5_TRIM,1500,1500
1211,2023-01-20 11:08:47.650623,161912136,SERVO5_REVERSED,0,0
1212,2023-01-20 11:08:47.652275,161913703,SERVO5_REVERSED,0,0
1213,2023-01-20 11:08:47.652393,161913815,SERVO5_FUNCTION,10,0
1214,2023-01-20 11:08:47.652552,161913966,SERVO6_MIN,1100,1100
1215,2023-01-20 11:08:47.652658,161914066,SERVO6_MAX,1900,1900
1216,2023-01-20 11:08:47.652760,161914163,SERVO6_TRIM,1500,1500
1217,2023-01-20 11:08:47.652919,161914314,SERVO6_REVERSED,0,0
1218,2023-01-20 11:08:47.653023,161914413,SERVO6_FUNCTION,0,0
1219,2023-01-20 11:08:47.653131,161914515,SERVO7_MIN,1100,1100
1220,2023-01-20 11:08:47.653242,161914621,SERVO7_MAX,1900,1900
1221,2023-01-20 11:08:47.653359,161914732,SERVO7_TRIM,1500,1500
1222,2023-01-20 11:08:47.654860,161916156,SERVO7_TRIM,1500,1500
1223,2023-01-20 11:08:47.655026,161916313,SERVO7_REVERSED,0,0
1224,2023-01-20 11:08:47.655137,161916418,SERVO7_FUNCTION,0,0
1225,2023-01-20 11:08:47.655250,161916525,SERVO8_MIN,1100,1100
1226,2023-01-20 11:08:47.655368,161916637,SERVO8_MAX,1900,1900
1227,2023-01-20 11:08:47.655497,161916760,SERVO8_TRIM,1500,1500
1228,2023-01-20 11:08:47.655690,161916943,SERVO8_REVERSED,0,0
1229,2023-01-20 11:08:47.655807,161917054,SERVO8_FUNCTION,0,0
1230,2023-01-20 11:08:47.655931,161917172,SERVO9_MIN,1100,1100
1231,2023-01-20 11:08:47.657831,161918974,SERVO9_MIN,1100,1100
1232,2023-01-20 11:08:47.657955,161919092,SERVO9_MAX,1900,1900
1233,2023-01-20 11:08:47.658076,161919206,SERVO9_TRIM,1500,1500
1234,2023-01-20 11:08:47.658260,161919381,SERVO9_REVERSED,0,0
1235,2023-01-20 11:08:47.658382,161919497,SERVO9_FUNCTION,0,0
1236,2023-01-20 11:08:47.658508,161919616,SERVO10_MIN,1100,1100
1237,2023-01-20 11:08:47.658647,161919748,SERVO10_MAX,1900,1900
1238,2023-01-20 11:08:47.658849,161919940,SERVO10_TRIM,1500,1500
1239,2023-01-20 11:08:47.660365,161921378,SERVO10_TRIM,1500,1500
1240,2023-01-20 11:08:47.660493,161921499,SERVO10_REVERSED,0,0
1241,2023-01-20 11:08:47.660626,161921625,SERVO10_FUNCTION,0,0
1242,2023-01-20 11:08:47.660767,161921759,SERVO11_MIN,1100,1100
1243,2023-01-20 11:08:47.660978,161921959,SERVO11_MAX,1900,1900
1244,2023-01-20 11:08:47.661112,161922086,SERVO11_TRIM,1500,1500
1245,2023-01-20 11:08:47.661250,161922217,SERVO11_REVERSED,0,0
1246,2023-01-20 11:08:47.661437,161922395,SERVO11_FUNCTION,0,0
1247,2023-01-20 11:08:47.662756,161923646,SERVO11_FUNCTION,0,0
1248,2023-01-20 11:08:47.662904,161923786,SERVO12_MIN,1100,1100
1249,2023-01-20 11:08:47.663110,161923982,SERVO12_MAX,1900,1900
1250,2023-01-20 11:08:47.663270,161924134,SERVO12_TRIM,1500,1500
1251,2023-01-20 11:08:47.663466,161924320,SERVO12_REVERSED,0,0
1252,2023-01-20 11:08:47.663614,161924460,SERVO12_FUNCTION,0,0
1253,2023-01-20 11:08:47.663762,161924600,SERVO13_MIN,1100,1100
1254,2023-01-20 11:08:47.665397,161926151,SERVO13_MIN,1100,1100
1255,2023-01-20 11:08:47.665597,161926341,SERVO13_MAX,1900,1900
1256,2023-01-20 11:08:47.665749,161926485,SERVO13_TRIM,1500,1500
1257,2023-01-20 11:08:47.665899,161926627,SERVO13_REVERSED,0,0
1258,2023-01-20 11:08:47.666067,161926787,SERVO13_FUNCTION,0,0
1259,2023-01-20 11:08:47.666282,161926991,SERVO14_MIN,1100,1100
1260,2023-01-20 11:08:47.666453,161927153,SERVO14_MAX,1900,1900
1261,2023-01-20 11:08:47.668038,161928657,SERVO14_MAX,1900,1900
1262,2023-01-20 11:08:47.668202,161928812,SERVO14_TRIM,1500,1500
1263,2023-01-20 11:08:47.668421,161929020,SERVO14_REVERSED,0,0
1264,2023-01-20 11:08:47.668598,161929188,SERVO14_FUNCTION,0,0
1265,2023-01-20 11:08:47.668811,161929390,SERVO15_MIN,1100,1100
1266,2023-01-20 11:08:47.668976,161929546,SERVO15_MAX,1900,1900
1267,2023-01-20 11:08:47.669132,161929695,SERVO15_TRIM,1500,1500
1268,2023-01-20 11:08:47.671513,161931953,SERVO15_TRIM,1500,1500
1269,2023-01-20 11:08:47.671678,161932110,SERVO15_REVERSED,0,0
1270,2023-01-20 11:08:47.671918,161932337,SERVO15_FUNCTION,0,0
1271,2023-01-20 11:08:47.672083,161932494,SERVO16_MIN,1100,1100
1272,2023-01-20 11:08:47.672250,161932652,SERVO16_MAX,1900,1900
1273,2023-01-20 11:08:47.672431,161932824,SERVO16_TRIM,1500,1500
1275,2023-01-20 11:08:47.673426,161933768,SERVO16_TRIM,1500,1500
1276,2023-01-20 11:08:47.673665,161933995,SERVO16_REVERSED,0,0
1277,2023-01-20 11:08:47.673834,161934155,SERVO16_FUNCTION,0,0
1278,2023-01-20 11:08:47.674084,161934392,SERVO_RATE,50,50
1279,2023-01-20 11:08:47.674261,161934560,SERVO_SBUS_RATE,50,50
1280,2023-01-20 11:08:47.674437,161934727,SERVO_BLH_MASK,0,0
1281,2023-01-20 11:08:47.675977,161936188,SERVO_BLH_MASK,0,0
1282,2023-01-20 11:08:47.676227,161936425,SERVO_BLH_AUTO,0,0
1283,2023-01-20 11:08:47.676408,161936597,SERVO_BLH_TEST,0,0
1284,2023-01-20 11:08:47.676587,161936767,SERVO_BLH_TMOUT,0,0
1285,2023-01-20 11:08:47.676847,161937013,SERVO_BLH_TRATE,10,10
1286,2023-01-20 11:08:47.677032,161937189,SERVO_BLH_DEBUG,0,0
1287,2023-01-20 11:08:47.678575,161938652,SERVO_BLH_DEBUG,0,0
1288,2023-01-20 11:08:47.678759,161938827,SERVO_BLH_OTYPE,0,0
1289,2023-01-20 11:08:47.679012,161939067,SERVO_BLH_PORT,0,0
1290,2023-01-20 11:08:47.679194,161939240,SERVO_BLH_POLES,14,14
1291,2023-01-20 11:08:47.679451,161939483,SERVO_BLH_3DMASK,0,0
1292,2023-01-20 11:08:47.679639,161939662,SERVO_BLH_RVMASK,0,0
1293,2023-01-20 11:08:47.681207,161941149,SERVO_BLH_RVMASK,0,0
1294,2023-01-20 11:08:47.681466,161941395,SERVO_DSHOT_RATE,0,0
1295,2023-01-20 11:08:47.681654,161941573,SERVO_DSHOT_ESC,0,0
1296,2023-01-20 11:08:47.681839,161941749,SERVO_GPIO_MASK,0,0
1297,2023-01-20 11:08:47.682096,161941993,RC1_MIN,1055,1100
1298,2023-01-20 11:08:47.682292,161942179,RC1_TRIM,1506,1500
1299,2023-01-20 11:08:47.684236,161944023,RC1_TRIM,1506,1500
1300,2023-01-20 11:08:47.684432,161944209,RC1_MAX,1956,1900
1301,2023-01-20 11:08:47.684707,161944470,RC1_REVERSED,0,0
1302,2023-01-20 11:08:47.684905,161944657,RC1_DZ,20,20
1303,2023-01-20 11:08:47.685099,161944841,RC1_OPTION,0,0
1304,2023-01-20 11:08:47.685366,161945095,RC2_MIN,1055,1100
1305,2023-01-20 11:08:47.686485,161946156,RC2_MIN,1055,1100
1306,2023-01-20 11:08:47.686776,161946432,RC2_TRIM,1505,1500
1307,2023-01-20 11:08:47.686979,161946625,RC2_MAX,1956,1900
1308,2023-01-20 11:08:47.687180,161946815,RC2_REVERSED,0,0
1309,2023-01-20 11:08:47.687453,161947074,RC2_DZ,20,20
1310,2023-01-20 11:08:47.689180,161948713,RC2_DZ,20,20
1311,2023-01-20 11:08:47.689452,161948971,RC2_OPTION,0,0
1312,2023-01-20 11:08:47.689665,161949173,RC3_MIN,1054,1100
1313,2023-01-20 11:08:47.689922,161949417,RC3_TRIM,1054,1500
1314,2023-01-20 11:08:47.690149,161949632,RC3_MAX,1956,1900
1315,2023-01-20 11:08:47.691761,161951161,RC3_MAX,1956,1900
1316,2023-01-20 11:08:47.692021,161951408,RC3_REVERSED,0,0
1317,2023-01-20 11:08:47.692241,161951617,RC3_DZ,30,30
1318,2023-01-20 11:08:47.692451,161951816,RC3_OPTION,0,0
1319,2023-01-20 11:08:47.692737,161952087,RC4_MIN,1066,1100
1320,2023-01-20 11:08:47.694469,161953730,RC4_MIN,1066,1100
1321,2023-01-20 11:08:47.694749,161953996,RC4_TRIM,1505,1500
1322,2023-01-20 11:08:47.694960,161954196,RC4_MAX,1956,1900
1323,2023-01-20 11:08:47.695234,161954456,RC4_REVERSED,0,0
1324,2023-01-20 11:08:47.695465,161954675,RC4_DZ,20,20
1325,2023-01-20 11:08:47.697434,161956543,RC4_DZ,20,20
1326,2023-01-20 11:08:47.697667,161956764,RC4_OPTION,0,0
1327,2023-01-20 11:08:47.697955,161957037,RC5_MIN,1000,1100
1328,2023-01-20 11:08:47.698172,161957243,RC5_TRIM,1500,1500
1329,2023-01-20 11:08:47.698445,161957502,RC5_MAX,2000,1900
1330,2023-01-20 11:08:47.700117,161959088,RC5_MAX,2000,1900
1331,2023-01-20 11:08:47.700392,161959349,RC5_REVERSED,0,0
1332,2023-01-20 11:08:47.700616,161959561,RC5_DZ,0,0
1333,2023-01-20 11:08:47.700851,161959784,RC5_OPTION,0,0
1334,2023-01-20 11:08:47.701146,161960064,RC6_MIN,1000,1100
1335,2023-01-20 11:08:47.702315,161961173,RC6_MIN,1000,1100
1336,2023-01-20 11:08:47.702621,161961464,RC6_TRIM,1500,1500
1337,2023-01-20 11:08:47.702871,161961701,RC6_MAX,2000,1900
1338,2023-01-20 11:08:47.703183,161961997,RC6_REVERSED,0,0
1339,2023-01-20 11:08:47.703418,161962220,RC6_DZ,0,0
1340,2023-01-20 11:08:47.705031,161963750,RC6_DZ,0,0
1341,2023-01-20 11:08:47.705341,161964044,RC6_OPTION,0,0
1342,2023-01-20 11:08:47.705632,161964320,RC7_MIN,1000,1100
1343,2023-01-20 11:08:47.705875,161964550,RC7_TRIM,1500,1500
1344,2023-01-20 11:08:47.706134,161964796,RC7_MAX,2000,1900
1345,2023-01-20 11:08:47.707670,161966253,RC7_MAX,2000,1900
1346,2023-01-20 11:08:47.707966,161966534,RC7_REVERSED,0,0
1347,2023-01-20 11:08:47.708229,161966783,RC7_DZ,0,0
1348,2023-01-20 11:08:47.708541,161967079,RC7_OPTION,0,0
1349,2023-01-20 11:08:47.708843,161967366,RC8_MIN,1000,1100
1350,2023-01-20 11:08:47.710630,161969061,RC8_MIN,1000,1100
1351,2023-01-20 11:08:47.710932,161969348,RC8_TRIM,1500,1500
1352,2023-01-20 11:08:47.711189,161969591,RC8_MAX,2000,1900
1353,2023-01-20 11:08:47.711455,161969844,RC8_REVERSED,0,0
1354,2023-01-20 11:08:47.711778,161970150,RC8_DZ,0,0
1355,2023-01-20 11:08:47.712880,161971196,RC8_DZ,0,0
1356,2023-01-20 11:08:47.713207,161971506,RC8_OPTION,0,0
1357,2023-01-20 11:08:47.713462,161971748,RC9_MIN,1000,1100
1358,2023-01-20 11:08:47.713820,161972087,RC9_TRIM,1500,1500
1360,2023-01-20 11:08:47.715579,161973756,RC9_TRIM,1500,1500
1361,2023-01-20 11:08:47.715911,161974071,RC9_MAX,2000,1900
1362,2023-01-20 11:08:47.716222,161974366,RC9_REVERSED,0,0
1363,2023-01-20 11:08:47.716473,161974604,RC9_DZ,0,0
1364,2023-01-20 11:08:47.716724,161974842,RC9_OPTION,0,0
1365,2023-01-20 11:08:47.718171,161976215,RC9_OPTION,0,0
1366,2023-01-20 11:08:47.718482,161976510,RC10_MIN,1000,1100
1367,2023-01-20 11:08:47.718738,161976753,RC10_TRIM,1500,1500
1368,2023-01-20 11:08:47.719068,161977066,RC10_MAX,2000,1900
1369,2023-01-20 11:08:47.719387,161977368,RC10_REVERSED,0,0
1370,2023-01-20 11:08:47.720770,161978680,RC10_REVERSED,0,0
1371,2023-01-20 11:08:47.721086,161978980,RC10_DZ,0,0
1372,2023-01-20 11:08:47.721370,161979250,RC10_OPTION,0,0
1373,2023-01-20 11:08:47.721690,161979553,RC11_MIN,1000,1100
1374,2023-01-20 11:08:47.721952,161979802,RC11_TRIM,1500,1500
1375,2023-01-20 11:08:47.723775,161981531,RC11_TRIM,1500,1500
1376,2023-01-20 11:08:47.724037,161981780,RC11_MAX,2000,1900
1377,2023-01-20 11:08:47.724377,161982102,RC11_REVERSED,0,0
1378,2023-01-20 11:08:47.724704,161982412,RC11_DZ,0,0
1379,2023-01-20 11:08:47.724975,161982669,RC11_OPTION,0,0
1380,2023-01-20 11:08:47.726060,161983699,RC11_OPTION,0,0
1381,2023-01-20 11:08:47.726413,161984034,RC12_MIN,1000,1100
1382,2023-01-20 11:08:47.726770,161984372,RC12_TRIM,1500,1500
1383,2023-01-20 11:08:47.727040,161984628,RC12_MAX,2000,1900
1384,2023-01-20 11:08:47.728686,161986190,RC12_MAX,2000,1900
1385,2023-01-20 11:08:47.729010,161986497,RC12_REVERSED,0,0
1386,2023-01-20 11:08:47.729282,161986755,RC12_DZ,0,0
1387,2023-01-20 11:08:47.729618,161987074,RC12_OPTION,0,0
1388,2023-01-20 11:08:47.731318,161988687,RC12_OPTION,0,0
1389,2023-01-20 11:08:47.731653,161989004,RC13_MIN,1000,1100
1390,2023-01-20 11:08:47.732008,161989341,RC13_TRIM,1500,1500
1391,2023-01-20 11:08:47.732290,161989609,RC13_MAX,2000,1900
1392,2023-01-20 11:08:47.733940,161991174,RC13_MAX,2000,1900
1393,2023-01-20 11:08:47.734295,161991511,RC13_REVERSED,0,0
1394,2023-01-20 11:08:47.734574,161991775,RC13_DZ,0,0
1395,2023-01-20 11:08:47.734912,161992096,RC13_OPTION,0,0
1399,2023-01-20 11:08:47.737090,161994162,RC13_OPTION,0,0
1400,2023-01-20 11:08:47.737458,161994511,RC14_MIN,1000,1100
1401,2023-01-20 11:08:47.737741,161994780,RC14_TRIM,1500,1500
1402,2023-01-20 11:08:47.738084,161995105,RC14_MAX,2000,1900
1427,2023-01-20 11:08:47.739896,161996824,RC14_MAX,2000,1900
1428,2023-01-20 11:08:47.740246,161997156,RC14_REVERSED,0,0
1429,2023-01-20 11:08:47.740614,161997505,RC14_DZ,0,0
1430,2023-01-20 11:08:47.740895,161997772,RC14_OPTION,0,0
1431,2023-01-20 11:08:47.741841,161998669,RC14_OPTION,0,0
1432,2023-01-20 11:08:47.742192,161999002,RC15_MIN,1000,1100
1433,2023-01-20 11:08:47.742545,161999337,RC15_TRIM,1500,1500
1434,2023-01-20 11:08:47.742852,161999628,RC15_MAX,2000,1900
1435,2023-01-20 11:08:47.744529,162001219,RC15_MAX,2000,1900
1436,2023-01-20 11:08:47.744898,162001569,RC15_REVERSED,0,0
1437,2023-01-20 11:08:47.745191,162001847,RC15_DZ,0,0
1438,2023-01-20 11:08:47.745542,162002180,RC15_OPTION,0,0
1439,2023-01-20 11:08:47.747142,162003698,RC15_OPTION,0,0
1440,2023-01-20 11:08:47.747496,162004034,RC16_MIN,1000,1100
1441,2023-01-20 11:08:47.747855,162004374,RC16_TRIM,1500,1500
1442,2023-01-20 11:08:47.748184,162004686,RC16_MAX,2000,1900
1443,2023-01-20 11:08:47.750154,162006555,RC16_MAX,2000,1900
1444,2023-01-20 11:08:47.750453,162006839,RC16_REVERSED,0,0
1445,2023-01-20 11:08:47.750817,162007184,RC16_DZ,0,0
1446,2023-01-20 11:08:47.751179,162007527,RC16_OPTION,0,0
1447,2023-01-20 11:08:47.752392,162008678,RC16_OPTION,0,0
1448,2023-01-20 11:08:47.752772,162009039,RC_OVERRIDE_TIME,3,3
1449,2023-01-20 11:08:47.753135,162009383,RC_OPTIONS,32,32
1450,2023-01-20 11:08:47.753452,162009684,RC_PROTOCOLS,1,1
1451,2023-01-20 11:08:47.755044,162011194,RC_PROTOCOLS,1,1
1452,2023-01-20 11:08:47.755414,162011545,TCAL_ENABLED,0,0
1453,2023-01-20 11:08:47.755764,162011877,SRTL_ACCURACY,2,2
1454,2023-01-20 11:08:47.756113,162012208,SRTL_POINTS,300,300
1456,2023-01-20 11:08:47.757760,162013770,SRTL_POINTS,300,300
1457,2023-01-20 11:08:47.758138,162014129,SRTL_OPTIONS,0,0
1458,2023-01-20 11:08:47.758515,162014487,WINCH_TYPE,0,0
1459,2023-01-20 11:08:47.758862,162014816,PILOT_SPEED_DN,0,0
1460,2023-01-20 11:08:47.760373,162016249,PILOT_SPEED_DN,0,0
1461,2023-01-20 11:08:47.760751,162016608,LAND_ALT_LOW,1000,1000
1462,2023-01-20 11:08:47.761152,162016988,FOLL_ENABLE,0,0
1463,2023-01-20 11:08:47.761543,162017359,AUTOTUNE_AXES,7,7
1464,2023-01-20 11:08:47.763371,162019093,AUTOTUNE_AXES,7,7
1465,2023-01-20 11:08:47.763770,162019472,AUTOTUNE_AGGR,0.1,0.1
1466,2023-01-20 11:08:47.764121,162019805,AUTOTUNE_MIN_D,0.001,0.001
1467,2023-01-20 11:08:47.764515,162020179,TUNE_MIN,0,0
1468,2023-01-20 11:08:47.765875,162021469,TUNE_MIN,0,0
1469,2023-01-20 11:08:47.766226,162021802,TUNE_MAX,0,0
1470,2023-01-20 11:08:47.766631,162022186,SID_AXIS,0,0
1471,2023-01-20 11:08:47.767037,162022571,FS_VIBE_ENABLE,1,1
1472,2023-01-20 11:08:47.768244,162023716,FS_VIBE_ENABLE,1,1
1473,2023-01-20 11:08:47.768680,162024130,FS_OPTIONS,16,16
1474,2023-01-20 11:08:47.769101,162024529,ZIGZ_AUTO_ENABLE,0,0
1475,2023-01-20 11:08:47.769546,162024951,ACRO_OPTIONS,0,0
1476,2023-01-20 11:08:47.770912,162026247,ACRO_OPTIONS,0,0
1477,2023-01-20 11:08:47.771332,162026645,AUTO_OPTIONS,0,0
1478,2023-01-20 11:08:47.771770,162027061,GUID_OPTIONS,0,0
1479,2023-01-20 11:08:47.772192,162027461,FS_GCS_TIMEOUT,5,5
1480,2023-01-20 11:08:47.773528,162028729,FS_GCS_TIMEOUT,5,5
1481,2023-01-20 11:08:47.773965,162029143,RTL_OPTIONS,0,0
1482,2023-01-20 11:08:47.774388,162029544,FLIGHT_OPTIONS,0,0
1483,2023-01-20 11:08:47.774825,162029959,RNGFND_FILT,0.5,0.5
1484,2023-01-20 11:08:47.776720,162031757,RNGFND_FILT,0.5,0.5
1485,2023-01-20 11:08:47.777167,162032181,GUID_TIMEOUT,3,3
1486,2023-01-20 11:08:47.777592,162032584,SURFTRAK_MODE,1,1
1487,2023-01-20 11:08:47.778038,162033007,FS_DR_ENABLE,2,2
1488,2023-01-20 11:08:47.779016,162033935,FS_DR_ENABLE,2,2
1489,2023-01-20 11:08:47.779457,162034353,FS_DR_TIMEOUT,30,30
1490,2023-01-20 11:08:47.779837,162034714,ACRO_RP_RATE,360,360
1491,2023-01-20 11:08:47.780296,162035149,ACRO_RP_EXPO,0.3,0.3
1492,2023-01-20 11:08:47.781583,162036370,ACRO_RP_EXPO,0.3,0.3
1493,2023-01-20 11:08:47.781966,162036733,ACRO_RP_RATE_TC,0,0
1494,2023-01-20 11:08:47.782421,162037165,ACRO_Y_RATE,202.5,202.5
1495,2023-01-20 11:08:47.784086,162038744,ACRO_Y_RATE,202.5,202.5
1496,2023-01-20 11:08:47.784538,162039173,ACRO_Y_EXPO,0,0
1497,2023-01-20 11:08:47.784973,162039586,ACRO_Y_RATE_TC,0,0
1498,2023-01-20 11:08:47.786714,162041237,ACRO_Y_RATE_TC,0,0
1499,2023-01-20 11:08:47.787151,162041652,PILOT_Y_RATE,202.5,202.5
1500,2023-01-20 11:08:47.787581,162042060,PILOT_Y_EXPO,0,0
1501,2023-01-20 11:08:47.788033,162042489,PILOT_Y_RATE_TC,0,0
1502,2023-01-20 11:08:47.789981,162044337,PILOT_Y_RATE_TC,0,0
1503,2023-01-20 11:08:47.790363,162044699,TKOFF_SLEW_TIME,2,2
1504,2023-01-20 11:08:47.790801,162045114,TKOFF_RPM_MIN,0,0
1505,2023-01-20 11:08:47.791994,162046246,TKOFF_RPM_MIN,0,0
1506,2023-01-20 11:08:47.792335,162046570,CAM_RC_TYPE,0,0
1507,2023-01-20 11:08:47.792378,162046611,VTX_ENABLE,0,0
1508,2023-01-20 11:08:47.792429,162046659,MSP_OSD_NCELLS,0,0
1509,2023-01-20 11:08:47.792488,162046715,MSP_OPTIONS,0,0
1510,2023-01-20 11:08:47.792546,162046770,FRSKY_UPLINK_ID,13,13
1511,2023-01-20 11:08:47.792608,162046829,FRSKY_DNLINK1_ID,20,20
1512,2023-01-20 11:08:47.792728,162046943,FRSKY_DNLINK2_ID,7,7
1513,2023-01-20 11:08:47.792797,162047008,FRSKY_DNLINK_ID,27,27
1514,2023-01-20 11:08:47.792858,162047066,FRSKY_OPTIONS,0,0
1515,2023-01-20 11:08:47.794530,162048652,FRSKY_OPTIONS,0,0
1516,2023-01-20 11:08:47.794605,162048723,CUST_ROT_ENABLE,0,0
1517,2023-01-20 11:08:47.794683,162048797,ESC_TLM_MAV_OFS,0,0
1518,2023-01-20 11:08:47.794832,162048938,FENCE_ENABLE,0,0
1519,2023-01-20 11:08:47.794924,162049026,FENCE_TYPE,7,7
1520,2023-01-20 11:08:47.795013,162049110,FENCE_ACTION,1,1
1521,2023-01-20 11:08:47.795117,162049209,FENCE_ALT_MAX,100,100
1522,2023-01-20 11:08:47.795266,162049350,FENCE_RADIUS,300,300
1523,2023-01-20 11:08:47.795355,162049435,FENCE_MARGIN,2,2
1524,2023-01-20 11:08:47.795450,162049525,FENCE_TOTAL,0,0
1525,2023-01-20 11:08:47.795554,162049623,FENCE_ALT_MIN,-10,-10
1526,2023-01-20 11:08:47.797166,162051153,FENCE_ALT_MIN,-10,-10
9120,2023-01-20 11:09:08.803375,183098012,STAT_FLTTIME,4156,NaN
9121,2023-01-20 11:09:08.805925,183100562,STAT_RUNTIME,35607,NaN
19267,2023-01-20 11:09:39.723389,214097776,STAT_FLTTIME,4187,NaN
19268,2023-01-20 11:09:39.727567,214101953,STAT_RUNTIME,35638,NaN
29156,2023-01-20 11:10:09.663905,244098323,STAT_FLTTIME,4217,NaN
29157,2023-01-20 11:10:09.667519,244101936,STAT_RUNTIME,35668,NaN
39347,2023-01-20 11:10:40.603526,275098212,STAT_FLTTIME,4248,NaN
39348,2023-01-20 11:10:40.607044,275101730,STAT_RUNTIME,35699,NaN
49585,2023-01-20 11:11:11.543727,306098116,STAT_FLTTIME,4279,NaN
49586,2023-01-20 11:11:11.547624,306102014,STAT_RUNTIME,35730,NaN
59822,2023-01-20 11:11:42.475818,337097790,STAT_FLTTIME,4310,NaN
59823,2023-01-20 11:11:42.478126,337100330,STAT_RUNTIME,35761,NaN
69660,2023-01-20 11:12:12.403520,367098148,STAT_FLTTIME,4340,NaN
69661,2023-01-20 11:12:12.406131,367100760,STAT_RUNTIME,35791,NaN
79897,2023-01-20 11:12:43.343639,398098028,STAT_FLTTIME,4371,NaN
79898,2023-01-20 11:12:43.346371,398100760,STAT_RUNTIME,35822,NaN
90135,2023-01-20 11:13:14.283287,429097667,STAT_FLTTIME,4402,NaN
90136,2023-01-20 11:13:14.285786,429100166,STAT_RUNTIME,35853,NaN
100304,2023-01-20 11:13:45.221575,460098084,STAT_FLTTIME,4433,NaN
100305,2023-01-20 11:13:45.224063,460100822,STAT_RUNTIME,35884,NaN
110534,2023-01-20 11:14:16.143362,491097717,STAT_FLTTIME,4464,NaN
110535,2023-01-20 11:14:16.145812,491100167,STAT_RUNTIME,35915,NaN
120772,2023-01-20 11:14:47.083347,522097706,STAT_FLTTIME,4495,NaN
120773,2023-01-20 11:14:47.085814,522100173,STAT_RUNTIME,35946,NaN
131011,2023-01-20 11:15:18.023397,553097746,STAT_FLTTIME,4526,NaN
131012,2023-01-20 11:15:18.025859,553100208,STAT_RUNTIME,35977,NaN
141169,2023-01-20 11:15:48.963356,584097736,STAT_FLTTIME,4557,NaN
141170,2023-01-20 11:15:48.965845,584100225,STAT_RUNTIME,36008,NaN
151407,2023-01-20 11:16:19.883923,615098144,STAT_FLTTIME,4588,NaN
151408,2023-01-20 11:16:19.886655,615100876,STAT_RUNTIME,36039,NaN
161648,2023-01-20 11:16:50.823351,646097766,STAT_FLTTIME,4619,NaN
161649,2023-01-20 11:16:50.825897,646100312,STAT_RUNTIME,36070,NaN
171824,2023-01-20 11:17:21.765548,677099967,STAT_FLTTIME,4650,NaN
171825,2023-01-20 11:17:21.767818,677102237,STAT_RUNTIME,36101,NaN
182047,2023-01-20 11:17:52.703025,708097743,STAT_FLTTIME,4681,NaN
182048,2023-01-20 11:17:52.705512,708100230,STAT_RUNTIME,36132,NaN
192285,2023-01-20 11:18:23.643387,739097771,STAT_FLTTIME,4712,NaN
192286,2023-01-20 11:18:23.645983,739100367,STAT_RUNTIME,36163,NaN
202474,2023-01-20 11:18:54.563452,770097818,STAT_FLTTIME,4743,NaN
202475,2023-01-20 11:18:54.565956,770100324,STAT_RUNTIME,36194,NaN
212686,2023-01-20 11:19:25.503335,801097954,STAT_FLTTIME,4774,NaN
212687,2023-01-20 11:19:25.505768,801100387,STAT_RUNTIME,36225,NaN
222875,2023-01-20 11:19:56.443458,832097832,STAT_FLTTIME,4805,NaN
222876,2023-01-20 11:19:56.445958,832100333,STAT_RUNTIME,36256,NaN
233111,2023-01-20 11:20:27.363446,863097707,STAT_FLTTIME,4836,NaN
233112,2023-01-20 11:20:27.365932,863100194,STAT_RUNTIME,36287,NaN
243342,2023-01-20 11:20:58.303490,894098102,STAT_FLTTIME,4867,NaN
243343,2023-01-20 11:20:58.306219,894100830,STAT_RUNTIME,36318,NaN
253512,2023-01-20 11:21:29.243422,925097828,STAT_FLTTIME,4898,NaN
253513,2023-01-20 11:21:29.245934,925100339,STAT_RUNTIME,36349,NaN
263382,2023-01-20 11:21:59.183388,955098386,STAT_FLTTIME,4928,NaN
263383,2023-01-20 11:21:59.185803,955100801,STAT_RUNTIME,36379,NaN
273426,2023-01-20 11:22:30.123433,986098439,STAT_FLTTIME,4959,NaN
273427,2023-01-20 11:22:30.125918,986100924,STAT_RUNTIME,36410,NaN
282797,2023-01-20 11:22:59.043054,1015078072,MOT_THST_HOVER,0.3541417,NaN
283435,2023-01-20 11:23:01.057953,1017098581,STAT_FLTTIME,4988,NaN
283436,2023-01-20 11:23:01.060180,1017101031,STAT_RUNTIME,36441,NaN
